player_name,team,league,season,age,market_value,minutes,score,creation_score,buildup_score,scoring_score,xA_p90,key_passes_p90,xGChain_p90,xGBuildup_p90,npxG_p90,shots_p90,market_value_m,score_per_million
Jonas Hofmann,Borussia M.Gladbach,Bundesliga,2022,31.0,13000000.0,2703,83.49056603773585,99.0566037735849,68.8679245283019,82.38993710691824,0.3687463496211135,3.2963374028856824,0.6122556593389014,0.2425607795993509,0.2186407742362374,1.498335183129856,13.0,6.422351233671988
Casemiro,Manchester United,EPL,2022,31.3,40000000.0,2127,79.96069182389937,71.54088050314465,95.59748427672956,71.54088050314465,0.1638546846255303,1.1847672778561351,0.7992269833570895,0.5873942388318826,0.132901631151188,1.438645980253879,40.0,1.999017295597484
Casemiro,Manchester United,EPL,2024,33.3,10000000.0,1519,63.61436950146627,64.07624633431085,53.0791788856305,75.36656891495602,0.1286165086384507,1.30348913759052,0.4225463590353551,0.2986445372839598,0.1148877616780439,1.8959842001316656,10.0,6.3614369501466275
Thomas Mangani,Ajaccio,Ligue 1,2022,36.2,400000.0,1308,33.577044025157235,72.0125786163522,6.132075471698114,20.75471698113208,0.1059032094434177,1.8577981651376148,0.1434644241176477,0.1294006990832746,0.0201161892084968,0.756880733944954,0.4,83.94261006289308
Andrés Guardado,Real Betis,La Liga,2022,36.8,1500000.0,1378,36.46226415094339,39.30817610062893,54.088050314465406,12.57861635220126,0.0855558770147783,0.7837445573294629,0.3539326643241443,0.2824008268748879,0.0150164652951007,0.5224963715529753,1.5,24.308176100628927
Luka Modric,Real Madrid,La Liga,2022,37.8,10000000.0,1756,89.26100628930817,94.81132075471696,96.06918238993713,74.84276729559748,0.2628123175123693,2.152619589977221,0.8175875353870875,0.5915769924895503,0.1375164486497538,1.5375854214123008,10.0,8.926100628930817
Luka Modric,Real Madrid,La Liga,2023,38.8,6000000.0,1673,84.70404984423675,98.4423676012461,98.4423676012461,52.64797507788162,0.4114354830190708,2.958756724447101,0.918280205879198,0.7773903271576388,0.0664091597990902,1.3448894202032278,6.0,14.117341640706124
Luka Modric,Real Madrid,La Liga,2024,39.8,4000000.0,1774,84.48680351906157,99.5601173020528,98.97360703812316,50.0,0.4006581649440419,3.3483652762119505,0.9921824294137176,0.7937844343832039,0.0820281161068862,1.116121758737317,4.0,21.121700879765392
Toni Kroos,Real Madrid,La Liga,2022,33.5,15000000.0,2181,81.10062893081759,92.45283018867924,96.54088050314463,49.84276729559748,0.2038233923345312,2.2283356258596974,0.7629336148213488,0.6973264142973388,0.0495544158081118,1.2792297111416782,15.0,5.4067085953878395
Toni Kroos,Real Madrid,La Liga,2023,34.5,10000000.0,2152,84.2056074766355,93.45794392523364,96.26168224299064,59.345794392523366,0.2540318427095017,2.592936802973977,0.8293114484505915,0.7746099094517501,0.0722760342920136,1.4637546468401488,10.0,8.42056074766355
Ivan Rakitic,Sevilla,La Liga,2022,35.3,4000000.0,1788,63.183962264150935,61.63522012578616,63.36477987421383,64.77987421383648,0.0904097879499247,1.4093959731543624,0.4173891773313009,0.3241648679230387,0.0796392353035934,1.5604026845637586,4.0,15.795990566037734
Ivan Rakitic,Sevilla,La Liga,2023,36.3,3500000.0,1438,63.2632398753894,91.90031152647975,33.177570093457945,64.95327102803739,0.2073501533814427,3.0667593880389434,0.3046105309844182,0.2288765527932323,0.0676149165229314,2.0027816411682893,3.5,18.075211392968402
Marco Reus,Borussia Dortmund,Bundesliga,2023,35.1,5000000.0,1625,89.72741433021807,93.30218068535824,80.68535825545172,96.10591900311526,0.3376160006397045,1.9938461538461536,0.7874021592048498,0.3298766293032811,0.4370086727692531,2.3261538461538462,5.0,17.945482866043612
Mathieu Coutadeur,Ajaccio,Ligue 1,2022,37.3,200000.0,1964,11.226415094339623,14.150943396226417,16.9811320754717,1.10062893081761,0.0421576675211597,0.4582484725050916,0.1884380157594995,0.1797232847962369,0.0026970703340687,0.1832993890020366,0.2,56.132075471698116
Milan Badelj,Genoa,Serie A,2023,35.3,800000.0,2588,16.503115264797508,16.978193146417446,7.476635514018691,26.4797507788162,0.0336817947829536,0.6259659969088099,0.1844583427817078,0.1464583530987525,0.0463603515576692,0.7302936630602782,0.8,20.628894080996883
Milan Badelj,Genoa,Serie A,2024,36.3,800000.0,1525,35.96774193548387,32.69794721407625,43.54838709677419,30.93841642228739,0.0717620428101938,0.7081967213114754,0.3805522292363839,0.2625322519877894,0.0564842870000932,0.7672131147540985,0.8,44.95967741935484
Miguel Veloso,Verona,Serie A,2022,37.1,500000.0,1169,44.81132075471698,76.25786163522014,6.761006289308176,52.51572327044025,0.1496199915349687,1.4627887082976905,0.1909305889341084,0.1084801109174666,0.061315210891443,1.2318220701454234,0.5,89.62264150943396
Sebastian Rode,Eintracht Frankfurt,Bundesliga,2022,32.7,2000000.0,1440,42.161949685534594,25.943396226415096,72.48427672955975,25.70754716981132,0.0488040155032649,0.75,0.4644967382773756,0.3867884359788149,0.0488943242235109,0.5625,2.0,21.080974842767297
Moussa Sissoko,Nantes,Ligue 1,2022,33.9,2500000.0,1927,33.459119496855344,27.672955974842765,23.58490566037736,51.72955974842767,0.0395537633110527,0.8406850025947068,0.284238573865502,0.1549569311874112,0.1237754875791153,0.7939802802283341,2.5,13.383647798742137
Lars Stindl,Borussia M.Gladbach,Bundesliga,2022,34.8,1000000.0,1761,91.14779874213836,94.65408805031448,82.0754716981132,97.64150943396228,0.298512307720757,2.044293015332197,0.7556961389540916,0.3274065131413571,0.297163412945894,2.5553662691652472,1.0,91.14779874213836
Albin Ekdal,Spezia,Serie A,2022,33.9,800000.0,1731,43.7185534591195,28.930817610062896,45.44025157232704,58.9622641509434,0.0837910891328155,0.5199306759098787,0.3684149545809476,0.2241408593623384,0.1410820660709147,0.9878682842287696,0.8,54.64819182389937
Mateo Kovacic,Chelsea,EPL,2022,29.1,38000000.0,1700,58.6320754716981,56.76100628930818,63.99371069182389,54.55974842767296,0.0949355438625549,1.2176470588235293,0.4311216784202877,0.3133410682792172,0.0702150685603127,1.2176470588235293,38.0,1.542949354518371
Mateo Kovacic,Manchester City,EPL,2023,30.2,30000000.0,1540,70.54517133956386,59.190031152647975,94.70404984423676,55.60747663551402,0.0985089036478818,1.2272727272727273,0.7897761241811049,0.7145236160896427,0.0835361403062359,1.2857142857142856,30.0,2.3515057113187954
Mateo Kovacic,Manchester City,EPL,2024,31.2,20000000.0,2220,75.41055718475073,70.23460410557186,90.17595307917888,64.22287390029325,0.1494112118600389,1.337837837837838,0.6824208544818936,0.5413405082717135,0.0732191678488979,1.8243243243243243,20.0,3.7705278592375366
Willian,Fulham,EPL,2022,34.9,3000000.0,2174,68.58490566037736,92.29559748427673,36.0062893081761,78.9308176100629,0.2087387812290453,2.111315547378105,0.39701784000044,0.1567812379459887,0.1400603979942496,1.6973321067157314,3.0,22.861635220125788
Dominick Drexler,Schalke 04,Bundesliga,2022,33.1,750000.0,1370,65.43238993710692,75.47169811320754,53.93081761006289,67.13836477987422,0.1721788925411057,1.248175182481752,0.5027722938489304,0.1973282389451552,0.1745382858317916,1.0510948905109487,0.75,87.24318658280923
Kevin Kampl,RasenBallsport Leipzig,Bundesliga,2022,32.7,3500000.0,1366,48.61635220125787,37.57861635220126,81.9182389937107,22.641509433962263,0.0741864952066501,0.7906295754026355,0.5198641939260513,0.4308169917101218,0.0483432882581326,0.4612005856515373,3.5,13.890386343216534
Kevin Kampl,RasenBallsport Leipzig,Bundesliga,2023,33.7,3500000.0,1348,40.29595015576325,43.30218068535825,66.35514018691589,6.386292834890965,0.0772030503511185,0.9347181008902076,0.4276262882278917,0.3619112378920397,0.0126587465068308,0.400593471810089,3.5,11.513128615932358
Kevin Kampl,RasenBallsport Leipzig,Bundesliga,2024,34.7,,1598,46.75219941348973,42.66862170087977,75.07331378299119,18.475073313782996,0.0836636663737412,0.8448060075093868,0.4905113721445893,0.4540370666749486,0.0476810660036059,0.3942428035043804,,
Tolgay Arslan,Udinese,Serie A,2022,32.9,1400000.0,1160,73.91509433962264,64.15094339622641,74.52830188679246,84.59119496855347,0.1275636070279469,1.1637931034482758,0.4930320156192214,0.3661805152860952,0.1500276076960666,1.9396551724137927,1.4,52.796495956873315
Ilkay Gündogan,Manchester City,EPL,2022,32.7,20000000.0,2369,86.98899371069182,71.69811320754717,96.38364779874216,93.8679245283019,0.1308607130789867,1.405656395103419,0.8955843855794747,0.5888095574116169,0.2690322436753986,2.051498522583368,20.0,4.349449685534591
Ilkay Gündogan,Barcelona,La Liga,2023,33.7,15000000.0,3014,88.27881619937695,96.57320872274144,95.17133956386292,70.5607476635514,0.3158265186872953,2.896483078964831,0.9134866308368984,0.5975566995988323,0.1724335157597349,1.2840079628400798,15.0,5.885254413291796
Ilkay Gündogan,Manchester City,EPL,2024,34.7,5000000.0,2231,77.65395894428153,75.80645161290323,94.28152492668622,60.410557184750736,0.1479643995651131,1.6943074854325415,0.7788406481781865,0.5891236405550819,0.1382352539735998,1.089197669206634,5.0,15.530791788856305
Nicolas Höfler,Freiburg,Bundesliga,2022,33.3,2500000.0,2828,22.23270440251572,7.075471698113208,31.91823899371069,28.61635220125786,0.0351940762960316,0.1591230551626591,0.2591080058733583,0.2227988980988454,0.0504924720475948,0.6683168316831682,2.5,8.893081761006288
Lewis Holtby,Holstein Kiel,Bundesliga,2024,34.8,500000.0,1155,60.43988269794721,75.36656891495602,73.31378299120234,28.005865102639294,0.1567014837516592,1.5584415584415583,0.5053676808277121,0.4073927935648274,0.0658230341535497,0.5454545454545454,0.5,120.87976539589442
Henrikh Mkhitaryan,Inter,Serie A,2022,34.4,6000000.0,2003,71.80817610062893,49.84276729559748,91.0377358490566,75.0,0.1113658669091765,0.853719420868697,0.6546571176951071,0.4839029227845144,0.1268242683291391,1.5726410384423366,6.0,11.968029350104821
Henrikh Mkhitaryan,Inter,Serie A,2023,35.4,6000000.0,2847,75.4595015576324,70.09345794392523,94.23676012461058,59.813084112149525,0.1595816915919582,1.2644889357218123,0.8363889204485399,0.6204735257665777,0.1102526167660826,1.2328767123287672,6.0,12.576583592938732
Henrikh Mkhitaryan,Inter,Serie A,2024,36.4,4000000.0,2441,60.557184750733136,58.21114369501467,83.13782991202346,36.95014662756599,0.1211864251142847,1.0692339205243753,0.5974592380256181,0.4518566756146406,0.0635319149342168,0.8480131093814011,4.0,15.139296187683284
Giacomo Bonaventura,Fiorentina,Serie A,2022,33.9,2500000.0,1915,67.61006289308176,80.34591194968553,33.17610062893082,92.9245283018868,0.1571648586979111,1.597911227154047,0.381747633102046,0.147646673831009,0.2034837133676669,2.3028720626631856,2.5,27.044025157232703
Giacomo Bonaventura,Fiorentina,Serie A,2023,34.9,3000000.0,2325,66.09034267912772,69.62616822429906,44.70404984423676,86.9158878504673,0.11919548819142,1.5483870967741935,0.4405957275100293,0.1965819101179799,0.1913215426908385,2.0129032258064514,3.0,22.030114226375904
Thomas Müller,Bayern Munich,Bundesliga,2023,34.8,8000000.0,1675,95.05451713395638,98.2866043613707,96.26168224299064,89.8753894080997,0.5421944656590028,2.7402985074626867,1.2593951079827634,0.5783282846657197,0.3113051217104961,1.8805970149253728,8.0,11.881814641744548
Asier Illarramendi,Real Sociedad,La Liga,2022,33.3,2000000.0,1082,45.70754716981131,24.528301886792452,66.98113207547169,45.59748427672956,0.0280378669218027,0.8317929759704252,0.4265306976257156,0.3492992042517375,0.0691801833088704,0.99815157116451,2.0,22.853773584905657
Daniel Parejo,Villarreal,La Liga,2022,34.2,6000000.0,3295,64.74842767295597,64.77987421383648,90.56603773584904,34.59119496855346,0.1125693071311359,1.338391502276176,0.5991760078416247,0.5588258468519123,0.0546508091692678,0.8194233687405159,6.0,10.791404612159328
Daniel Parejo,Villarreal,La Liga,2023,35.2,2500000.0,2602,51.12149532710281,64.17445482866043,74.14330218068535,9.034267912772584,0.1301655930278681,1.2106072252113758,0.4764568527371585,0.4184176803328137,0.0181431120990286,0.415065334358186,2.5,20.448598130841123
Daniel Parejo,Villarreal,La Liga,2024,36.2,1500000.0,2279,44.75806451612903,34.16422287390029,75.366568914956,21.407624633431084,0.0504181293518122,0.9082931110136024,0.4906017882254967,0.4541335347590346,0.0456867631837012,0.5528740675734972,1.5,29.838709677419356
Thiago Alcántara,Liverpool,EPL,2022,32.2,15000000.0,1258,58.84433962264151,58.490566037735846,91.03773584905662,21.69811320754717,0.1002997292179039,1.2162162162162162,0.6351082703907084,0.5195206299347178,0.0284219543347416,0.7154213036565977,15.0,3.9229559748427674
Maxime Gonalons,Clermont Foot,Ligue 1,2022,34.3,900000.0,1478,25.314465408805027,15.09433962264151,42.13836477987421,17.61006289308176,0.0367060869097891,0.5480378890392422,0.2896765063180309,0.2515258397390317,0.042713018025855,0.3653585926928281,0.9,28.12718378756114
Maxime Gonalons,Clermont Foot,Ligue 1,2023,35.3,700000.0,1339,13.78504672897196,5.607476635514018,12.149532710280372,25.233644859813083,0.0151276925218425,0.4705003734129948,0.2004999489348891,0.1742496598258759,0.0297545372210081,0.8737864077669902,0.7,19.692923898531372
Jordan Henderson,Liverpool,EPL,2022,33.0,10000000.0,2084,65.61320754716981,73.74213836477988,85.69182389937107,32.704402515723274,0.1551510910852142,1.338771593090211,0.5615785800549782,0.4439982637984682,0.0371164967120051,0.993282149712092,10.0,6.561320754716981
Etienne Capoue,Villarreal,La Liga,2022,35.0,3000000.0,1965,49.38679245283018,21.069182389937104,64.77987421383648,64.46540880503144,0.0633422918902098,0.4580152671755725,0.4374378958844956,0.3160481347439398,0.1184963636555289,1.1908396946564883,3.0,16.462264150943394
Etienne Capoue,Villarreal,La Liga,2023,36.0,1500000.0,1407,47.88940809968847,23.98753894080997,74.9221183800623,44.23676012461058,0.0598033019967043,0.5756929637526652,0.5036355779845831,0.4006176565819457,0.0884682417257444,0.8955223880597015,1.5,31.926272066458978
Sergio Busquets,Barcelona,La Liga,2022,35.0,5000000.0,2359,52.9874213836478,49.528301886792455,95.125786163522,7.861635220125786,0.0984762302880546,0.953793980500212,0.6930735825682189,0.6476062068446441,0.0135376997885814,0.3433658329800763,5.0,10.59748427672956
Oriol Romeu,Girona,La Liga,2022,31.8,5000000.0,2955,39.11949685534591,14.30817610062893,69.0251572327044,33.17610062893082,0.024082176028018,0.6091370558375634,0.4209406863576567,0.3899247275504666,0.0595351994926403,0.7309644670050762,5.0,7.8238993710691815
Oriol Romeu,Barcelona,La Liga,2023,32.8,2000000.0,932,56.2227414330218,42.05607476635514,88.94080996884735,34.57943925233644,0.1055069784573858,0.6759656652360515,0.6728621508302607,0.5772750889442765,0.0470308669694887,0.965665236051502,2.0,28.1113707165109
Oriol Romeu,Girona,La Liga,2024,33.8,1200000.0,1357,32.46334310850439,15.249266862170089,72.72727272727272,5.571847507331379,0.0365316473749207,0.5305821665438467,0.4748608645356439,0.4357345359689538,0.0134372937114869,0.3316138540899042,1.2,27.05278592375366
Sergio Canales,Real Betis,La Liga,2022,32.4,15000000.0,2432,72.45283018867926,91.03773584905662,52.35849056603774,74.21383647798743,0.1949925185104611,2.0723684210526314,0.4717252885089501,0.2106065178132236,0.1447898481542085,1.4432565789473686,15.0,4.830188679245284
Kevin Strootman,Genoa,Serie A,2023,34.4,800000.0,1222,28.90965732087227,74.45482866043614,7.476635514018691,0.7788161993769469,0.1409744931790374,1.620294599018003,0.2096094573511088,0.1309681080324413,0.0052241162197289,0.0736497545008183,0.8,36.13707165109034
Christian Eriksen,Manchester United,EPL,2023,32.4,8000000.0,1130,61.83021806853583,86.29283489096574,56.85358255451713,39.096573208722745,0.1868454392554353,2.150442477876106,0.4171113192013143,0.2843656111178936,0.0548471422140709,1.0353982300884956,8.0,7.7287772585669785
Christian Eriksen,Manchester United,EPL,2024,33.4,4000000.0,1043,79.15689149560117,95.89442815249268,90.17595307917888,46.774193548387096,0.2795291950699381,2.5023969319271333,0.6528161924193084,0.5737672950483123,0.0492369481259715,1.2943432406519657,4.0,19.789222873900293
Johan Gastien,Clermont Foot,Ligue 1,2022,35.4,700000.0,2616,31.12421383647799,33.17610062893082,34.59119496855346,24.68553459119497,0.0467655525559884,0.963302752293578,0.2768023280798534,0.2251047049029602,0.0434667756780982,0.6536697247706422,0.7,44.463162623539986
Johan Gastien,Clermont Foot,Ligue 1,2023,36.4,500000.0,2315,32.33644859813084,53.89408099688474,33.95638629283489,5.29595015576324,0.0805328343803823,1.244060475161987,0.2839629143701773,0.242551514923122,0.0085054950760456,0.427645788336933,0.5,64.67289719626169
Oliver Norwood,Sheffield United,EPL,2023,33.2,1000000.0,1413,22.227414330218068,36.29283489096573,8.255451713395638,22.11838006230529,0.0441651078902042,1.019108280254777,0.1776199483544014,0.1533155611888238,0.0143499522926701,0.9554140127388534,1.0,22.227414330218068
Koke,Atletico Madrid,La Liga,2022,31.5,16000000.0,2581,50.15723270440251,36.9496855345912,89.77987421383648,19.339622641509436,0.0551968674236422,0.9763657497094148,0.5868040315203544,0.5288617442954145,0.034625066310046,0.5579232855482371,16.0,3.134827044025157
Koke,Atletico Madrid,La Liga,2023,32.5,12000000.0,2528,55.82554517133956,54.361370716510905,94.85981308411216,11.993769470404985,0.1189568125100547,0.925632911392405,0.7940454034892184,0.6846095560652004,0.0309303531989077,0.3560126582278481,12.0,4.652128764278297
Koke,Atletico Madrid,La Liga,2024,33.5,8000000.0,1915,46.055718475073306,31.81818181818182,75.51319648093842,28.299120234604104,0.0626663837494333,0.7519582245430809,0.5177447151772036,0.4270972023005585,0.0704428316349304,0.5169712793733682,8.0,5.756964809384163
Nemanja Matic,Roma,Serie A,2022,34.9,4000000.0,1795,57.366352201257854,66.0377358490566,77.51572327044025,23.742138364779876,0.1358392668374318,1.2033426183844012,0.4823704855646263,0.4184859508342398,0.0464944166123535,0.5515320334261838,4.0,14.341588050314463
Nemanja Matic,"Lyon,Rennes",Ligue 1,2023,35.9,3000000.0,2294,35.77102803738317,26.4797507788162,64.6417445482866,12.92834890965732,0.0452216713727429,0.7454228421970357,0.4119745691638982,0.3744353229584337,0.0284723286357007,0.4315605928509154,3.0,11.923676012461057
Nemanja Matic,Lyon,Ligue 1,2024,36.9,2000000.0,2084,38.01319648093841,30.791788856304983,77.56598240469208,0.2932551319648094,0.0611793141697681,0.7341650671785028,0.495059686603879,0.477385664780601,0.0028836674140962,0.0863723608445297,2.0,19.006598240469206
Mario Götze,Eintracht Frankfurt,Bundesliga,2022,31.1,12000000.0,2766,72.8380503144654,73.74213836477988,91.50943396226415,50.0,0.1502740111226244,1.3665943600867678,0.6648643303525164,0.4855608632293107,0.1079043158412852,0.8459869848156182,12.0,6.0698375262054505
Francis Coquelin,Villarreal,La Liga,2023,33.1,1500000.0,910,26.853582554517136,0.6230529595015576,71.02803738317758,5.919003115264797,0.0093954642722894,0.0989010989010989,0.437051570472809,0.4224665674616347,0.0162386935572702,0.2967032967032967,1.5,17.90238836967809
Tomás Rincón,Sampdoria,Serie A,2022,35.5,800000.0,2574,13.946540880503145,25.0,4.8742138364779874,11.635220125786164,0.0472795603132539,0.7342657342657343,0.1531500490447441,0.1160444646839286,0.0212094625392993,0.3846153846153846,0.8,17.43317610062893
Genki Haraguchi,"Union Berlin,VfB Stuttgart",Bundesliga,2022,32.1,1000000.0,1266,29.693396226415096,36.9496855345912,27.67295597484277,23.58490566037736,0.0479793702186001,1.066350710900474,0.2530325657436492,0.2029902854784263,0.0267999953594747,0.7819905213270142,1.0,29.693396226415096
Benjamin André,Lille,Ligue 1,2022,32.9,9000000.0,2928,45.57389937106918,24.056603773584904,79.87421383647799,30.660377358490564,0.0530597208960928,0.6454918032786885,0.4895535541209774,0.4360874192445676,0.0491490039295043,0.7377049180327869,9.0,5.063766596785465
Benjamin André,Lille,Ligue 1,2023,33.9,8000000.0,2576,44.92990654205607,27.570093457943923,57.94392523364485,50.0,0.0516108191580806,0.6987577639751553,0.3921455330857487,0.3095640107607527,0.1283960668471358,0.8035714285714285,8.0,5.616238317757008
Benjamin André,Lille,Ligue 1,2024,34.9,5000000.0,2697,41.304985337243394,37.3900293255132,62.90322580645161,20.67448680351906,0.0876743687903125,0.6674082313681869,0.4478769379981832,0.3545717111435429,0.0457526546684368,0.5339265850945495,5.0,8.26099706744868
Isco,Real Betis,La Liga,2023,32.2,8000000.0,2377,88.50467289719626,97.196261682243,74.7663551401869,94.39252336448598,0.3158140499857879,3.066891039124948,0.7209412230129346,0.2971251590704787,0.3097184570674692,2.385359697097181,8.0,11.063084112149532
Isco,Real Betis,La Liga,2024,33.2,6000000.0,1565,88.21847507331377,97.36070381231671,74.633431085044,93.4017595307918,0.2906045955590927,3.5079872204472844,0.6650259206755854,0.3223350659703103,0.2515820809446584,2.5303514376996805,6.0,14.703079178885629
Kevin De Bruyne,Manchester City,EPL,2022,32.0,70000000.0,2448,96.83962264150944,99.84276729559748,98.27044025157232,91.66666666666669,0.5999869110939258,3.566176470588235,1.0709012019009714,0.6115279712385553,0.1749365584349588,2.389705882352941,70.0,1.383423180592992
Kevin De Bruyne,Manchester City,EPL,2023,33.0,50000000.0,1233,96.11370716510903,100.0,95.17133956386292,92.67912772585667,0.8743849434774288,4.233576642335766,1.1413000572989456,0.5676715608930936,0.1882288316740607,3.2116788321167884,50.0,1.9222741433021806
Íñigo Eguaras,Almeria,La Liga,2022,31.3,1200000.0,936,43.41981132075471,42.138364779874216,49.84276729559748,37.42138364779874,0.0622425285669473,1.0576923076923077,0.3263994244536242,0.272873107326002,0.0788270956120238,0.6730769230769231,1.2,36.18317610062893
Leonardo Bittencourt,Werder Bremen,Bundesliga,2023,30.5,2500000.0,1600,73.83177570093457,76.16822429906541,64.95327102803738,81.46417445482865,0.1718280578032136,1.4625,0.5458510472613852,0.2624091510835569,0.1725897471711505,1.74375,2.5,29.532710280373827
Leonardo Bittencourt,Werder Bremen,Bundesliga,2024,31.5,1500000.0,954,75.71480938416421,69.86803519061584,70.67448680351906,88.41642228739002,0.1537506651344164,1.3207547169811322,0.5558612974325441,0.339605842172256,0.1763139614167641,2.547169811320755,1.5,50.47653958944281
Filip Djuricic,Sampdoria,Serie A,2022,31.4,1800000.0,2212,44.09591194968553,52.672955974842765,25.471698113207545,55.81761006289308,0.0683712342267293,1.3426763110307414,0.3009767252042431,0.1538867333981378,0.1008944066239699,1.057866184448463,1.8,24.497728860936405
Darko Brasanac,Osasuna,La Liga,2022,31.4,2000000.0,1004,43.10534591194968,28.61635220125786,49.52830188679245,52.51572327044025,0.0692053464987126,0.6274900398406374,0.3469164885461805,0.2565015144868794,0.10263130590097,0.9860557768924304,2.0,21.55267295597484
Darko Brasanac,Leganes,La Liga,2024,33.4,500000.0,1606,18.321114369501466,8.651026392961876,5.865102639296188,44.13489736070381,0.0180844847892282,0.5043586550435866,0.2192788223178122,0.1062905702828099,0.1151316568654397,0.6724782067247821,0.5,36.64222873900293
Ander Herrera,Athletic Club,La Liga,2023,34.9,2000000.0,1010,58.80841121495327,61.05919003115264,63.70716510903426,50.467289719626166,0.1307712920600235,1.0693069306930694,0.4128303591641459,0.3503170208913265,0.0688930731635577,1.2475247524752475,2.0,29.404205607476634
William Carvalho,Real Betis,La Liga,2022,31.2,14000000.0,2478,48.58097484276729,30.896226415094336,61.00628930817609,54.71698113207548,0.0542531654094379,0.7990314769975787,0.4250780820449674,0.2890587746240108,0.1210091127980202,0.9443099273607748,14.0,3.470069631626235
Jorginho,"Arsenal,Chelsea",EPL,2022,31.5,25000000.0,2138,33.867924528301884,10.534591194968552,78.14465408805032,9.433962264150944,0.0233881191374042,0.5051449953227315,0.4707896634256789,0.44584756751063,0.0115064207474911,0.4630495790458372,25.0,1.3547169811320754
Jorginho,Arsenal,EPL,2023,32.5,12000000.0,911,53.09968847352025,62.14953271028037,85.82554517133957,4.361370716510903,0.1534191558074153,0.9879253567508234,0.607863553849782,0.5431717046169497,0.0079076252795927,0.3951701427003293,12.0,4.424974039460021
Marco Verratti,Paris Saint Germain,Ligue 1,2022,30.6,40000000.0,2231,62.33490566037735,65.56603773584905,99.0566037735849,15.723270440251572,0.1189169288516472,1.2909009412819363,0.965586981729027,0.888784488572074,0.0389756537065517,0.3227252353204841,40.0,1.5583726415094339
Florian Kainz,FC Cologne,Bundesliga,2022,30.7,5000000.0,2421,83.66352201257861,98.42767295597486,70.12578616352201,82.23270440251572,0.3769553539976755,2.6022304832713754,0.5614409129720417,0.2683570706822172,0.1336989226685248,2.007434944237918,5.0,16.732704402515722
Kevin Stöger,Bochum,Bundesliga,2022,29.8,3000000.0,2628,66.38364779874213,91.19496855345912,47.79874213836478,59.11949685534592,0.1817075609650514,2.2602739726027394,0.3635422121223113,0.2349710531456217,0.0591355837779502,1.6095890410958904,3.0,22.127882599580712
Kevin Stöger,Bochum,Bundesliga,2023,30.8,5000000.0,2714,77.17289719626167,99.06542056074768,51.86915887850467,81.15264797507788,0.3512059895537228,4.178334561532793,0.4332278337530028,0.2433821605861615,0.1201145002836678,2.4871039056742816,5.0,15.434579439252335
Kevin Stöger,Borussia M.Gladbach,Bundesliga,2024,31.8,3500000.0,1531,86.56891495601172,97.36070381231671,84.75073313782991,76.09970674486803,0.2970988840986454,3.0568256041802746,0.7022114186520323,0.4085882533047224,0.1757744864446909,1.5284128020901373,3.5,24.733975701717636
Marcel Sabitzer,Borussia Dortmund,Bundesliga,2023,30.3,20000000.0,1971,75.52180685358255,60.903426791277255,85.98130841121494,80.37383177570094,0.1414707432326661,1.004566210045662,0.689751963007804,0.4674331861713977,0.1302706368148463,2.146118721461187,20.0,3.7760903426791272
Marcel Sabitzer,Borussia Dortmund,Bundesliga,2024,31.3,8000000.0,1615,60.1099706744868,32.697947214076244,86.51026392961877,61.29032258064515,0.083780276182543,0.6130030959752323,0.6388745074486215,0.4714655928982669,0.1242370062245303,1.1702786377708978,8.0,7.51374633431085
Nampalys Mendy,Lens,Ligue 1,2023,32.0,3000000.0,1066,47.476635514018696,46.728971962616825,79.43925233644859,11.059190031152648,0.1376363094791238,0.6754221388367729,0.5379736523963441,0.4435522862540569,0.0135834112861254,0.5909943714821764,3.0,15.825545171339565
Anthony Losilla,Bochum,Bundesliga,2022,37.3,500000.0,2734,22.995283018867923,22.48427672955975,5.345911949685535,44.18238993710692,0.0662389823972045,0.4608632040965618,0.1750625126866382,0.105173218080361,0.0815409761202884,0.888807607900512,0.5,45.990566037735846
Anthony Losilla,Bochum,Bundesliga,2023,38.3,500000.0,2622,24.781931464174452,27.258566978193144,7.63239875389408,41.90031152647976,0.0549932565003019,0.6521739130434783,0.2179122300929383,0.1276602618208739,0.0740492092530739,0.9267734553775744,0.5,49.563862928348904
Anthony Losilla,Bochum,Bundesliga,2024,39.3,500000.0,1146,15.175953079178884,16.56891495601173,23.020527859237536,4.398826979472141,0.0376556979502058,0.5497382198952879,0.2498497860749979,0.2143715854480628,0.0080367802832451,0.3926701570680628,0.5,30.351906158357767
Granit Xhaka,Arsenal,EPL,2022,30.8,20000000.0,3039,77.24842767295597,72.48427672955975,86.63522012578616,71.85534591194968,0.1422380275844144,1.3622902270483712,0.622867183706485,0.4219077225969433,0.1713356324761135,1.1846001974333662,20.0,3.8624213836477983
Granit Xhaka,Bayer Leverkusen,Bundesliga,2023,31.8,20000000.0,2842,69.65732087227414,59.65732087227414,97.97507788161994,48.28660436137071,0.0926344850828725,1.298381421534131,0.8727938045054819,0.7854360501812135,0.0445429208137247,1.4250527797325827,20.0,3.482866043613707
Granit Xhaka,Bayer Leverkusen,Bundesliga,2024,32.8,12000000.0,2905,58.48973607038123,68.7683284457478,84.89736070381231,15.6891495601173,0.1248821574175111,1.5490533562822717,0.5915782724454255,0.5048918143337955,0.024976406323366,0.6506024096385542,12.0,4.874144672531769
Rémy Cabella,Lille,Ligue 1,2022,33.3,5000000.0,2541,90.29088050314463,99.68553459119497,85.37735849056604,85.062893081761,0.4296455384092459,3.577331759149941,0.8655524362041368,0.3499661937549516,0.3268190374578114,1.487603305785124,5.0,18.058176100628927
Maximilian Arnold,Wolfsburg,Bundesliga,2022,29.1,14000000.0,2793,56.2814465408805,78.45911949685535,51.88679245283019,35.53459119496856,0.1627150028103724,1.4178302900107411,0.3401522180935814,0.2786921719879424,0.0272638891612516,1.1278195488721805,14.0,4.020103324348607
Maximilian Arnold,Wolfsburg,Bundesliga,2023,30.1,7000000.0,2498,51.19158878504672,76.94704049844236,39.40809968847352,34.890965732087224,0.1466857082023322,1.7293835068054442,0.3052426658696036,0.2549836587002747,0.0337211624737843,1.1529223378702962,7.0,7.313084112149531
Maximilian Arnold,Wolfsburg,Bundesliga,2024,31.1,5000000.0,2356,55.6891495601173,77.85923753665689,50.58651026392962,35.77712609970674,0.1551368848321064,1.7190152801358234,0.3511360185205025,0.327760035935821,0.0456819092105372,1.031409168081494,5.0,11.13782991202346
Xavier Chavalerin,Troyes,Ligue 1,2022,32.3,1500000.0,2395,27.9874213836478,40.72327044025157,9.59119496855346,34.59119496855346,0.0880133207335228,0.789144050104384,0.2019410355479334,0.1283859884315841,0.0436511983772222,0.977035490605428,1.5,18.658280922431867
Jordan Ferri,Montpellier,Ligue 1,2022,31.3,5000000.0,2786,43.34119496855346,54.24528301886792,58.80503144654088,12.57861635220126,0.1075403682007711,1.0014357501794688,0.39423099532456,0.2973823573464382,0.0196957435426807,0.4522613065326633,5.0,8.668238993710691
Jordan Ferri,Montpellier,Ligue 1,2023,32.3,4500000.0,2045,38.31775700934579,51.86915887850467,43.45794392523364,16.510903426791277,0.0797232214115505,1.1882640586797066,0.3272393963648083,0.2598060928102956,0.0386306670719807,0.3960880195599022,4.5,8.515057113187954
Jordan Ferri,Montpellier,Ligue 1,2024,33.3,2000000.0,1804,20.788123167155423,25.43988269794721,22.14076246334311,13.78299120234604,0.0558078963518093,0.6485587583148559,0.2461761767622868,0.2119689781379838,0.0188199960535801,0.6485587583148559,2.0,10.394061583577711
Yannick Gerhardt,Wolfsburg,Bundesliga,2022,29.3,6000000.0,1884,63.86792452830189,49.37106918238994,64.77987421383648,79.71698113207546,0.088669035886266,1.003184713375796,0.5331551505009507,0.2381086342813815,0.2845804128724678,1.2420382165605095,6.0,10.644654088050315
José Campaña,Las Palmas,La Liga,2024,32.1,900000.0,1208,20.33724340175953,41.05571847507331,12.903225806451612,4.838709677419354,0.0662415319998187,0.968543046357616,0.1901253350911699,0.1837207911542265,0.0102481917811199,0.3725165562913907,0.9,22.596937113066144
Tom Cairney,Fulham,EPL,2022,32.4,2000000.0,929,77.42138364779873,69.0251572327044,78.45911949685535,86.0062893081761,0.1573979047771675,1.16254036598493,0.5657985100905593,0.3396494686603545,0.1500833679523932,2.034445640473628,2.0,38.71069182389937
Tom Cairney,Fulham,EPL,2023,33.4,2000000.0,1427,69.69626168224298,80.99688473520249,82.08722741433021,42.05607476635514,0.1964226464552317,1.5767344078486334,0.5732188656594612,0.4652659179996529,0.0636941163272668,1.0721793973370708,2.0,34.84813084112149
Sam Morsy,Ipswich,EPL,2024,33.8,500000.0,2767,23.819648093841643,27.71260997067449,35.19061583577712,6.011730205278592,0.0460890395803101,0.7806288398988074,0.3010451687176089,0.2727270730675871,0.0096204942162981,0.422840621611854,0.5,47.639296187683286
Rani Khedira,Union Berlin,Bundesliga,2022,29.4,10000000.0,2895,16.981132075471695,2.358490566037736,19.339622641509436,31.289308176100626,0.0125289280836137,0.2487046632124352,0.219957402603305,0.1833384383489122,0.0516242151452624,0.7461139896373057,10.0,1.6981132075471694
Rani Khedira,Union Berlin,Bundesliga,2023,30.4,5000000.0,1377,3.933021806853581,2.4922118380062304,5.14018691588785,4.205607476635514,0.0097072650404537,0.326797385620915,0.1448324108435437,0.1360285710665135,0.0147395982753996,0.196078431372549,5.0,0.7866043613707162
Rani Khedira,Union Berlin,Bundesliga,2024,31.4,2500000.0,2737,11.151026392961876,11.87683284457478,4.398826979472141,18.18181818181818,0.038281652625891,0.3945926196565583,0.1716935049686656,0.1299056226838819,0.0443872271985588,0.4603580562659847,2.5,4.46041055718475
Sanjin Prcic,Strasbourg,Ligue 1,2022,29.6,3000000.0,1621,44.40251572327044,24.056603773584904,58.333333333333336,51.886792452830186,0.0504505678432212,0.6662553979025293,0.3663103681409307,0.3156370521258197,0.043699325462786,1.554595928439235,3.0,14.80083857442348
Kerem Demirbay,Bayer Leverkusen,Bundesliga,2022,30.0,6000000.0,1549,80.33805031446539,85.53459119496856,74.0566037735849,81.60377358490567,0.1670024894163483,1.8592640413169783,0.524823297052046,0.3257942938632431,0.1445505877877384,1.801162040025823,6.0,13.3896750524109
Hakan Calhanoglu,Inter,Serie A,2022,29.4,40000000.0,2390,80.45597484276729,91.50943396226415,75.15723270440252,73.74213836477988,0.1707035368269457,2.6359832635983262,0.4926288182141891,0.3778550426892655,0.0809722121524386,2.1087866108786613,40.0,2.0113993710691824
Hakan Calhanoglu,Inter,Serie A,2023,30.4,45000000.0,2618,80.202492211838,78.03738317757009,91.4330218068536,69.62616822429906,0.1513539953797634,1.7532467532467533,0.7396252229496711,0.6213187620134824,0.0812804210302117,2.131398013750955,45.0,1.7822776047075113
Hakan Calhanoglu,Inter,Serie A,2024,31.4,30000000.0,1999,82.69061583577712,96.33431085043988,85.63049853372434,63.34310850439883,0.3171838486586707,2.206103051525763,0.6055879078920988,0.5034069956306847,0.0616362735651444,2.0710355177588795,30.0,2.756353861192571
Juanmi,Real Betis,La Liga,2022,30.1,12000000.0,926,62.311320754716974,33.80503144654088,64.30817610062893,93.23899371069184,0.117272246954862,0.3887688984881209,0.7399641949136301,0.2051341506304545,0.4717625468188885,1.8466522678185744,12.0,5.192610062893081
Inigo Ruiz de Galarreta,Mallorca,La Liga,2022,29.9,3000000.0,2466,17.342767295597483,25.471698113207545,19.49685534591195,5.345911949685535,0.0552557795614439,0.656934306569343,0.2250873362033689,0.1830822389137788,0.0088277407140083,0.364963503649635,3.0,5.780922431865828
Inigo Ruiz de Galarreta,Athletic Club,La Liga,2023,30.9,5000000.0,2140,46.10591900311525,59.813084112149525,65.10903426791276,7.94392523364486,0.1106474360224799,1.1355140186915889,0.4228518210421099,0.3669758485717194,0.0140090028790182,0.4626168224299065,5.0,9.221183800623049
Inigo Ruiz de Galarreta,Athletic Club,La Liga,2024,31.9,3000000.0,1502,61.33431085043989,83.43108504398828,78.73900293255133,15.249266862170089,0.2078676809334802,1.677762982689747,0.5196310924651342,0.456355928633109,0.0222151516843711,0.6591211717709721,3.0,20.444770283479965
Jonas Martin,Brest,Ligue 1,2023,34.2,1000000.0,1176,50.19470404984423,59.190031152647975,59.65732087227414,28.66043613707165,0.1058727660577516,1.1479591836734695,0.4113101082074702,0.3116096770010736,0.0464406839039708,0.7653061224489797,1.0,50.19470404984423
Téji Savanier,Montpellier,Ligue 1,2022,31.5,10000000.0,2581,70.11792452830188,90.56603773584904,40.09433962264151,81.28930817610063,0.2054030101216611,1.9876017047655947,0.3301975473181331,0.216142593268471,0.1109307979048453,2.2316931421929485,10.0,7.011792452830188
Téji Savanier,Montpellier,Ligue 1,2023,32.5,9000000.0,2802,77.08722741433021,95.95015576323988,52.33644859813084,83.95638629283489,0.2654178495413167,3.0835117773019274,0.4315090916125498,0.2475573720980826,0.1353324650401923,2.633832976445396,9.0,8.565247490481134
Téji Savanier,Montpellier,Ligue 1,2024,33.5,,2382,64.52346041055718,97.50733137829911,26.39296187683284,70.52785923753666,0.3042146018342647,2.644836272040302,0.3518151763066537,0.1554913537797309,0.1004785814343644,1.7758186397984883,,
Abdoulaye Doucouré,Everton,EPL,2022,30.5,12000000.0,1519,55.46383647798741,71.0691823899371,24.056603773584907,73.8993710691824,0.1464951938536898,1.30348913759052,0.3415841871653049,0.104623938321459,0.190428893417218,1.184990125082291,12.0,4.621986373165617
Abdoulaye Doucouré,Everton,EPL,2023,31.5,10000000.0,2678,58.3411214953271,52.33644859813084,40.65420560747664,85.98130841121494,0.085789400936731,1.1090365944734877,0.4482339794070775,0.1755953482766041,0.3429425633606335,1.5795369678864826,10.0,5.83411214953271
Abdoulaye Doucouré,Everton,EPL,2024,32.5,7000000.0,2619,42.52932551319648,44.28152492668622,25.95307917888563,59.82404692082112,0.0796507226136797,0.9278350515463918,0.3401324435863708,0.1691476924543323,0.1392096135752512,1.0652920962199313,7.0,6.07561793045664
Geoffrey Kondogbia,Atletico Madrid,La Liga,2022,30.4,14000000.0,995,36.89465408805031,24.528301886792452,52.0440251572327,33.64779874213836,0.0768423449229355,0.4522613065326633,0.3276655269253193,0.2897051534236377,0.0385208045642579,0.9949748743718594,14.0,2.6353324348607363
Geoffrey Kondogbia,Marseille,Ligue 1,2023,31.4,12000000.0,1442,23.574766355140188,21.33956386292835,35.202492211838006,12.61682242990654,0.0458934748333448,0.6241331484049931,0.2774741644125003,0.250406363160684,0.0233781799265853,0.4993065187239944,12.0,1.964563862928349
Luis Alberto,Lazio,Serie A,2022,30.8,18000000.0,2446,85.44025157232704,94.33962264150944,83.33333333333334,77.51572327044025,0.2265626520606843,2.428454619787408,0.5910115114482499,0.3947021812505149,0.1214578924495011,1.7293540474243665,18.0,4.746680642907058
Luis Alberto,Lazio,Serie A,2023,31.8,11000000.0,2341,86.3006230529595,92.52336448598132,77.41433021806853,89.40809968847351,0.2417885608866091,2.460486971379752,0.6314496386641878,0.341748459804095,0.2103596650436361,2.1529260999572832,11.0,7.845511186632681
Stuart Armstrong,Southampton,EPL,2022,31.2,4500000.0,1408,60.33018867924528,70.9119496855346,39.46540880503144,72.32704402515722,0.1665992085657887,1.150568181818182,0.4395850629424041,0.1543492307907647,0.1346469652939545,1.4701704545454546,4.5,13.40670859538784
Mehdi Bourabia,Spezia,Serie A,2022,31.9,1300000.0,2833,39.30817610062893,63.67924528301887,13.9937106918239,40.40880503144654,0.1315463908533462,1.143663960465937,0.238800081258401,0.1296857403649791,0.0487768390086738,1.048358630427109,1.3,30.237058538945327
Ross Barkley,Luton,EPL,2023,30.6,8000000.0,2627,65.28037383177569,75.70093457943925,38.31775700934579,84.57943925233644,0.1652531658179085,1.4731633041492196,0.3824863496063144,0.2025429406077475,0.1535930056486535,2.26113437381043,8.0,8.160046728971961
Haris Belkebla,Angers,Ligue 1,2024,31.4,2000000.0,1792,3.1891495601173028,0.7331378299120235,7.624633431085045,0.8797653958944283,0.0140231939388156,0.2008928571428571,0.1715171432026961,0.1539724378796693,0.0051846389292872,0.1506696428571428,2.0,1.5945747800586514
Mathias Autret,Auxerre,Ligue 1,2022,32.3,800000.0,1317,48.16823899371069,69.18238993710692,12.10691823899371,65.72327044025157,0.0978843973003378,1.7084282460136675,0.2339498678345343,0.1264819084477859,0.082047621874406,1.571753986332574,0.8,60.210298742138356
Dani Rodríguez,Mallorca,La Liga,2022,35.1,1200000.0,2149,48.545597484276726,61.477987421383645,26.41509433962264,59.27672955974843,0.1274971606573042,1.088878548161936,0.3005120539652047,0.1617271252662956,0.1213544742982156,1.0469986040018613,1.2,40.454664570230605
Sergi Darder,Mallorca,La Liga,2023,30.5,6000000.0,2130,57.27414330218068,91.2772585669782,24.299065420560748,56.07476635514018,0.2488238850844578,2.1549295774647885,0.3343598295632802,0.1510141072138934,0.0754866703924998,1.352112676056338,6.0,9.545690550363448
Sergi Darder,Mallorca,La Liga,2024,31.5,4000000.0,2811,52.82991202346041,78.88563049853373,33.72434017595308,44.72140762463343,0.158780335688222,1.7289220917822838,0.3337239722344575,0.2333671493473658,0.0603930408228486,1.152614727854856,4.0,13.207478005865102
Omar Mascarell,Mallorca,La Liga,2024,32.4,900000.0,1994,5.3372434017595305,0.2932551319648094,2.6392961876832848,14.36950146627566,0.0037339234812448,0.0902708124373119,0.146019610183065,0.1118913304327857,0.0386110783172556,0.4062186559679037,0.9,5.930270446399478
Matías Vecino,Lazio,Serie A,2022,31.8,4500000.0,1669,42.23270440251572,10.534591194968552,46.38364779874214,74.37106918238993,0.0255877498945767,0.4853205512282804,0.3453282572757598,0.2366688057507955,0.1502553076266242,1.40203714799281,4.5,9.385045422781271
Matías Vecino,Lazio,Serie A,2023,32.9,2500000.0,1100,63.67601246105919,15.57632398753894,83.17757009345794,97.0404984423676,0.0389015847139737,0.5727272727272728,0.6661803548308937,0.4199010858820243,0.3465176630595868,2.7,2.5,25.470404984423674
Wataru Endo,VfB Stuttgart,Bundesliga,2022,30.4,6500000.0,2929,65.4874213836478,72.16981132075472,50.78616352201258,74.84276729559748,0.1363637527662684,1.3827244793444862,0.3736320564306487,0.2426072197036862,0.1586629135630193,1.3827244793444862,6.5,10.074987905176584
Wataru Endo,Liverpool,EPL,2023,31.4,13000000.0,1718,48.6448598130841,39.87538940809969,88.1619937694704,12.77258566978193,0.0782332779694352,0.8381839348079162,0.6400387755641769,0.5882033945535059,0.0229333865763109,0.5238649592549477,13.0,3.741912293314162
Remo Freuler,Nottingham Forest,EPL,2022,31.2,8000000.0,2178,9.96069182389937,9.433962264150944,12.42138364779874,7.70440251572327,0.0201116446867462,0.4958677685950413,0.1759917573803219,0.1580968080088496,0.013995805662895,0.3305785123966942,8.0,1.2450864779874213
Remo Freuler,Bologna,Serie A,2023,32.2,6500000.0,2657,34.30685358255452,21.18380062305296,56.54205607476636,23.676012461059187,0.039254382692942,0.6774557771923221,0.3782419033424272,0.3134102665945062,0.0537434393188807,0.4742190440346255,6.5,5.277977474239156
Remo Freuler,Bologna,Serie A,2024,33.2,5000000.0,3230,29.72873900293255,39.14956011730205,31.0850439882698,17.15542521994135,0.054595079212435,1.0030959752321982,0.3163514480271575,0.2290829057710089,0.0416581651063249,0.4736842105263157,5.0,5.94574780058651
Christian Nørgaard,Brentford,EPL,2022,29.3,16000000.0,1794,45.80974842767296,48.89937106918239,44.65408805031446,43.55345911949686,0.1560221234629285,0.6020066889632107,0.2970342350544339,0.2663105818439885,0.0676125950214256,0.9531772575250836,16.0,2.86310927672956
Christian Nørgaard,Brentford,EPL,2023,30.3,18000000.0,2556,47.46105919003114,48.59813084112149,34.26791277258567,61.52647975077881,0.1046022563241422,0.8450704225352113,0.3171465435708073,0.2229715553833775,0.1117004652205907,1.267605633802817,18.0,2.6367255105572855
Christian Nørgaard,Brentford,EPL,2024,31.3,11000000.0,2870,50.96774193548387,23.020527859237536,62.903225806451616,69.64809384164224,0.060102537449592,0.5644599303135889,0.457827951882411,0.3487755965168883,0.1810574696727019,1.2229965156794425,11.0,4.633431085043989
Saúl Ñíguez,Atletico Madrid,La Liga,2023,29.6,7500000.0,1321,59.48598130841121,65.10903426791276,59.190031152647975,53.271028037383175,0.2219254247855499,0.8856926570779713,0.5364783017569695,0.2409982840325416,0.1046987205326421,1.0900832702498109,7.5,7.931464174454828
Saúl Ñíguez,Sevilla,La Liga,2024,30.6,3000000.0,1556,54.09824046920821,62.4633431085044,13.929618768328446,91.20234604105572,0.1220738328753906,1.2724935732647815,0.308667160283324,0.1007700882670122,0.2113588622371381,2.429305912596401,3.0,18.032746823069402
Leon Goretzka,Bayern Munich,Bundesliga,2022,28.4,45000000.0,1754,85.19654088050315,64.46540880503144,98.8993710691824,93.39622641509436,0.1491312516010031,1.0775370581527937,0.9748167258303956,0.737871669419747,0.2503911198723207,2.0524515393386547,45.0,1.893256464011181
Leon Goretzka,Bayern Munich,Bundesliga,2023,29.4,30000000.0,2253,86.96261682242991,76.94704049844236,95.95015576323988,88.1619937694704,0.2229806285515209,1.2782956058588548,0.8975738747300861,0.6291799509672128,0.1873124054026667,2.237017310252996,30.0,2.898753894080997
Leon Goretzka,Bayern Munich,Bundesliga,2024,30.4,22000000.0,1303,79.51612903225806,50.586510263929625,98.68035190615836,90.9090909090909,0.1238285640078787,0.8288564850345357,0.9736217874876372,0.7688781966155799,0.2377082697949954,2.210283960092095,22.0,3.6143695014662756
Marcelo Brozovic,Inter,Serie A,2022,30.6,25000000.0,1771,72.04402515723271,58.64779874213836,91.66666666666669,64.77987421383648,0.1069631120836849,1.168831168831169,0.6506919915530723,0.5224804660354813,0.1055643064790799,1.2704686617730097,25.0,2.881761006289308
Robert Andrich,Bayer Leverkusen,Bundesliga,2022,28.8,11000000.0,2414,37.7437106918239,22.0125786163522,47.0125786163522,45.283018867924525,0.0422673641650782,0.6710853355426678,0.3149373238858425,0.2644142550250396,0.0557468127221634,1.1184755592377795,11.0,3.4312464265294453
Brecht Dejaegere,Toulouse,Ligue 1,2022,32.1,1800000.0,1856,50.2122641509434,35.22012578616352,51.10062893081761,66.66666666666667,0.0715379006528408,0.7758620689655172,0.3997038510339014,0.2351435634672866,0.1543303532224823,1.115301724137931,1.8,27.895702306079663
Gonzalo Melero,Almeria,La Liga,2022,29.5,4000000.0,1919,46.50943396226415,41.50943396226416,40.56603773584906,59.276729559748425,0.0769955372761055,0.8910891089108911,0.3370938560410503,0.2147779349138676,0.1050934920727103,1.1255862428348098,4.0,11.627358490566037
Jordan Veretout,Marseille,Ligue 1,2022,30.3,16000000.0,2862,67.2562893081761,61.477987421383645,88.36477987421384,49.37106918238994,0.1270198476436378,1.10062893081761,0.5776314092390005,0.4893052579729624,0.0901829747705714,0.9748427672955974,16.0,4.203518081761006
Jordan Veretout,Marseille,Ligue 1,2023,31.3,15000000.0,2181,76.19937694704049,88.47352024922118,74.76635514018692,63.55140186915888,0.2323019285615856,1.980742778541953,0.5206213186352809,0.3771827760392075,0.0891363236379324,1.485557083906465,15.0,5.079958463136033
Jordan Veretout,Lyon,Ligue 1,2024,32.3,4000000.0,1581,60.41055718475073,37.976539589442815,77.56598240469208,66.56891495601172,0.0770562556369028,0.7969639468690702,0.5569584273240146,0.4157757563286759,0.1593105019241628,1.1954459203036054,4.0,15.102639296187682
Soualiho Meité,Cremonese,Serie A,2022,29.3,3500000.0,2383,11.430817610062892,10.849056603773583,8.333333333333334,15.723270440251572,0.0218158000646345,0.5287452790600085,0.1614443406046837,0.1387177666698465,0.0156898271453465,0.6420478388585816,3.5,3.2659478885893978
Denis Suárez,Espanyol,La Liga,2022,29.5,5000000.0,953,51.60377358490566,72.64150943396226,51.88679245283019,26.729559748427672,0.1233835345190819,1.5110178384050368,0.3501257293927018,0.2712493003438865,0.0643216301897171,0.3777544596012592,5.0,10.320754716981131
Takumi Minamino,Monaco,Ligue 1,2024,30.5,15000000.0,2269,83.92961876832844,85.04398826979471,73.31378299120234,95.01466275659824,0.2679154000693662,1.5866020273248127,0.9093529797693136,0.2860184244929746,0.3869925969501538,2.221242838254738,15.0,5.5953079178885625
Leandro Paredes,Juventus,Serie A,2022,29.0,12000000.0,943,67.68867924528301,86.79245283018868,58.490566037735846,56.13207547169812,0.1649047158291111,2.0042417815482505,0.3610298955419979,0.3235971739008027,0.0567788768891533,1.5270413573700956,12.0,5.640723270440251
Leandro Paredes,Roma,Serie A,2023,30.0,8000000.0,2680,48.1619937694704,46.10591900311526,66.66666666666666,28.97196261682243,0.0866345768558111,0.9067164179104478,0.4254970780726689,0.3744257183870607,0.025007930135966,1.0746268656716418,8.0,6.0202492211838
Leandro Paredes,Roma,Serie A,2024,31.0,5000000.0,1370,69.99266862170087,63.049853372434015,92.81524926686215,51.46627565982405,0.1092167901976482,1.3795620437956204,0.7007913916460136,0.6243759302395212,0.0416419692711401,1.708029197080292,5.0,13.998533724340174
Youssouf M&#039;Changama,Auxerre,Ligue 1,2022,32.8,900000.0,1059,39.47327044025157,44.49685534591195,18.553459119496857,58.0188679245283,0.0913776045206079,0.8498583569405099,0.235464844810473,0.1627819010560472,0.0537796503740228,1.6147308781869687,0.9,43.859189378057295
Pierre-Emile Højbjerg,Tottenham,EPL,2022,27.9,45000000.0,3137,50.12578616352201,44.9685534591195,68.86792452830188,34.27672955974843,0.0917868162061488,0.8606949314631813,0.448611238362742,0.3428614334609142,0.0438826014624732,0.9467644246094996,45.0,1.1139063591893779
Pierre-Emile Højbjerg,Tottenham,EPL,2023,28.9,18000000.0,1212,58.95638629283488,31.30841121495327,97.35202492211836,46.41744548286604,0.0842766085925447,0.594059405940594,0.8581121056571159,0.7792414093187247,0.040397797434563,1.4108910891089108,18.0,3.275354794046382
Jean-Daniel Akpa-Akpro,Empoli,Serie A,2022,30.7,1500000.0,1387,29.10377358490566,25.628930817610065,13.9937106918239,50.78616352201257,0.0861719808398216,0.3893294881038212,0.2365983165155964,0.1308026372655829,0.1057919261879042,0.9084354722422494,1.5,19.40251572327044
Mario Lemina,Wolverhampton Wanderers,EPL,2022,29.8,10000000.0,1325,6.171383647798742,2.0440251572327046,3.4591194968553465,14.150943396226417,0.0106674997592872,0.2037735849056604,0.1270689682437563,0.1087638287189996,0.0140252233043594,0.6113207547169811,10.0,0.6171383647798743
Mario Lemina,Wolverhampton Wanderers,EPL,2023,30.8,10000000.0,3002,37.42990654205608,23.20872274143302,21.65109034267913,72.42990654205607,0.0535594428306833,0.5996002664890073,0.2689674406931013,0.1813800929971709,0.1382304790605363,1.4390406395736175,10.0,3.742990654205608
Morgan Sanson,Nice,Ligue 1,2023,29.9,8000000.0,2005,74.01090342679127,85.82554517133957,62.61682242990653,73.5202492211838,0.2138527663903046,1.885286783042394,0.4850659919275607,0.2731467214066934,0.1113557543586986,1.840399002493765,8.0,9.25136292834891
Janik Haberer,Union Berlin,Bundesliga,2022,29.2,7000000.0,2275,45.14150943396226,42.76729559748428,32.704402515723274,62.42138364779874,0.0829710421981392,0.90989010989011,0.3186965166539936,0.1798494959024937,0.0967905610676977,1.265934065934066,7.0,6.448787061994609
Jean Eudes Aholou,Strasbourg,Ligue 1,2022,29.3,2500000.0,1321,54.84276729559748,36.477987421383645,66.98113207547169,62.10691823899371,0.0955176736417816,0.6131718395155186,0.4274116999086875,0.3461819916348806,0.0750097842854613,1.49886449659349,2.5,21.937106918238992
Jean Eudes Aholou,Angers,Ligue 1,2024,31.3,,2024,24.758064516129032,13.636363636363637,8.211143695014663,57.03812316715543,0.0413058111039192,0.4446640316205533,0.2052251545697627,0.1384236952915729,0.0946862628525159,1.200592885375494,,
Dani García,Athletic Club,La Liga,2022,33.1,2000000.0,1515,22.46069182389937,15.566037735849058,34.59119496855346,16.352201257861637,0.0339810162192524,0.594059405940594,0.2624627753428303,0.2313402611946706,0.0295196120986844,0.4752475247524752,2.0,11.230345911949685
Philipp Förster,Bochum,Bundesliga,2022,28.4,2800000.0,1306,68.58490566037734,92.29559748427673,53.93081761006289,58.01886792452829,0.2771510447947391,1.8606431852986216,0.385631973716854,0.2586985739007889,0.0940734759304005,1.1715160796324655,2.8,24.49460916442048
Piotr Zielinski,Napoli,Serie A,2022,29.1,35000000.0,2324,87.94025157232703,98.58490566037736,83.80503144654088,80.34591194968553,0.3308298481506473,3.214285714285714,0.5836819071585565,0.3973579834569599,0.11122155340273,2.0524956970740105,35.0,2.512578616352201
Piotr Zielinski,Napoli,Serie A,2023,30.1,22000000.0,1979,75.52959501557632,85.66978193146417,78.19314641744549,60.59190031152647,0.1770970251923214,2.182920667003537,0.5370896585293192,0.4137094794834214,0.0913107767701149,1.3643254168772108,22.0,3.4331634097989236
Piotr Zielinski,Inter,Serie A,2024,31.1,10000000.0,947,67.77126099706744,45.30791788856305,88.12316715542522,70.23460410557185,0.0587455892528248,1.2354804646251318,0.6402368042441016,0.5285788511359767,0.1113654808028195,1.6156282998944034,10.0,6.777126099706744
Abdoulaye Touré,Le Havre,Ligue 1,2023,30.3,3000000.0,2314,33.25934579439252,9.57943925233645,47.66355140186916,44.0809968847352,0.0256229284627551,0.5056179775280899,0.3262615911807469,0.2910610371934976,0.0489465215113802,1.2445980985306828,3.0,11.086448598130842
Abdoulaye Touré,Le Havre,Ligue 1,2024,31.3,3000000.0,2347,34.098240469208214,4.105571847507331,32.99120234604106,70.38123167155426,0.0223852893790769,0.2684277801448658,0.298937759443508,0.2561234401734994,0.0974925083211814,1.8023008095440989,3.0,11.366080156402738
James Ward-Prowse,Southampton,EPL,2022,28.7,38000000.0,3378,57.63364779874213,84.90566037735849,36.63522012578616,50.31446540880504,0.1614167431673799,1.9182948490230909,0.2810435676798357,0.2302423726145317,0.0629902527490581,1.172291296625222,38.0,1.5166749420721615
James Ward-Prowse,West Ham,EPL,2023,29.7,30000000.0,3025,63.535825545171335,88.47352024922118,37.38317757009346,64.95327102803738,0.241244162816154,1.904132231404959,0.3567808192962212,0.2102051142941821,0.1224878783407043,1.309090909090909,30.0,2.117860851505711
James Ward-Prowse,"Nottingham Forest,West Ham",EPL,2024,30.7,8000000.0,1449,50.35190615835776,79.76539589442815,28.152492668621697,41.935483870967744,0.2026028905688605,1.4906832298136647,0.3440315590488799,0.1810398657939263,0.0803841070289382,0.8695652173913043,8.0,6.29398826979472
Hernani,Parma Calcio 1913,Serie A,2024,31.3,1600000.0,1330,44.20087976539589,72.58064516129032,17.888563049853374,41.78885630498533,0.1411776585798514,1.62406015037594,0.2547897695934862,0.1793301354505514,0.0327770201265251,1.3533834586466165,1.6,27.62554985337243
Jean-Paul Boëtius,Hertha Berlin,Bundesliga,2022,29.3,1500000.0,1048,29.944968553459123,47.64150943396227,24.842767295597483,15.251572327044029,0.0736316616419446,1.116412213740458,0.2476000147987199,0.1862931926779179,0.0292083400013707,0.4293893129770992,1.5,19.963312368972748
Tiemoué Bakayoko,Lorient,Ligue 1,2023,29.9,2000000.0,1320,31.526479750778808,7.63239875389408,42.5233644859813,46.57320872274143,0.0350454580038785,0.2727272727272727,0.3484008740633726,0.2463766854595053,0.1047484956639395,0.8181818181818181,2.0,15.763239875389404
Seko Fofana,Lens,Ligue 1,2022,28.1,32000000.0,3081,69.61477987421384,48.42767295597484,70.28301886792454,93.55345911949686,0.0849267555275585,1.0516066212268744,0.5304633784665569,0.2834230915306838,0.198562772556443,2.482960077896786,32.0,2.1754618710691824
Adrien Rabiot,Juventus,Serie A,2022,28.2,40000000.0,2756,55.03144654088051,44.0251572327044,40.566037735849065,84.74842767295598,0.0705709885325991,1.0123367198838895,0.3387507947002293,0.21477281660685,0.2362646388379297,1.5674891146589258,40.0,1.3757861635220128
Adrien Rabiot,Juventus,Serie A,2023,29.2,35000000.0,2650,58.65264797507787,57.00934579439252,54.361370716510905,65.57632398753893,0.1499701728657731,0.8830188679245283,0.4382900414882965,0.2513254580210964,0.1319534461207266,1.290566037735849,35.0,1.675789942145082
Adrien Rabiot,Marseille,Ligue 1,2024,30.2,25000000.0,2476,77.40469208211144,62.756598240469216,83.87096774193549,86.95014662756597,0.1437557709774962,1.054119547657512,0.7242023039260136,0.3911008453222295,0.2648496138449511,1.7810985460420037,25.0,3.0961876832844575
Joe Rothwell,Bournemouth,EPL,2022,28.5,4000000.0,1028,23.215408805031444,41.9811320754717,19.49685534591195,5.660377358490567,0.1049039367919765,0.7003891050583657,0.2099540856927778,0.1862653753365089,0.0130297415364345,0.2626459143968871,4.0,5.803852201257861
Jordan Clark,Luton,EPL,2023,30.8,1000000.0,1326,39.68847352024922,51.24610591900312,23.83177570093458,44.70404984423676,0.1254659347084447,0.8144796380090499,0.2968744800860121,0.1769449739670592,0.0628711241908472,1.1538461538461535,1.0,39.68847352024922
Alfred Duncan,Fiorentina,Serie A,2022,30.3,4000000.0,1112,36.12421383647799,43.71069182389937,40.09433962264151,22.641509433962263,0.0609936185764055,1.1330935251798562,0.2882014093300824,0.2378718632695486,0.0295768770231805,0.7284172661870504,4.0,9.031053459119498
Alfred Duncan,Fiorentina,Serie A,2023,31.3,4000000.0,1922,51.72897196261681,63.70716510903426,43.30218068535825,47.58566978193146,0.0847393604970375,1.6857440166493236,0.3680629336006714,0.240928963016676,0.0818475725034273,1.0770031217481788,4.0,12.932242990654203
Alfred Duncan,Venezia,Serie A,2024,32.3,,965,49.12023460410556,68.18181818181817,19.501466275659823,61.43695014662756,0.1849657651326508,1.0259067357512954,0.3220858764038493,0.1470572919502777,0.0903181311688892,1.3989637305699485,,
Vincenzo Grifo,Freiburg,Bundesliga,2023,31.2,9000000.0,2416,71.96261682242991,92.83489096573209,49.22118380062305,74.14330218068535,0.3055085553109202,2.0860927152317883,0.4663345009467829,0.2098055295137355,0.1168785297499957,1.8253311258278144,9.0,7.995846313603323
Julian Brandt,Borussia Dortmund,Bundesliga,2024,29.2,25000000.0,2354,90.45454545454544,97.21407624633432,93.10850439882698,79.47214076246334,0.3452859421164911,2.332200509770604,0.8849803862037706,0.509461270433201,0.175100664565452,1.6822429906542056,25.0,3.6181818181818177
Ryan Christie,Bournemouth,EPL,2023,29.4,12000000.0,2974,65.28037383177569,81.77570093457943,62.14953271028037,49.68847352024922,0.1924529844906278,1.6039004707464692,0.4511436443179645,0.2929912272166828,0.0615102038784522,1.3012777404169469,12.0,5.4400311526479745
Ryan Christie,Bournemouth,EPL,2024,30.4,10000000.0,2150,60.300586510263926,79.76539589442815,45.894428152492665,54.39882697947213,0.1598825787129097,1.7581395348837208,0.4073716689680898,0.2597000603585742,0.0680517549085062,1.3813953488372093,10.0,6.030058651026392
Carlos Gruezo,Augsburg,Bundesliga,2022,28.2,3000000.0,967,5.998427672955975,11.163522012578618,5.031446540880504,1.10062893081761,0.0205168543689746,0.5584281282316442,0.145929537505497,0.1229579546397326,0.0024547197421648,0.1861427094105481,3.0,1.999475890985325
Maximilian Eggestein,Freiburg,Bundesliga,2022,26.6,10000000.0,2457,26.82389937106918,35.53459119496856,26.41509433962264,17.138364779874212,0.0591124373150395,0.8791208791208791,0.256832485656926,0.1903903265330162,0.0233751095340147,0.5860805860805861,10.0,2.682389937106918
Maximilian Eggestein,Freiburg,Bundesliga,2023,27.6,10000000.0,2926,41.84579439252336,38.94080996884736,38.1619937694704,49.53271028037384,0.0820377024058672,0.7689678742310322,0.3410663669426007,0.2296170442137849,0.0707797988133934,1.19958988380041,10.0,4.184579439252336
Maximilian Eggestein,Freiburg,Bundesliga,2024,28.6,10000000.0,2877,37.74926686217009,20.67448680351906,42.81524926686217,51.759530791788855,0.0472745396453223,0.5943691345151199,0.355584127440023,0.2806354537353743,0.0866167629341574,1.1261730969760166,10.0,3.7749266862170088
Corentin Tolisso,Lyon,Ligue 1,2022,28.9,14000000.0,2059,81.0062893081761,85.53459119496856,95.9119496855346,58.33333333333333,0.2596968690846196,1.4424477901894122,0.7937813257493687,0.6035732143549968,0.0734705273007712,1.3113161728994658,14.0,5.786163522012578
Corentin Tolisso,Lyon,Ligue 1,2024,30.9,12000000.0,2343,83.74633431085043,67.59530791788856,96.7741935483871,87.39002932551318,0.1538986646511834,1.1907810499359794,0.9238843693756876,0.6410530108896474,0.2176239564370903,1.9590268886043527,12.0,6.978861192570869
Fred,Manchester United,EPL,2022,30.3,20000000.0,1207,92.08333333333331,91.8238993710692,97.0125786163522,86.63522012578616,0.1901306261485188,2.236951118475559,0.90655238553573,0.6058299018636457,0.1675680086368505,1.9386909693454848,20.0,4.604166666666666
Unai López,Rayo Vallecano,La Liga,2022,27.7,3500000.0,1218,56.643081761006286,60.06289308176101,39.77987421383648,72.32704402515724,0.0750182131351215,1.5517241379310345,0.3009007046265261,0.2311791126556658,0.087166698259563,1.9211822660098523,3.5,16.183737646001795
Unai López,Rayo Vallecano,La Liga,2023,28.7,3000000.0,2184,43.02180685358255,62.92834890965732,23.676012461059187,42.36760124610592,0.1090031362952316,1.2774725274725274,0.2682404385388389,0.1961493494301256,0.0362172147775949,1.3186813186813189,3.0,14.340602284527515
Unai López,Rayo Vallecano,La Liga,2024,29.7,2500000.0,1740,41.37096774193548,35.630498533724335,33.43108504398827,57.33137829912023,0.0469490044011638,0.9827586206896552,0.3282193357189154,0.2407326299600816,0.0808369442659976,1.3448275862068966,2.5,16.548387096774192
Jackson Irvine,St. Pauli,Bundesliga,2024,32.3,2000000.0,2610,53.53372434017595,68.03519061583577,26.09970674486804,68.6217008797654,0.1654811847537499,1.137931034482759,0.3415545882528712,0.1682002588721184,0.1269913987609847,1.4137931034482758,2.0,26.766862170087975
Leroy Sané,Bayern Munich,Bundesliga,2022,27.5,65000000.0,1997,94.1823899371069,86.9496855345912,96.69811320754717,99.68553459119497,0.2324677534069368,1.5773660490736103,1.0816023807131354,0.5295378909085802,0.4268027576592246,3.560340510766149,65.0,1.44895984518626
Leroy Sané,Bayern Munich,Bundesliga,2023,28.5,70000000.0,2139,97.35981308411212,98.75389408099689,94.23676012461058,99.37694704049844,0.4757465971542358,3.02945301542777,1.235203573697078,0.5254524802530465,0.4402443198395728,3.071528751753156,70.0,1.390854472630173
Leroy Sané,Bayern Munich,Bundesliga,2024,29.5,32000000.0,1638,96.10703812316716,94.86803519061584,94.1348973607038,99.8533724340176,0.3364428274005979,2.032967032967033,1.183247578913694,0.470666535669467,0.596927796377913,3.6813186813186816,32.0,3.0033449413489737
Nicolas Haas,Empoli,Serie A,2022,27.4,2000000.0,1158,24.4496855345912,32.54716981132076,4.559748427672956,38.20754716981132,0.0719466307465894,0.6994818652849741,0.1995326523606332,0.0581327253479722,0.0871665737654415,0.6217616580310881,2.0,12.2248427672956
Stanislav Lobotka,Napoli,Serie A,2022,28.6,40000000.0,3117,33.74213836477987,12.264150943396228,77.67295597484276,7.547169811320755,0.0327309038888042,0.4908565928777671,0.4743267712474615,0.4328214758836787,0.0145980040968554,0.3176130895091434,40.0,0.8435534591194968
Stanislav Lobotka,Napoli,Serie A,2023,29.6,28000000.0,3324,33.613707165109034,18.53582554517134,71.49532710280373,7.009345794392523,0.0402317203611592,0.6227436823104693,0.4522812741200039,0.4077950096268892,0.016993548433609,0.3790613718411552,28.0,1.2004895416110368
Stanislav Lobotka,Napoli,Serie A,2024,30.6,25000000.0,2678,31.979472140762464,18.181818181818183,71.5542521994135,1.906158357771261,0.0426273057070338,0.5713218820014937,0.4639097148743114,0.442822629292346,0.0085291856986103,0.2352501867064974,25.0,1.2791788856304986
John McGinn,Aston Villa,EPL,2022,28.7,27000000.0,2692,47.30345911949686,40.25157232704402,46.38364779874215,56.60377358490567,0.1139571610561407,0.6017830609212481,0.3567335703154198,0.2306876992073358,0.0651054617735719,1.4041604754829122,27.0,1.7519799673887724
John McGinn,Aston Villa,EPL,2023,29.7,30000000.0,3053,72.74922118380061,73.3644859813084,80.68535825545172,62.77258566978193,0.1658749641149582,1.326564035375041,0.6125977402568215,0.4081437170695876,0.1377351891494679,1.179168031444481,30.0,2.4249740394600203
John McGinn,Aston Villa,EPL,2024,30.7,16000000.0,2247,62.43401759530791,64.51612903225806,56.3049853372434,67.15542521994135,0.1393495956920734,1.2016021361815754,0.4743361970700712,0.2905073034538525,0.1519715541523591,1.2416555407209613,16.0,3.902126099706744
Liam Henderson,Empoli,Serie A,2022,27.2,2500000.0,989,64.97641509433961,85.06289308176102,67.29559748427673,38.83647798742138,0.1832731847281222,1.6380182002022246,0.4261613644930723,0.3611315032175325,0.0431851893136065,1.0920121334681496,2.5,25.990566037735846
Liam Henderson,Empoli,Serie A,2024,29.2,,2358,36.94281524926686,69.06158357771261,18.7683284457478,20.67448680351906,0.1578994499846496,1.2213740458015268,0.2698793432511787,0.1753480052433282,0.0192634778040397,0.8396946564885497,,
Michele Castagnetti,Cremonese,Serie A,2022,33.5,700000.0,1402,45.746855345911946,71.54088050314465,37.735849056603776,25.0,0.1137941228903394,1.6048502139800287,0.3032353197154024,0.2189473076039306,0.0304003573752163,0.7703281027104137,0.7,65.35265049415993
Julian Weigl,Borussia M.Gladbach,Bundesliga,2022,27.8,10000000.0,1892,26.014150943396224,6.289308176100629,63.05031446540881,5.817610062893081,0.0269067629651967,0.2854122621564482,0.3700680743280727,0.3674783256794887,0.008207115194077,0.3805496828752643,10.0,2.6014150943396226
Julian Weigl,Borussia M.Gladbach,Bundesliga,2023,28.8,6000000.0,2774,37.28193146417445,35.981308411214954,55.45171339563862,17.601246105919003,0.0734904364876787,0.7786589762076424,0.3721770577511408,0.3104634953846734,0.02810713205226,0.6164383561643836,6.0,6.213655244029074
Julian Weigl,Borussia M.Gladbach,Bundesliga,2024,29.8,6000000.0,2908,25.33724340175953,10.117302052785924,50.58651026392962,13.636363636363637,0.0356703181398784,0.3713892709766161,0.3621805253972849,0.3153909300421935,0.0207687490280241,0.5880330123796423,6.0,4.222873900293255
Alberto Grassi,Empoli,Serie A,2022,28.3,2000000.0,1186,11.839622641509433,7.861635220125786,3.4591194968553465,26.257861635220124,0.0206192857530878,0.4553119730185497,0.1344503229248383,0.1060370433742642,0.0376343767474363,0.7588532883642496,2.0,5.919811320754716
Alberto Grassi,Empoli,Serie A,2023,29.3,1800000.0,1837,23.22429906542056,9.96884735202492,24.61059190031153,37.07165109034268,0.0410961951993539,0.2939575394665215,0.2370517590591683,0.2191609162664893,0.0445367038608911,1.1268372346216655,1.8,12.90238836967809
Alberto Grassi,Empoli,Serie A,2024,30.3,1800000.0,2245,15.417888563049852,5.718475073313783,21.994134897360706,19.06158357771261,0.0290952637824821,0.2806236080178174,0.2674853940969354,0.2002011138244733,0.0467365356141448,0.4409799554565701,1.8,8.565493646138806
Bryan Cristante,Roma,Serie A,2024,30.3,7000000.0,2046,55.52785923753666,37.2434017595308,66.86217008797654,63.63636363636364,0.0757188603276512,0.7917888563049854,0.4686403899423538,0.3791318834374203,0.1078645219682248,1.3196480938416424,7.0,7.932551319648094
Danilo Cataldi,Lazio,Serie A,2022,28.9,10000000.0,1986,30.188679245283016,24.21383647798742,59.74842767295597,2.672955974842768,0.0453831850244379,0.7250755287009063,0.3516531158013556,0.3404968753569616,0.0078285860145335,0.2719033232628399,10.0,3.0188679245283017
Danilo Cataldi,Lazio,Serie A,2023,29.9,5500000.0,1355,29.937694704049846,32.398753894081,35.51401869158879,20.5607476635514,0.0636758851815303,0.7306273062730627,0.2918806233515488,0.2470957128695346,0.0207734701680741,0.7970479704797048,5.5,5.443217218918154
Danilo Cataldi,Fiorentina,Serie A,2024,30.9,3500000.0,1762,33.4457478005865,21.26099706744868,55.57184750733137,21.847507331378296,0.0303293322715126,0.7150964812712826,0.3785728361821234,0.3427644572183743,0.0404762584138894,0.6640181611804767,3.5,9.555927943024715
Ruben Loftus-Cheek,AC Milan,Serie A,2023,28.4,25000000.0,2111,65.55295950155762,54.20560747663551,63.39563862928349,81.30841121495327,0.0945166172128839,1.0658455708195167,0.5001901771409119,0.2705914707089391,0.1700245238018227,1.7479867361440071,25.0,2.622118380062305
Ruben Loftus-Cheek,AC Milan,Serie A,2024,29.4,10000000.0,1022,60.82111436950146,71.7008797653959,72.28739002932551,34.75073313782991,0.1502022728571803,1.4090019569471623,0.5274103488955362,0.3663724361610856,0.064450106820467,0.7925636007827788,10.0,6.082111436950146
Roque Mesa,Real Valladolid,La Liga,2022,34.1,2500000.0,1631,45.71540880503144,35.84905660377358,45.44025157232704,57.54716981132076,0.0489644640582715,0.9932556713672596,0.328414460517361,0.2402533928205326,0.0665767862878918,1.434702636419375,2.5,18.286163522012576
Andreas Pereira,Fulham,EPL,2022,27.5,18000000.0,2765,66.11635220125785,84.59119496855347,27.358490566037737,89.77987421383648,0.1574407694743403,1.952983725135624,0.3305452248960679,0.1404225417222511,0.1844173880566794,2.0180831826401446,18.0,3.6731306778476585
Andreas Pereira,Fulham,EPL,2023,28.5,20000000.0,2756,77.35202492211837,92.5233644859813,60.12461059190031,79.75077881619937,0.2259153232494766,2.71044992743106,0.5054024807839819,0.2523099620358853,0.1683708466623243,1.6981132075471697,20.0,3.867601246105919
Andreas Pereira,Fulham,EPL,2024,29.5,18000000.0,2063,80.60117302052785,94.28152492668622,68.7683284457478,78.4457478005865,0.2494652735920811,2.4866698982064954,0.5513552543438585,0.3243538366393215,0.1608630866480434,1.7014057198254968,18.0,4.4778429455848805
Jack Grealish,Manchester City,EPL,2023,28.8,60000000.0,975,93.5202492211838,92.99065420560748,97.97507788161994,88.94080996884735,0.2560913297419365,2.4000000000000004,1.0746988913187616,0.6919522852565233,0.2200159357144283,2.030769230769231,60.0,1.5586708203530635
Nabil Fekir,Real Betis,La Liga,2022,29.9,20000000.0,963,75.49528301886792,93.71069182389935,45.44025157232704,89.30817610062894,0.2464652722962549,2.149532710280374,0.4440621772311001,0.1841154844265118,0.1633454488468504,2.336448598130841,20.0,3.7747641509433962
Branco van den Boomen,Toulouse,Ligue 1,2022,27.9,12000000.0,2900,79.98427672955974,97.0125786163522,73.42767295597483,67.76729559748428,0.2682172200995786,2.793103448275862,0.496962226284989,0.3393245119858404,0.0871773526136731,1.6137931034482758,12.0,6.6653563941299785
Matús Bero,Bochum,Bundesliga,2024,29.8,3000000.0,2488,54.904692082111424,79.32551319648093,21.994134897360706,64.80938416422288,0.1507518771913058,1.844855305466238,0.3432151451602075,0.1418341585012733,0.1564713485967188,1.157556270096463,3.0,18.301564027370475
Thomas Lemar,Atletico Madrid,La Liga,2022,27.6,22000000.0,1264,67.55503144654088,79.87421383647799,73.11320754716981,46.698113207547166,0.133993087389471,1.92246835443038,0.5115618019164363,0.3242697372083564,0.0853866273154139,0.925632911392405,22.0,3.07068324757004
Mario Pasalic,Atalanta,Serie A,2024,30.4,10000000.0,1973,87.41202346041055,77.12609970674487,93.6950146627566,92.08211143695016,0.1813045255292265,1.4597060314242272,0.8727917606478346,0.5457909859327936,0.2865940717309034,2.0983274201723265,10.0,8.741202346041055
Will Hughes,Crystal Palace,EPL,2023,29.2,9000000.0,1924,29.64953271028037,46.72897196261682,33.177570093457945,5.607476635514018,0.0798353806269701,0.9823284823284824,0.2683915754222541,0.2493457883604165,0.0140810031889165,0.3742203742203742,9.0,3.2943925233644853
Will Hughes,Crystal Palace,EPL,2024,30.2,7000000.0,2160,51.73020527859237,68.32844574780059,53.95894428152493,29.765395894428156,0.140169880973796,1.375,0.3761038194255282,0.3284787107259035,0.0384387542338421,0.9166666666666669,7.0,7.390029325513196
Djibril Sow,Eintracht Frankfurt,Bundesliga,2022,26.4,22000000.0,2664,45.935534591194966,17.92452830188679,77.20125786163521,42.138364779874216,0.0375710108090896,0.6081081081081081,0.4832638074278932,0.4035029573856878,0.0656998354148723,0.945945945945946,22.0,2.0879788450543164
Djibril Sow,Sevilla,La Liga,2023,27.4,9000000.0,1499,46.456386292834885,38.47352024922118,50.467289719626166,51.09034267912773,0.0626863183216344,0.9006004002668445,0.3973646089310364,0.2548664654067669,0.0962267223847476,1.0807204803202135,9.0,5.161820699203876
Djibril Sow,Sevilla,La Liga,2024,28.4,7500000.0,2095,44.14222873900293,45.74780058651026,34.75073313782991,53.2258064516129,0.0866533022969605,0.902147971360382,0.3600619193744404,0.2104960310812995,0.1150685000524529,0.9451073985680192,7.5,5.885630498533724
Florian Tardieu,Troyes,Ligue 1,2022,31.2,2000000.0,1014,53.33333333333333,53.459119496855344,65.09433962264151,39.46540880503144,0.0572295783545006,1.5088757396449703,0.4031630540983035,0.3651838817429789,0.0381547009803839,1.1538461538461535,2.0,26.666666666666664
Florian Tardieu,Saint-Etienne,Ligue 1,2024,33.2,600000.0,1245,59.71407624633431,58.79765395894428,73.60703812316714,44.57478005865103,0.0837375542306038,1.5180722891566265,0.5005294161747738,0.4184517728456532,0.0582788649901568,1.1566265060240963,0.6,99.52346041055718
Lucas Torró,Osasuna,La Liga,2022,28.9,8000000.0,2522,27.940251572327043,2.672955974842768,42.9245283018868,39.937106918239,0.0078797660521353,0.3211736716891356,0.2857413908878812,0.2595083382863974,0.0522418748026065,0.999206978588422,8.0,3.4925314465408803
Lucas Torró,Osasuna,La Liga,2023,29.9,4000000.0,1791,29.23676012461059,10.280373831775702,21.18380062305296,60.74766355140187,0.0328598267880815,0.4522613065326633,0.2584758443037169,0.1863699063808475,0.0751636778215068,1.507537688442211,4.0,7.309190031152648
Lucas Torró,Osasuna,La Liga,2024,30.9,3000000.0,2983,18.71700879765396,6.891495601173021,9.3841642228739,43.40175953079179,0.0295818952997778,0.3017096882333221,0.1874395786524518,0.1573219916780463,0.080677670418237,0.9051290646999663,3.0,6.23900293255132
Adrien Thomasson,Lens,Ligue 1,2023,30.6,5000000.0,1186,90.09345794392524,94.39252336448598,81.30841121495327,95.32710280373831,0.3160210545795135,2.2765598650927488,0.8261518569232841,0.3263984891015904,0.3591442565177685,2.2765598650927488,5.0,18.01869158878505
Adrien Thomasson,Lens,Ligue 1,2024,31.6,5000000.0,2640,82.866568914956,86.51026392961877,83.13782991202345,78.29912023460412,0.2048298926516013,1.875,0.6856367846273563,0.3922223676292395,0.2175340098540552,1.4318181818181817,5.0,16.5733137829912
Stefano Sensi,Monza,Serie A,2022,27.9,8000000.0,1644,61.74528301886792,63.67924528301887,75.94339622641509,42.9245283018868,0.1089024461506709,1.313868613138686,0.4909869219536764,0.3891684337226797,0.0647814652243506,0.9854014598540146,8.0,7.71816037735849
André Gomes,Lille,Ligue 1,2022,29.9,16000000.0,1627,47.020440251572325,29.874213836477985,69.0251572327044,41.35220125786164,0.0553770771120762,0.7744314689612785,0.4344013761717554,0.3772745551867725,0.0576204913837197,0.995697602950215,16.0,2.9387775157232703
André Gomes,Lille,Ligue 1,2024,31.9,6000000.0,1301,47.096774193548384,29.17888563049853,85.77712609970675,22.873900293255133,0.060753242315282,0.6917755572636433,0.5879749994808028,0.5529355223675034,0.0331514768751995,0.7609531129900077,6.0,7.849462365591397
Jesper Karlström,Udinese,Serie A,2024,30.0,4000000.0,3201,16.436950146627563,20.234604105571847,18.18181818181818,9.970674486803516,0.0471863250624329,0.5904404873477038,0.2400923655966284,0.1879121568280899,0.0287207618142777,0.3655107778819119,4.0,4.109237536656891
Florent Mollet,Nantes,Ligue 1,2022,31.6,2000000.0,1082,62.54716981132076,81.44654088050314,34.59119496855346,73.11320754716982,0.1453212222218678,1.9131238447319776,0.3259266270135225,0.1866858429490638,0.0942227519556273,1.829944547134936,2.0,31.27358490566038
Konrad Laimer,RasenBallsport Leipzig,Bundesliga,2022,26.1,28000000.0,1482,65.08647798742139,57.54716981132076,63.99371069182391,75.15723270440252,0.1269240851178463,0.97165991902834,0.5370632730243419,0.2350578760268234,0.1961385221163994,1.2145748987854252,28.0,2.3245170709793355
Xaver Schlager,RasenBallsport Leipzig,Bundesliga,2022,25.8,22000000.0,1504,43.60062893081761,20.59748427672956,92.9245283018868,12.89308176100629,0.0582414314874071,0.4787234042553191,0.6520448568118539,0.5736251136268231,0.0326615086251354,0.2992021276595745,22.0,1.9818467695826185
Xaver Schlager,RasenBallsport Leipzig,Bundesliga,2023,26.8,28000000.0,2499,56.65887850467288,45.32710280373831,95.32710280373831,24.766355140186917,0.0783071237183561,0.9723889555822328,0.7908499386219703,0.7295954849745402,0.036046312672465,0.7563025210084033,28.0,2.0235313751668884
Fabinho,Liverpool,EPL,2022,29.7,42000000.0,2691,45.5503144654088,32.54716981132076,83.17610062893081,16.82389937106918,0.0898952221803142,0.568561872909699,0.5132619203706849,0.4484693314194879,0.0218497233209901,0.6020066889632107,42.0,1.0845312967954477
Karol Linetty,Torino,Serie A,2022,28.4,3500000.0,1885,40.40880503144653,33.33333333333333,55.0314465408805,31.60377358490566,0.0392698072272523,1.0026525198938991,0.3532678426221132,0.2896709993027091,0.0490231510815,0.7639257294429708,3.5,11.54537286612758
Karol Linetty,Torino,Serie A,2023,29.4,3500000.0,1856,28.512461059190027,29.595015576323988,33.177570093457945,21.80685358255452,0.0540676509363351,0.7273706896551725,0.2861313716958052,0.2392897455740302,0.0262217241407629,0.7758620689655172,3.5,8.146417445482864
Karol Linetty,Torino,Serie A,2024,30.4,1800000.0,1548,20.0733137829912,18.7683284457478,7.038123167155425,36.80351906158358,0.0414418169773768,0.5813953488372092,0.181834002534404,0.1480928459204733,0.0495134949207652,0.9883720930232558,1.8,11.151840990550665
Luca Mazzitelli,Frosinone,Serie A,2023,28.6,4000000.0,2229,44.43146417445482,18.22429906542056,47.97507788161994,70.87227414330218,0.0500817791700443,0.4845222072678331,0.3611342858117009,0.2637918924218392,0.0916808183539363,1.9784656796769853,4.0,11.107866043613704
Ivan Sunjic,Hertha Berlin,Bundesliga,2022,26.7,1500000.0,989,9.685534591194967,4.088050314465409,8.49056603773585,17.61006289308176,0.015158966311731,0.3640040444893832,0.1737657124769881,0.1311220658078593,0.0293084504450054,0.5460060667340748,1.5,6.457023060796645
César De la Hoz,Almeria,La Liga,2022,31.2,1200000.0,1673,18.84433962264151,18.081761006289305,26.729559748427672,10.534591194968554,0.0652765249972634,0.2689778840406455,0.2456816630543739,0.2023327562822172,0.0182702422622998,0.3765690376569037,1.2,15.703616352201259
Morten Thorsby,Genoa,Serie A,2023,28.2,3000000.0,1127,37.29750778816199,47.81931464174454,6.542056074766355,60.903426791277255,0.1263163532622112,0.7187222715173025,0.2277145534836437,0.0640216027241871,0.1655326313202822,1.0381543921916594,3.0,12.432502596053995
Harrison Reed,Fulham,EPL,2022,28.4,18000000.0,2911,40.26729559748428,56.28930817610063,30.18867924528302,33.333333333333336,0.1086589273920187,1.082102370319478,0.3135179519097918,0.1687459580821654,0.067479094386111,0.6183442116111302,18.0,2.2370719776380152
Harrison Reed,Fulham,EPL,2023,29.4,15000000.0,1298,38.16978193146417,49.22118380062305,46.88473520249221,15.109034267912772,0.0894255024482867,0.9707241910631742,0.3271283383821302,0.2868504332054194,0.0198252849174643,0.6240369799691834,15.0,2.544652128764278
Birama Touré,Auxerre,Ligue 1,2022,31.1,1800000.0,3408,7.932389937106919,0.628930817610063,8.018867924528303,16.352201257861637,0.0047243157447591,0.1584507042253521,0.1536022728099159,0.1379009058476019,0.0164274364368806,0.6602112676056338,1.8,4.406883298392732
Atakan Karazor,VfB Stuttgart,Bundesliga,2022,26.7,4000000.0,1957,21.014150943396224,15.40880503144654,41.66666666666666,3.459119496855346,0.0236191917410692,0.6438426162493612,0.2794262684889301,0.2598094098140496,0.0091741040375656,0.2759325498211548,4.0,5.253537735849056
Atakan Karazor,VfB Stuttgart,Bundesliga,2023,27.7,12000000.0,2660,55.0778816199377,54.04984423676012,85.82554517133957,20.40498442367601,0.1050683812735448,0.9812030075187972,0.6393945431126687,0.523971732663817,0.0326666041501426,0.6428571428571428,12.0,4.589823468328142
Atakan Karazor,VfB Stuttgart,Bundesliga,2024,28.7,12000000.0,2656,47.14076246334311,28.005865102639294,78.1524926686217,33.28445747800586,0.0832859738533531,0.5082831325301205,0.5169802480896216,0.4581869900063892,0.0893735403267958,0.5082831325301205,12.0,3.928396871945259
Ondrej Duda,Verona,Serie A,2022,28.6,3400000.0,1068,21.21855345911949,11.949685534591191,3.930817610062893,52.20125786163522,0.0406485164454311,0.4213483146067416,0.1726201940798776,0.0935840978695268,0.0793187553324642,1.0955056179775282,3.4,6.240751017388086
Ondrej Duda,Verona,Serie A,2023,29.6,4000000.0,2505,41.53426791277258,77.25856697819314,13.239875389408098,32.86604361370716,0.1359121639861496,1.9401197604790417,0.2286390798266776,0.1550061152857577,0.0504974117446802,0.8263473053892215,4.0,10.383566978193144
Ondrej Duda,Verona,Serie A,2024,30.6,3500000.0,2414,42.22873900293255,62.02346041055719,33.87096774193549,28.88563049853372,0.1282045456242084,1.193040596520298,0.3246090857060541,0.2433765973655048,0.0330786047582055,0.932062966031483,3.5,12.065354000837871
Nadiem Amiri,"Bayer Leverkusen,Mainz 05",Bundesliga,2023,27.7,7000000.0,1412,81.38629283489097,97.97507788161994,68.06853582554517,77.57009345794393,0.3235671586533823,3.2507082152974505,0.4668733855134283,0.3297409034537272,0.1041774364668485,2.485835694050991,7.0,11.62661326212728
Nadiem Amiri,Mainz 05,Bundesliga,2024,28.7,20000000.0,2501,84.73607038123167,95.60117302052788,74.48680351906158,84.01759530791787,0.2972929707740614,2.2311075569772094,0.5777514975120286,0.3621882454204302,0.1509561662117942,2.2311075569772094,20.0,4.236803519061583
Aissa Laidouni,Union Berlin,Bundesliga,2023,27.5,6000000.0,1029,54.08099688473519,60.59190031152647,54.67289719626167,45.794392523364486,0.1312759035313094,1.0495626822157431,0.4234293662554668,0.2635874757516054,0.0671904933239732,1.1370262390670554,6.0,9.013499480789198
Grischa Prömel,Hoffenheim,Bundesliga,2022,28.5,7000000.0,1458,38.977987421383645,20.283018867924525,27.20125786163522,74.52830188679245,0.0566443270302297,0.4938271604938271,0.3032159437942835,0.1618748850384612,0.1436737430408413,1.4814814814814816,7.0,5.568283917340521
Alessandro Deiola,Cagliari,Serie A,2023,28.9,1900000.0,1611,34.626168224299064,22.58566978193146,13.862928348909657,72.89719626168224,0.0548851124775809,0.558659217877095,0.2564101101175034,0.1443018274142422,0.1633535079949395,1.3966480446927374,1.9,18.22429906542056
Alessandro Deiola,Cagliari,Serie A,2024,29.9,1600000.0,1439,27.25806451612903,13.343108504398828,18.914956011730204,53.2258064516129,0.0485694615780023,0.375260597637248,0.2780704571502419,0.1719115325524792,0.0912648202920018,1.1257817929117444,1.6,17.03629032258064
Alexis Blin,Lecce,Serie A,2023,27.8,3000000.0,1619,31.91588785046729,18.69158878504673,44.85981308411215,32.242990654205606,0.0606948676403471,0.3891290920321186,0.3169610205556855,0.2777443760735632,0.0632261970138535,0.7226683137739346,3.0,10.638629283489097
Marvin Mehlem,Darmstadt,Bundesliga,2023,26.8,2500000.0,1538,53.89408099688473,53.73831775700934,37.22741433021807,73.5202492211838,0.0782919831825868,1.287386215864759,0.4093534060086575,0.1794341720170759,0.1771788974746732,1.3459037711313393,2.5,21.557632398753892
Michel Aebischer,Bologna,Serie A,2023,27.5,9000000.0,2232,30.490654205607477,30.218068535825545,36.60436137071651,23.676012461059187,0.0616085724604706,0.6854838709677419,0.3092533727026274,0.2422890236841574,0.0393142951877727,0.6854838709677419,9.0,3.3878504672897196
Laurent Abergel,Lorient,Ligue 1,2022,30.4,3000000.0,2355,24.79559748427673,18.238993710691823,41.82389937106918,12.57861635220126,0.0483935575481433,0.535031847133758,0.2905434331127033,0.2457553759501997,0.016787893049846,0.4968152866242037,3.0,8.265199161425576
Laurent Abergel,Lorient,Ligue 1,2023,31.4,3000000.0,2863,36.64330218068535,42.36760124610592,41.90031152647975,23.83177570093458,0.0647304450082708,0.9745022703457912,0.3195349131738477,0.2554134913361389,0.0288657356399055,0.8173244848061474,3.0,12.21443406022845
Bruno Fernandes,Manchester United,EPL,2022,28.8,75000000.0,3326,96.04559748427674,99.21383647798744,94.33962264150944,94.33962264150944,0.4672290588198739,3.1930246542393266,0.9583970893933804,0.4796289185300622,0.2127723070113543,2.489476849067949,75.0,1.2806079664570231
Filippo Bandinelli,Empoli,Serie A,2022,28.3,3500000.0,2316,34.15094339622641,57.38993710691824,7.70440251572327,37.89308176100629,0.0976318044713432,1.2046632124352332,0.2195139401447549,0.1044484307275303,0.0557169354149174,0.932642487046632,3.5,9.757412398921831
Stijn Spierings,Toulouse,Ligue 1,2022,27.3,6000000.0,3126,41.721698113207545,22.955974842767297,73.74213836477988,26.257861635220124,0.0526759208085269,0.6333973128598849,0.4447797101863344,0.4097512421232153,0.0438456100299096,0.690978886756238,6.0,6.953616352201258
Stijn Spierings,"Lens,Toulouse",Ligue 1,2023,28.3,4500000.0,1611,34.260124610591895,27.570093457943923,58.56697819314641,13.707165109034268,0.044377415737543,0.7821229050279329,0.369215243022535,0.3417650295952179,0.0179369506223241,0.6145251396648045,4.5,7.613361024575976
Bernardo Silva,Manchester City,EPL,2023,29.9,70000000.0,2599,83.8473520249221,93.30218068535824,92.05607476635514,63.2398753894081,0.2953315869177268,2.250865717583686,0.8439754296442485,0.5394200927414152,0.1418674278541361,1.1773759138130049,70.0,1.1978193146417444
Bernardo Silva,Manchester City,EPL,2024,30.9,38000000.0,2660,77.41202346041055,81.52492668621701,85.48387096774194,63.19648093841642,0.1691690088753917,1.793233082706767,0.6572291243513279,0.4406584128037206,0.1621915904132831,1.0827067669172934,38.0,2.037158512116067
Pedro Chirivella,Nantes,Ligue 1,2022,26.1,6000000.0,2062,30.534591194968552,38.0503144654088,32.075471698113205,19.968553459119494,0.0602830999560661,0.9602327837051406,0.276904172208937,0.2122191597899976,0.026025992310511,0.6983511154219205,6.0,5.089098532494758
Pedro Chirivella,Nantes,Ligue 1,2023,27.1,7000000.0,2625,27.47663551401869,13.39563862928349,46.41744548286604,21.80685358255452,0.0291505542397499,0.5828571428571429,0.3286982277248586,0.2749570188990661,0.0448629645364625,0.5828571428571429,7.0,3.9252336448598126
Pedro Chirivella,Nantes,Ligue 1,2024,28.1,5000000.0,2404,30.571847507331377,37.683284457478,45.894428152492665,4.398826979472141,0.0845294614313185,0.7113144758735441,0.3557276710272827,0.2953583600825495,0.0115245211320912,0.2995008319467554,5.0,6.114369501466276
Josh Cullen,Burnley,EPL,2023,28.2,10000000.0,2072,44.31464174454828,51.4018691588785,60.12461059190032,17.601246105919003,0.0836736138669133,1.1293436293436292,0.390104767812495,0.333457112691678,0.0231351083392658,0.694980694980695,10.0,4.431464174454828
Alex Iwobi,"Everton,Fulham",EPL,2023,28.2,25000000.0,2398,82.19626168224299,84.26791277258567,74.61059190031153,88.62928348909657,0.1805543574427656,1.95162635529608,0.6209682836799297,0.3205734398060659,0.2125120514442987,2.064220183486239,25.0,3.2878504672897195
Kingsley Coman,Bayern Munich,Bundesliga,2022,27.0,65000000.0,1422,98.16823899371067,97.95597484276728,97.48427672955977,99.21383647798744,0.3665045934104466,2.59493670886076,1.1846752040371116,0.5635866334166708,0.3804285398719809,3.10126582278481,65.0,1.5102805999032411
Kingsley Coman,Bayern Munich,Bundesliga,2023,28.0,50000000.0,1156,93.6682242990654,92.83489096573209,94.54828660436138,93.61370716510903,0.2792101880780399,2.2577854671280275,0.915047099079073,0.567780641458645,0.2342308609453142,2.647058823529412,50.0,1.8733644859813081
Kingsley Coman,Bayern Munich,Bundesliga,2024,29.0,30000000.0,1276,94.78739002932552,95.89442815249268,92.22873900293254,96.48093841642228,0.3003572201981066,2.25705329153605,0.906380859355451,0.4658191166467801,0.2851075438350486,3.103448275862069,30.0,3.159579667644184
Pelly Ruddock Mpanzu,Luton,EPL,2023,30.3,1500000.0,1068,23.08021806853582,16.43302180685358,7.320872274143301,49.22118380062305,0.0447849265634595,0.5056179775280899,0.224140506300531,0.10298354477946,0.1062347242095915,0.9269662921348314,1.5,15.386812045690547
Salih Özcan,Borussia Dortmund,Bundesliga,2022,25.5,13000000.0,1570,42.12264150943396,15.880503144654089,87.89308176100629,19.33962264150944,0.0372060789091951,0.5732484076433121,0.5648937957349477,0.4997617180702413,0.0554304134076947,0.1719745222929936,13.0,3.2402031930333814
Salih Özcan,Borussia Dortmund,Bundesliga,2023,26.5,10000000.0,1159,40.771028037383175,36.7601246105919,75.85669781931463,4.517133956386292,0.0762133655315899,0.7765314926660914,0.4916839684561422,0.4284748284594574,0.0100315435820864,0.3882657463330457,10.0,4.077102803738318
Sasa Lukic,Torino,Serie A,2022,26.9,12000000.0,1194,60.39308176100628,61.0062893081761,61.00628930817609,58.9622641509434,0.1009577423352841,1.2814070351758793,0.4111007023509124,0.303197470610615,0.0897094884409976,1.206030150753769,12.0,5.03275681341719
Sasa Lukic,Fulham,EPL,2023,27.9,10000000.0,1107,46.73676012461058,31.77570093457944,57.16510903426791,52.02492211838006,0.0496622811003429,0.8130081300813008,0.3840134082346912,0.3140461561459351,0.1042018256839213,1.056910569105691,10.0,4.673676012461058
Sasa Lukic,Fulham,EPL,2024,28.9,14000000.0,2380,47.3900293255132,56.3049853372434,53.95894428152492,29.32551319648094,0.1172048835271672,1.0210084033613445,0.4395110478601223,0.296340722790254,0.0580861171269241,0.680672268907563,14.0,3.385002094679514
Nabil Bentaleb,Angers,Ligue 1,2022,28.6,7000000.0,2506,51.46226415094339,57.70440251572327,47.0125786163522,49.37106918238994,0.0966101592586502,1.221069433359936,0.315850314900505,0.2608045538945356,0.0432239613642192,1.4724660814046289,7.0,7.351752021563342
Nabil Bentaleb,Lille,Ligue 1,2023,29.6,10000000.0,1975,25.747663551401867,17.133956386292834,50.15576323987538,7.320872274143301,0.0314395270581486,0.6379746835443038,0.332107089865434,0.3006675813960123,0.0133910730575458,0.4556962025316455,10.0,2.574766355140187
Rubén Alcaraz,Cadiz,La Liga,2022,32.2,2000000.0,2059,36.61949685534592,42.138364779874216,13.836477987421382,56.76100628930817,0.0802994500972319,0.917921321029626,0.2301064944107333,0.1407059636319824,0.0606600822262997,1.4861583292860614,2.0,18.30974842767296
Rubén Alcaraz,Cadiz,La Liga,2023,33.2,1500000.0,3256,28.971962616822427,16.978193146417446,25.07788161993769,47.507788161993766,0.0406502796330143,0.5804668304668305,0.2527110142168801,0.2109603558641833,0.0478761439358687,1.3544226044226044,1.5,19.314641744548286
Lewis Cook,Bournemouth,EPL,2022,26.4,10000000.0,1694,33.10534591194968,63.99371069182389,26.41509433962264,4.8742138364779874,0.1221974286082538,1.2219598583234947,0.2469002654712203,0.1962184880496197,0.0097563911071036,0.3187721369539551,10.0,3.3105345911949677
Harry Winks,Sampdoria,Serie A,2022,27.4,10000000.0,1721,24.001572327044023,28.61635220125786,22.16981132075472,20.75471698113208,0.0512165974777999,0.7844276583381754,0.2276545792346185,0.1922718055204275,0.0220466702083371,0.7321324811156305,10.0,2.4001572327044025
Harry Winks,Leicester,EPL,2024,29.4,9000000.0,1532,32.089442815249264,46.04105571847507,36.21700879765396,10.997067448680353,0.0778931241078842,0.9986945169712792,0.3027149489788975,0.2799980267797239,0.0110214043107107,0.5874673629242819,9.0,3.565493646138807
Fredrik Jensen,Augsburg,Bundesliga,2023,26.8,3500000.0,1393,61.4797507788162,94.0809968847352,43.92523364485981,43.925233644859816,0.3396381102488974,2.067480258435032,0.4625083041649475,0.1829874407024004,0.0858883739616895,0.9045226130653268,3.5,17.565643079661772
Youri Tielemans,Leicester,EPL,2022,26.1,25000000.0,2365,65.75471698113206,71.85534591194968,83.80503144654088,37.57861635220126,0.1723458146711862,1.1416490486257929,0.5444349305857815,0.4264656347527816,0.0272893919540573,1.1797040169133193,25.0,2.6301886792452827
Youri Tielemans,Aston Villa,EPL,2024,28.1,38000000.0,3049,77.30205278592376,87.3900293255132,86.21700879765396,55.131964809384165,0.2374487910596864,1.77107248278124,0.626628029420752,0.4783576801321513,0.0870365757591687,1.210232863233847,38.0,2.034264546997994
Angelo Fulgini,Lens,Ligue 1,2023,27.9,7000000.0,1398,80.25700934579439,91.90031152647975,55.29595015576324,95.79439252336448,0.2379520217860077,2.446351931330472,0.5305496331048498,0.2220193572270448,0.2377940938995887,2.96137339055794,7.0,11.465287049399198
Niklas Dorsch,Augsburg,Bundesliga,2023,26.5,4000000.0,1395,18.808411214953267,0.7788161993769469,27.72585669781931,29.4392523364486,0.008285449877862,0.1935483870967742,0.2546145052558953,0.2296162686280665,0.0382439283233496,0.9032258064516128,4.0,4.702102803738317
Niklas Dorsch,"Augsburg,FC Heidenheim",Bundesliga,2024,27.5,3500000.0,1408,23.67302052785924,38.26979472140763,3.225806451612903,30.498533724340177,0.072300542272966,0.8309659090909092,0.1968797506626949,0.086487217532439,0.0700738342724931,0.5752840909090909,3.5,6.763720150816925
Dennis Geiger,Hoffenheim,Bundesliga,2022,25.1,8000000.0,2019,41.21855345911949,69.81132075471697,46.069182389937104,2.20125786163522,0.1108218681200076,1.5601783060921248,0.3242422992510259,0.2496026767442697,0.0073845976794811,0.2228826151560178,8.0,5.152319182389936
Sergi Canos,Valencia,La Liga,2023,27.4,2500000.0,1245,64.03426791277258,60.903426791277255,40.34267912772586,95.32710280373831,0.1774102248790034,0.8674698795180724,0.492910617625857,0.1456854682729905,0.2255935602518449,3.108433734939759,2.5,25.61370716510903
Wes Burns,Ipswich,EPL,2024,30.6,,962,33.3357771260997,67.44868035190615,9.824046920821116,20.967741935483872,0.2062546323961626,0.9355509355509356,0.2825561315479559,0.0843761938966795,0.0386740583655368,0.654885654885655,,
Rodrigo de Paul,Atletico Madrid,La Liga,2022,29.1,40000000.0,1964,78.30188679245283,96.22641509433964,91.50943396226415,41.9811320754717,0.3066078906161843,2.19959266802444,0.7104026802100408,0.4624547153453356,0.0642740977795267,0.9623217922606924,40.0,1.957547169811321
Rodrigo de Paul,Atletico Madrid,La Liga,2023,30.1,30000000.0,2138,79.43925233644859,86.7601246105919,89.8753894080997,58.7227414330218,0.2507219227314887,1.6838166510757715,0.7746038240118351,0.5411413691544137,0.101603920405105,1.262862488306829,30.0,2.6479750778816196
Rodrigo de Paul,Atletico Madrid,La Liga,2024,31.1,25000000.0,2137,73.36510263929618,87.97653958944281,92.22873900293254,34.3108504398827,0.2497712642984673,1.768834815161441,0.7339139425910043,0.5677451436339442,0.0617988274036568,0.8001871782873187,25.0,2.9346041055718475
Nicolò Barella,Inter,Serie A,2022,26.4,75000000.0,2643,78.42767295597484,85.37735849056605,89.77987421383648,57.075471698113205,0.1632700991794619,1.9069239500567536,0.6515637653267748,0.4475320320445347,0.0967787332815899,1.1237230419977298,75.0,1.0457023060796646
Nicolò Barella,Inter,Serie A,2023,27.4,80000000.0,2896,75.6619937694704,65.10903426791276,92.99065420560748,67.75700934579439,0.1171974682323737,1.3052486187845302,0.7908122645155913,0.6112025911245721,0.1566420893734115,1.274171270718232,80.0,0.94577492211838
Nicolò Barella,Inter,Serie A,2024,28.4,75000000.0,2485,73.84897360703812,84.3108504398827,75.65982404692082,59.53079178885631,0.173495973615909,1.9919517102615687,0.5290304649643734,0.4083946738242203,0.0730085163199206,1.557344064386318,75.0,0.984652981427175
João Palhinha,Fulham,EPL,2022,28.0,40000000.0,3124,19.937106918238992,1.729559748427673,11.163522012578616,51.41509433962264,0.0079355389237518,0.2016645326504481,0.1724240362075385,0.1562759992171665,0.0776457369015116,1.094750320102433,40.0,0.4984276729559748
João Palhinha,Fulham,EPL,2023,29.0,55000000.0,2742,41.651090342679126,7.320872274143301,54.67289719626168,66.51090342679127,0.0277397961761288,0.3938730853391685,0.3664885534389307,0.3115557843444286,0.106526652088132,1.4442013129102846,55.0,0.757292551685075
Rade Krunic,AC Milan,Serie A,2022,29.7,10000000.0,1675,46.43081761006289,41.50943396226416,60.69182389937107,35.53459119496856,0.0864512908925761,0.8059701492537313,0.4175154147308264,0.2919401961364853,0.0618075368786925,0.7522388059701491,10.0,4.643081761006289
Aleix García,Girona,La Liga,2022,26.0,10000000.0,2346,77.31918238993711,96.69811320754718,80.8176100628931,50.62893081761006,0.2770315509056077,2.455242966751918,0.5288992511570605,0.3989067653437023,0.0574228773012643,1.227621483375959,10.0,7.731918238993711
Aleix García,Girona,La Liga,2023,27.0,25000000.0,3211,72.22741433021807,79.75077881619939,94.70404984423676,37.22741433021807,0.1774937274399709,1.5976331360946745,0.7836460278983504,0.7315830562271849,0.0463746493895155,1.0931174089068827,25.0,2.8890965732087226
Aleix García,Bayer Leverkusen,Bundesliga,2024,28.0,20000000.0,1438,60.359237536656885,93.6950146627566,47.21407624633431,36.80351906158357,0.3158001527863766,2.0027816411682893,0.3921984995667394,0.2844484495219253,0.0531924447376327,0.9388038942976356,20.0,3.0179618768328442
Suat Serdar,Hertha Berlin,Bundesliga,2022,26.2,4500000.0,2048,32.617924528301884,36.16352201257861,6.761006289308177,58.64779874213836,0.0707061047432944,0.791015625,0.2127672252117918,0.0906001477642348,0.1125209463498322,1.0546875,4.5,7.248427672955974
Suat Serdar,Verona,Serie A,2023,27.2,5000000.0,1661,28.13084112149532,39.875389408099686,2.1806853582554515,44.70404984423676,0.0633879963416227,0.9211318482841664,0.1694103226924628,0.0827554949659636,0.0574703734089978,1.1920529801324504,5.0,5.626168224299064
Suat Serdar,Verona,Serie A,2024,28.2,4500000.0,1380,36.414956011730204,29.912023460410555,10.410557184750733,74.34017595307918,0.0692218236787163,0.6521739130434783,0.260704193547692,0.1252522166494442,0.1055119417040892,1.9565217391304348,4.5,8.092212447051157
Joan Jordán,Sevilla,La Liga,2022,29.0,9000000.0,1607,25.83333333333333,6.446540880503145,47.0125786163522,23.74213836477988,0.0181966170079788,0.4480398257622899,0.3044540795434426,0.2718967906017999,0.0358675585511443,0.7280647168637212,9.0,2.87037037037037
Joan Jordán,Alaves,La Liga,2024,31.0,2500000.0,1397,51.5982404692082,77.41935483870967,27.272727272727277,49.8533724340176,0.1397673964751091,1.932712956335004,0.2914498664262727,0.2201280551819223,0.0840957651985442,1.0952040085898354,2.5,20.63929618768328
Aleksandr Golovin,Monaco,Ligue 1,2024,29.1,20000000.0,1158,82.0307917888563,85.04398826979472,79.32551319648094,81.67155425219941,0.1880472224360148,1.865284974093264,0.6702365517288137,0.3599731900145353,0.1712682639571978,1.865284974093264,20.0,4.101539589442815
Hamza Sakhi,Auxerre,Ligue 1,2022,27.1,2000000.0,1673,54.551886792452834,84.11949685534591,20.12578616352201,60.22012578616352,0.1520423364680253,2.044231918708906,0.2762661089712071,0.1448551809567751,0.0601032232777736,1.6138673042438734,2.0,27.275943396226417
Viktor Tsygankov,Girona,La Liga,2022,25.6,22000000.0,1501,69.90566037735849,88.0503144654088,53.459119496855344,67.9245283018868,0.1698395858787442,2.038640906062625,0.4656493822751761,0.2188907876061021,0.1420480779792212,1.1992005329780149,22.0,3.1775300171526584
Manuel Locatelli,Juventus,Serie A,2022,25.5,30000000.0,2478,44.13128930817609,33.25471698113207,58.33333333333333,40.25157232704402,0.0597866912785078,0.7990314769975787,0.3770012947669834,0.3003630894924047,0.0483397927956055,1.053268765133172,30.0,1.471042976939203
Manuel Locatelli,Juventus,Serie A,2023,26.5,28000000.0,3023,39.151090342679126,30.68535825545171,60.74766355140186,23.83177570093458,0.0520456273951624,0.774065497849818,0.3906278541663447,0.3350030927568565,0.0354001897729482,0.7442937479325173,28.0,1.3982532265242544
Manuel Locatelli,Juventus,Serie A,2024,27.5,30000000.0,2852,48.482404692082106,49.41348973607038,70.38123167155425,21.847507331378303,0.099743490439133,0.9151472650771388,0.4809109063565647,0.3939469417800074,0.0305088736093374,0.7889200561009817,30.0,1.616080156402737
Sergej Milinkovic-Savic,Lazio,Serie A,2022,28.3,50000000.0,3044,78.53773584905659,78.61635220125785,68.55345911949685,90.09433962264151,0.2267725597614234,1.2417871222076216,0.5324862888645816,0.2710689093951874,0.2259495390368608,1.8922470433639949,50.0,1.5707547169811318
Gonzalo Escalante,Cadiz,La Liga,2022,30.3,2000000.0,1132,52.044025157232696,47.16981132075472,38.0503144654088,74.0566037735849,0.1085907293075544,0.7950530035335689,0.4629856943031081,0.1285754161139838,0.2771600997799435,1.1130742049469964,2.0,26.022012578616348
Gonzalo Escalante,Cadiz,La Liga,2023,31.3,1500000.0,1790,23.457943925233643,26.01246105919003,8.566978193146417,37.85046728971962,0.0736259521094447,0.5530726256983239,0.1899615942953186,0.1522188066041835,0.0767502451273898,0.7541899441340782,1.5,15.638629283489095
Sandi Lovric,Udinese,Serie A,2022,25.3,10000000.0,2375,64.38679245283018,73.8993710691824,33.64779874213836,89.15094339622641,0.1180082693107818,1.7431578947368422,0.3481324913940931,0.1672491860389709,0.1476045748081646,2.690526315789473,10.0,6.4386792452830175
Sandi Lovric,Udinese,Serie A,2023,26.3,8000000.0,1995,67.4454828660436,83.17757009345794,39.5638629283489,81.61993769470405,0.1732493803969451,1.9398496240601504,0.4066318594745563,0.1913647343005453,0.1582078372051281,1.9398496240601504,8.0,8.43068535825545
Sandi Lovric,Udinese,Serie A,2024,27.3,8500000.0,2370,55.821114369501466,63.049853372434015,35.483870967741936,71.11436950146629,0.1311252519158245,1.2151898734177216,0.3759684013084897,0.2032616640900887,0.0971741248629515,1.8607594936708864,8.5,6.567189925823702
Gerard Gumbau,Elche,La Liga,2022,28.5,3500000.0,2765,61.79245283018868,92.76729559748428,30.81761006289308,61.79245283018867,0.2020247270055047,2.3435804701627485,0.285114679229572,0.1924455715494927,0.073085349733532,1.5298372513562388,3.5,17.654986522911052
Gerard Gumbau,Granada,La Liga,2023,29.5,3000000.0,2714,47.01713395638628,71.18380062305295,14.953271028037385,56.23052959501557,0.1487408012670568,1.3596168017686072,0.2626350888753874,0.1462658111818612,0.0626778040975524,1.492262343404569,3.0,15.672377985462093
Saif-Eddine Khaoui,Clermont Foot,Ligue 1,2022,28.2,2000000.0,2035,68.94654088050314,82.38993710691824,33.33333333333333,94.81132075471696,0.1615208892897686,1.6805896805896807,0.4579203566101538,0.0709276003831727,0.2944929197073642,2.078624078624079,2.0,34.47327044025157
Nemanja Maksimovic,Getafe,La Liga,2022,28.4,6000000.0,2099,20.534591194968552,6.132075471698113,13.9937106918239,44.96855345911949,0.0192751030013029,0.4287756074321105,0.2358547493588248,0.1310184689725848,0.0941741031786695,0.7717960933777989,6.0,3.422431865828092
Adrian Beck,FC Heidenheim,Bundesliga,2023,27.1,1500000.0,982,34.431464174454824,53.271028037383175,1.7133956386292837,50.62305295950156,0.0971274860506752,1.0081466395112015,0.1294033709238236,0.0842768198558245,0.090966457918347,1.09979633401222,1.5,22.95430944963655
Wilfred Ndidi,Leicester,EPL,2024,28.5,15000000.0,2368,36.143695014662754,39.73607038123167,29.472140762463347,39.73607038123167,0.1059110920696922,0.6461148648648649,0.3319990853983531,0.2060575061989004,0.0750049647664324,0.8361486486486487,15.0,2.4095796676441834
Niklas Schmidt,Werder Bremen,Bundesliga,2022,25.3,2500000.0,1068,57.46855345911951,59.43396226415095,34.27672955974843,82.23270440251574,0.0836614884300094,1.4325842696629214,0.3617782147831462,0.1624251131407832,0.1488239686998926,1.7696629213483146,2.5,22.987421383647806
Niklas Schmidt,Toulouse,Ligue 1,2023,26.3,3000000.0,1265,63.76947040498442,88.47352024922118,37.38317757009345,65.73208722741433,0.2242811521875999,1.992094861660079,0.4085732318843778,0.180981509416942,0.1078957297320186,1.4229249011857708,3.0,21.256490134994806
David Brooks,Bournemouth,EPL,2024,28.0,10000000.0,937,81.24633431085044,81.96480938416423,69.35483870967742,94.28152492668622,0.1704571162735131,1.8249733191035216,0.6208215652306027,0.3036050414994534,0.2757984291058403,2.40128068303095,10.0,8.124633431085044
Rominigue Kouame,Troyes,Ligue 1,2022,26.5,4500000.0,2683,23.742138364779876,25.0,19.654088050314463,27.044025157232703,0.0487238006021354,0.7044353335818114,0.234981300618237,0.16915133160456,0.0367258342473788,0.8050689526649273,4.5,5.2760307477288615
Florian Neuhaus,Borussia M.Gladbach,Bundesliga,2022,26.3,12000000.0,1408,71.77672955974842,64.77987421383648,74.52830188679246,76.72955974842768,0.1678405816412785,0.958806818181818,0.5439704426945272,0.3138426871340595,0.112507509289902,1.7897727272727273,12.0,5.9813941299790345
Florian Neuhaus,Borussia M.Gladbach,Bundesliga,2023,27.3,7000000.0,1253,80.77102803738318,72.74143302180684,75.38940809968847,96.41744548286604,0.1581477541744066,1.3647246608140462,0.683992554583042,0.3065278472011672,0.3168344417109741,2.7294493216280924,7.0,11.538718291054739
Harry Wilson,Fulham,EPL,2022,26.3,16000000.0,1087,61.918238993710695,55.9748427672956,55.0314465408805,76.88679245283019,0.1149625097433141,0.9935602575896963,0.4615053449429249,0.2275165156979652,0.1548620214704646,1.4903403863845446,16.0,3.8698899371069184
Vincent Sierro,Toulouse,Ligue 1,2023,28.7,4000000.0,2268,42.5778816199377,55.14018691588785,18.84735202492212,55.60747663551402,0.0853471017797433,1.23015873015873,0.2346521899444124,0.1861338003996819,0.0638870215265169,1.4285714285714284,4.0,10.644470404984425
Vincent Sierro,Toulouse,Ligue 1,2024,29.7,4000000.0,2433,58.28445747800586,68.18181818181819,48.82697947214076,57.77126099706744,0.15820986482185,1.183723797780518,0.3923144378227385,0.2916941972180705,0.1012479110348753,1.183723797780518,4.0,14.571114369501466
Elvis Rexhbecaj,Augsburg,Bundesliga,2022,25.7,3500000.0,2566,9.355345911949684,14.30817610062893,2.0440251572327046,12.10691823899371,0.0423788990381167,0.455962587685113,0.1339624814408964,0.0876762032427549,0.0117252025584852,0.5611847233047544,3.5,2.672955974842767
Elvis Rexhbecaj,Augsburg,Bundesliga,2023,26.7,3500000.0,2025,20.53738317757009,9.034267912772584,15.732087227414327,39.56386292834891,0.0226924543165498,0.5333333333333333,0.227470447619756,0.1765855176995198,0.0371278841876321,1.2444444444444445,3.5,5.867823765020026
Elvis Rexhbecaj,Augsburg,Bundesliga,2024,27.7,3500000.0,1807,39.14956011730206,31.81818181818182,29.765395894428156,58.65102639296188,0.0570529411218577,0.7969009407858328,0.2997632328561065,0.2252080166680448,0.079023494381575,1.444382955174322,3.5,11.185588604943446
Iván Alejo,Cadiz,La Liga,2022,28.4,1200000.0,1278,57.20125786163521,81.76100628930817,26.41509433962264,64.46540880503144,0.1720631969305621,1.4788732394366195,0.3448407467402203,0.1269958839869835,0.0717233467689702,1.619718309859155,1.2,47.66771488469601
Iván Alejo,Cadiz,La Liga,2023,29.4,1500000.0,1770,22.390965732087224,44.70404984423676,4.049844236760125,17.757009345794394,0.1027324959888296,0.7627118644067796,0.1880848329924678,0.0954735857608207,0.0299802894498837,0.6101694915254237,1.5,14.927310488058149
Luis Milla,Getafe,La Liga,2022,28.7,4000000.0,1862,21.09276729559748,53.45911949685534,0.4716981132075472,7.389937106918239,0.0647395270477448,1.40171858216971,0.0839155215557933,0.0654423042979775,0.0104458341084892,0.3866809881847475,4.0,5.27319182389937
Luis Milla,Getafe,La Liga,2023,29.7,3500000.0,2220,33.84735202492212,49.06542056074766,29.75077881619937,20.872274143302175,0.0668954952192064,1.2162162162162162,0.275213273443483,0.2267731916461442,0.0309936137291023,0.6891891891891891,3.5,9.670672007120604
Luis Milla,Getafe,La Liga,2024,30.7,3500000.0,2887,40.51319648093841,78.88563049853373,9.97067448680352,31.3782991202346,0.1326197479920256,2.182196051264288,0.1981067670116302,0.154058098474309,0.034657820845026,0.9975753377208176,3.5,11.575198994553832
Javi Muñoz,Las Palmas,La Liga,2023,29.3,3000000.0,2659,40.5607476635514,34.11214953271028,29.4392523364486,61.05919003115264,0.0569272043212166,0.8123354644603235,0.3218891984990112,0.1879701157453904,0.1068018248144308,1.2861978187288454,3.0,13.520249221183802
Monchu,Real Valladolid,La Liga,2022,23.8,5000000.0,2036,51.13207547169812,61.16352201257861,21.855345911949684,73.58490566037736,0.1237173796876577,1.1051080550098231,0.2664560872891255,0.1622710825394187,0.1050604156571603,1.723968565815324,5.0,10.226415094339625
Carles Pérez,Getafe,La Liga,2024,27.4,2000000.0,1438,50.47653958944281,45.60117302052785,22.58064516129032,88.70967741935485,0.075983600768679,1.0013908205841446,0.3736506528136876,0.1027447316324097,0.2161287477237375,2.1279554937413074,2.0,25.238269794721404
Tomas Soucek,West Ham,EPL,2022,28.3,35000000.0,2839,35.283018867924525,21.38364779874214,27.672955974842765,60.37735849056604,0.0612158169061229,0.47551954913702,0.2734621323208158,0.1873771002035235,0.1212818671920667,1.0778443113772456,35.0,1.008086253369272
Tomas Soucek,West Ham,EPL,2023,29.3,30000000.0,2885,45.30373831775701,28.03738317757009,35.981308411214954,76.3239875389408,0.0670537173270249,0.6239168110918544,0.3781892082765311,0.1883931883951355,0.2329336152358732,1.3102253032928943,30.0,1.5101246105919004
Tomas Soucek,West Ham,EPL,2024,30.3,18000000.0,2586,46.14369501466276,12.316715542521994,42.22873900293256,90.1759530791789,0.0329711582952475,0.4872389791183295,0.4729714760396915,0.1865528986558076,0.2808185970181655,1.9141531322505805,18.0,2.563538611925709
Carles Aleñá,Getafe,La Liga,2023,26.5,3000000.0,1039,50.74766355140187,75.0778816199377,9.96884735202492,69.93769470404985,0.1632010714438698,1.4725697786333012,0.2409141440450055,0.105768920893174,0.1366101879056424,1.3859480269489894,3.0,16.91588785046729
Carles Aleñá,"Alaves,Getafe",La Liga,2024,27.5,2500000.0,1568,37.59897360703812,62.68328445747801,3.5190615835777126,48.09384164222874,0.1187099260990793,1.3201530612244898,0.2023604401857687,0.0684562833933397,0.0715429967207529,1.1479591836734695,2.5,15.039589442815247
Óscar Rodríguez,Celta Vigo,La Liga,2022,25.0,8000000.0,1777,63.06603773584905,57.70440251572327,46.06918238993711,89.15094339622641,0.0976612365117519,1.2155317951603826,0.3668318819684397,0.2257540777480763,0.165415006864252,2.1778277996623525,8.0,7.883254716981131
Óscar Rodríguez,Leganes,La Liga,2024,27.0,2000000.0,1290,65.60117302052785,75.95307917888563,36.070381231671554,87.97653958944281,0.1970696766795807,1.3255813953488371,0.4033197167567736,0.1860789490300555,0.1836363559502155,2.302325581395349,2.0,32.800586510263926
Baptiste Santamaria,Rennes,Ligue 1,2022,28.3,14000000.0,1806,40.888364779874216,14.77987421383648,67.13836477987422,40.72327044025157,0.0291682659738087,0.5980066445182725,0.4144462350248498,0.3778868038640466,0.0606707253638791,0.946843853820598,14.0,2.9205974842767297
Baptiste Santamaria,Rennes,Ligue 1,2023,29.3,10000000.0,1937,42.20404984423676,19.31464174454829,51.86915887850467,57.63239875389408,0.0374949065353923,0.6504904491481672,0.3569113581970711,0.2934545197292862,0.0896792690893255,1.3009808982963345,10.0,4.220404984423676
Baptiste Santamaria,"Nice,Rennes",Ligue 1,2024,30.3,7000000.0,1411,51.95747800586509,49.70674486803519,57.77126099706745,47.800586510263926,0.0982775679221185,0.956768249468462,0.396394494176439,0.351702700191508,0.0541802956164939,1.2756909992912828,7.0,7.422496857980727
Lorenzo Pellegrini,Roma,Serie A,2023,28.0,25000000.0,1878,69.99221183800623,75.23364485981308,47.0404984423676,90.65420560747664,0.1373268123388814,1.7252396166134183,0.4125710998694546,0.2350728786862886,0.2139577504021291,2.2523961661341856,25.0,2.799688473520249
Lorenzo Pellegrini,Roma,Serie A,2024,29.0,9000000.0,1648,72.3607038123167,71.7008797653959,55.86510263929619,92.37536656891496,0.1433327316659168,1.4745145631067962,0.5250789406392904,0.2502829762564484,0.2548442848786277,2.2936893203883493,9.0,8.040078201368523
Dejan Ljubicic,FC Cologne,Bundesliga,2022,25.7,10000000.0,1728,63.23113207547169,64.937106918239,48.74213836477988,78.14465408805032,0.1034036172980753,1.40625,0.4163190551723043,0.2209406904876232,0.1209145953665332,1.8229166666666667,10.0,6.323113207547169
Dejan Ljubicic,FC Cologne,Bundesliga,2023,26.7,5000000.0,2088,54.415887850467286,70.40498442367601,28.193146417445483,66.35514018691589,0.1731496883138757,1.206896551724138,0.3449956513138423,0.1709228993297137,0.09271270571405,1.637931034482759,5.0,10.883177570093457
Sofyan Amrabat,Fiorentina,Serie A,2022,26.9,30000000.0,2016,26.48584905660377,15.880503144654089,46.85534591194968,15.09433962264151,0.0361300773719059,0.5803571428571428,0.3063667454158089,0.2681902833449255,0.0178164725574398,0.5803571428571428,30.0,0.8828616352201256
Donny van de Beek,Girona,La Liga,2024,28.2,5000000.0,1435,58.30645161290322,71.8475073313783,50.0,52.19941348973607,0.2008922882832405,1.1289198606271778,0.4209105834780254,0.2840925783619856,0.0871790213971187,1.1289198606271778,5.0,11.661290322580644
Orel Mangala,Nottingham Forest,EPL,2022,25.3,16000000.0,1581,9.693396226415093,4.559748427672956,11.0062893081761,14.150943396226417,0.0241773077896469,0.1707779886148007,0.1871750924729192,0.1454049935900169,0.0212303265943359,0.5123339658444023,16.0,0.6058372641509433
Orel Mangala,Nottingham Forest,EPL,2023,26.3,20000000.0,1599,12.367601246105918,3.2710280373831777,11.370716510903426,24.14330218068536,0.0161425506881321,0.3377110694183864,0.2064852933722634,0.1599390316565868,0.0502266541235218,0.5628517823639775,20.0,0.618380062305296
Orel Mangala,Everton,EPL,2024,27.3,18000000.0,1254,21.451612903225804,16.422287390029325,8.79765395894428,42.08211143695014,0.0355251949351797,0.5741626794258373,0.2042853825115131,0.1444151719951886,0.0512134707555103,1.1483253588516746,18.0,1.1917562724014337
Jens Stage,Werder Bremen,Bundesliga,2022,26.6,5000000.0,1871,40.89622641509433,37.57861635220126,32.23270440251572,54.87421383647799,0.0828730250359824,0.769641902725815,0.3168563218413987,0.1795105833434791,0.1261456790098941,0.9139497594869052,5.0,8.179245283018867
Jens Stage,Werder Bremen,Bundesliga,2023,27.6,7500000.0,2351,58.54361370716511,49.53271028037383,49.37694704049844,79.75077881619939,0.0862976698650927,0.9953211399404508,0.432849954591881,0.2339225718438599,0.189280502929149,1.5312632922160785,7.5,7.805815160955348
Jens Stage,Werder Bremen,Bundesliga,2024,28.6,14000000.0,2215,71.66422287390029,56.0117302052786,72.58064516129032,88.85630498533725,0.1315711208242864,0.9345372460496614,0.6224832513262402,0.3231527449449621,0.322742067260613,1.7878103837471784,14.0,5.118873062421449
Mauro Arambarri,Getafe,La Liga,2022,27.7,9000000.0,1014,34.92924528301886,70.91194968553458,11.635220125786162,20.12578616352201,0.1403902116171001,1.331360946745562,0.1825771211045821,0.1521615767245285,0.0251529147275365,0.7100591715976332,9.0,3.881027253668762
Ellyes Skhiri,FC Cologne,Bundesliga,2022,28.1,13000000.0,2859,45.880503144654085,29.874213836477985,44.33962264150944,66.35220125786164,0.0539150912361561,0.7869884575026233,0.3351931644902649,0.2322778885193161,0.1828644897960759,1.007345225603358,13.0,3.529269472665699
Ellyes Skhiri,Eintracht Frankfurt,Bundesliga,2023,29.1,11000000.0,2180,52.61682242990653,44.2367601246106,66.97819314641744,45.638629283489095,0.0897133277105423,0.8256880733944955,0.4658896612909135,0.3234950908109408,0.112818271267749,0.7431192660550459,11.0,4.783347493627866
Ellyes Skhiri,Eintracht Frankfurt,Bundesliga,2024,30.1,7500000.0,2245,52.99120234604105,41.20234604105572,87.82991202346041,26.099706744868037,0.0793999725152097,0.841870824053452,0.6183357896876495,0.5722455137423789,0.0625777025281852,0.5211581291759465,7.5,7.0654936461388065
Maxime Lopez,Sassuolo,Serie A,2022,25.6,15000000.0,2298,50.636792452830186,53.616352201257854,72.32704402515724,21.855345911949687,0.0778508222328776,1.2532637075718016,0.4597563794072397,0.3875312134477628,0.0372986452211443,0.6266318537859008,15.0,3.3757861635220126
Maxime Lopez,"Fiorentina,Sassuolo",Serie A,2023,26.6,7500000.0,913,23.94859813084112,39.56386292834891,22.585669781931465,7.320872274143301,0.0539203744732569,0.9857612267250822,0.2522197482660657,0.1979026500531447,0.0162268686031785,0.3943044906900328,7.5,3.1931464174454827
Sammie Szmodics,Ipswich,EPL,2024,29.8,10000000.0,1025,40.16129032258065,6.598240469208211,30.35190615835777,90.76246334310852,0.0170738772284693,0.4390243902439024,0.4714710874164977,0.0639655152108611,0.3963642326796927,1.8439024390243903,10.0,4.016129032258065
Dani Olmo,Barcelona,La Liga,2024,27.1,60000000.0,1221,96.0190615835777,91.64222873900292,99.12023460410558,97.50733137829911,0.2839085828119326,1.99017199017199,1.262420938883425,0.7325970486758382,0.3797231697882423,3.095823095823096,60.0,1.6003176930596283
Josh Brownhill,Burnley,EPL,2023,28.5,15000000.0,2229,39.97663551401868,55.140186915887845,18.22429906542056,47.66355140186916,0.0737720696834664,1.372812920592194,0.2622793641939137,0.1738744935655056,0.0739147742360349,1.1305518169582771,15.0,2.6651090342679122
James Maddison,Tottenham,EPL,2023,27.6,70000000.0,2206,92.9283489096573,95.17133956386292,90.49844236760126,93.14641744548284,0.2913933425993132,2.692656391659112,0.8515921652364331,0.4912448974777138,0.2569282224025249,2.325475974614688,70.0,1.327547841566533
James Maddison,Tottenham,EPL,2024,28.6,42000000.0,1851,89.00293255131965,93.4017595307918,83.72434017595307,90.02932551319648,0.2925458568566429,2.0421393841166937,0.7612731587896472,0.3812544348814209,0.286561008089945,1.8962722852512155,42.0,2.1191174416980867
Franck Kessié,Barcelona,La Liga,2022,26.5,25000000.0,953,60.2437106918239,32.704402515723274,75.9433962264151,74.0566037735849,0.0671932544727327,0.7555089192025184,0.5341605289769823,0.3299131046429449,0.1476800900464731,1.416579223504722,25.0,2.409748427672956
Razvan Marin,Empoli,Serie A,2022,27.1,8000000.0,2544,48.30974842767295,86.63522012578616,17.29559748427673,39.77987421383648,0.1654741486736555,1.981132075471698,0.2274877887728782,0.1631164681693574,0.0377915253454186,1.1674528301886793,8.0,6.038718553459119
Razvan Marin,Empoli,Serie A,2023,28.1,2700000.0,1815,54.33021806853582,78.50467289719626,28.66043613707165,56.07476635514018,0.1642026814424302,1.6363636363636362,0.2771070391740188,0.2170468290790546,0.0499984613765985,1.7355371900826446,2.7,20.1223029883466
Razvan Marin,Cagliari,Serie A,2024,29.1,3500000.0,1374,72.03812316715542,90.76246334310852,72.1407624633431,50.07331378299121,0.2170391634155438,2.1615720524017465,0.5056121882140702,0.3869877211489271,0.0442617941306147,1.5720524017467248,3.5,20.582320904901547
Arne Maier,Augsburg,Bundesliga,2023,25.5,5000000.0,981,69.71183800623052,89.7196261682243,44.70404984423676,75.54517133956386,0.2032219955202089,2.4770642201834865,0.3864104951808759,0.2362066391137761,0.1096422616563259,2.018348623853211,5.0,13.942367601246104
Mikel Vesga,Athletic Club,La Liga,2022,30.2,6000000.0,2566,40.09433962264151,26.10062893081761,52.20125786163521,42.29559748427673,0.0530464709311758,0.7014809041309431,0.3317849222927798,0.2869247188552087,0.0574173090692002,1.0171473109898674,6.0,6.682389937106919
Mikel Vesga,Athletic Club,La Liga,2023,31.2,4000000.0,1529,32.30529595015576,23.20872274143302,29.4392523364486,46.26168224299065,0.0781122479707178,0.4120340091563113,0.3008444917109898,0.204947291513414,0.0706202358353403,1.118378024852845,4.0,8.07632398753894
Mikel Vesga,Athletic Club,La Liga,2024,32.2,2500000.0,977,41.41495601173021,53.66568914956012,46.18768328445748,21.55425219941349,0.0954089594762791,1.105424769703173,0.3977678824471597,0.2718479646142941,0.0459296679354921,0.5527123848515865,2.5,16.565982404692086
Fede San Emeterio,Cadiz,La Liga,2022,26.3,2000000.0,1881,5.581761006289307,7.232704402515723,3.459119496855346,6.132075471698112,0.0326433173117882,0.2870813397129186,0.1199496935821321,0.111989418231842,0.012510276207941,0.2870813397129186,2.0,2.7908805031446535
Rolando Mandragora,Fiorentina,Serie A,2022,26.0,10000000.0,1955,69.19811320754717,84.90566037735849,60.37735849056604,61.16352201257863,0.2043932264151475,1.5191815856777495,0.4219955693253928,0.2838490028267779,0.0570440982823329,1.7493606138107416,10.0,6.919811320754716
Rolando Mandragora,Fiorentina,Serie A,2023,27.0,8500000.0,1563,45.046728971962615,38.78504672897196,17.289719626168225,84.73520249221184,0.085267773802587,0.7485604606525912,0.2720872338703921,0.1526402496516475,0.2214989859088826,1.7274472168905948,8.5,5.299615173172072
Rolando Mandragora,Fiorentina,Serie A,2024,28.0,12000000.0,1940,59.45014662756598,76.83284457478005,39.73607038123167,62.170087976539584,0.1820695898351595,1.438144329896907,0.3683931878815914,0.2414520688729418,0.0704580681667346,1.7628865979381445,12.0,4.9541788856304985
Brais Méndez,Real Sociedad,La Liga,2022,26.5,25000000.0,2439,76.91037735849056,78.77358490566039,61.32075471698113,92.9245283018868,0.1400262988911343,1.7712177121771218,0.4761803625117148,0.2521201877466427,0.2139312483892669,2.2140221402214024,25.0,3.0764150943396227
Jae-Sung Lee,Mainz 05,Bundesliga,2024,32.9,2500000.0,2711,65.98973607038123,67.30205278592375,56.0117302052786,76.09970674486803,0.1602356662793062,1.1287347842124678,0.5178008450876079,0.2624950562894058,0.2274991483683517,1.2947251936554776,2.5,26.39589442815249
Brahim Diaz,AC Milan,Serie A,2022,23.9,20000000.0,1999,89.88993710691824,91.50943396226415,90.25157232704404,87.57861635220127,0.2766955167701791,1.84592296148074,0.9263848301289735,0.4008747896309075,0.3193056923507332,1.5757878939469734,20.0,4.494496855345912
Azor Matusiwa,Reims,Ligue 1,2022,25.2,7500000.0,2504,34.08805031446541,27.044025157232703,66.0377358490566,5.031446540880503,0.0349557944893325,0.8626198083067093,0.4112188836050848,0.3750178678565251,0.0086401545624144,0.3594249201277955,7.5,4.545073375262055
Azor Matusiwa,"Reims,Rennes",Ligue 1,2023,26.2,12000000.0,2186,42.679127725856695,38.006230529595015,60.43613707165109,27.41433021806853,0.0462720863740935,1.029277218664227,0.3846316212023057,0.3433852065235294,0.0469344870927799,0.7410795974382433,12.0,3.5565939771547246
Azor Matusiwa,Rennes,Ligue 1,2024,27.2,8000000.0,2079,42.089442815249264,44.13489736070381,55.131964809384165,24.48680351906158,0.1072945315148923,0.7359307359307359,0.4567905370291177,0.2944892441684549,0.0604948873159947,0.4761904761904761,8.0,5.261180351906158
Scott McTominay,Manchester United,EPL,2022,26.6,25000000.0,1133,53.11320754716981,33.80503144654088,65.25157232704402,61.47798742138365,0.0856458277845161,0.6354810238305384,0.4769946237498301,0.2818129913814017,0.1430921907974809,1.032656663724625,25.0,2.124528301886792
Scott McTominay,Napoli,Serie A,2024,28.6,50000000.0,2938,61.77419354838709,41.64222873900293,54.54545454545455,93.6950146627566,0.086854957900003,0.7964601769911505,0.5213826114452559,0.2422407689777572,0.2713350652653021,2.3281143635125936,50.0,1.2354838709677418
Martin Odegaard,Arsenal,EPL,2022,24.5,90000000.0,3203,93.51415094339622,94.49685534591195,89.937106918239,96.54088050314463,0.258787417280727,2.163596628161099,0.783777214293643,0.422803423757939,0.2567588128242555,2.61317514829847,90.0,1.0390461215932913
Martin Odegaard,Arsenal,EPL,2023,25.5,110000000.0,3117,92.55451713395638,97.35202492211836,92.05607476635514,87.53894080996885,0.3342847886053384,2.9451395572666024,0.8608774878120514,0.5237157932904847,0.1775146859291944,2.223291626564004,110.0,0.8414047012177853
Martin Odegaard,Arsenal,EPL,2024,26.5,85000000.0,2343,89.99266862170087,96.48093841642228,89.00293255131965,83.57771260997067,0.3016173056590343,2.4199743918053778,0.7519219296289161,0.4517634149054101,0.1872455945927721,1.882202304737516,85.0,1.0587372779023632
Nikola Moro,Bologna,Serie A,2022,25.3,6500000.0,1217,66.60377358490567,73.11320754716982,69.33962264150944,55.81761006289308,0.1548926822455475,1.3311421528348395,0.4934083316214965,0.2985092916739408,0.053875280594669,1.552999178307313,6.5,10.246734397677795
Nikola Moro,Bologna,Serie A,2024,27.3,4500000.0,1223,45.146627565982406,61.87683284457478,39.58944281524927,32.111436950146626,0.0977119280045162,1.4717906786590351,0.3337853071710075,0.2803140328564998,0.0344948316082809,1.0302534750613246,4.5,10.032583903551647
Jakub Jankto,Cagliari,Serie A,2023,28.4,1200000.0,900,35.82554517133956,24.299065420560744,22.58566978193146,64.7196261682243,0.0547837520949542,0.6000000000000001,0.3170789274387061,0.1529730579815804,0.1453680920414626,1.2000000000000002,1.2,29.854620976116305
Dani Ceballos,Real Madrid,La Liga,2024,28.9,10000000.0,1235,62.976539589442815,72.43401759530792,97.94721407624634,11.143695014662756,0.1414226221094126,1.603238866396761,0.9026795442891024,0.8324309590495067,0.0223169985419584,0.5101214574898786,10.0,6.297653958944282
Mathias Jensen,Brentford,EPL,2022,27.5,22000000.0,2898,45.959119496855344,69.18238993710692,33.9622641509434,32.86163522012579,0.1115417121533559,1.4906832298136647,0.2979734837314726,0.2049790857857243,0.0599532353443018,0.7142857142857142,22.0,2.0890508862206976
Mathias Jensen,Brentford,EPL,2023,28.5,28000000.0,2294,56.87694704049844,82.08722741433021,67.601246105919,14.95327102803738,0.192554783296902,1.6085440278988663,0.4353429400666561,0.3732018179723825,0.0270385659521457,0.5492589363557105,28.0,2.0313195371606585
Philip Billing,Bournemouth,EPL,2023,28.1,22000000.0,1359,71.29283489096572,83.8006230529595,45.79439252336448,86.44859813084112,0.246168231801284,1.52317880794702,0.4757477867336857,0.1876014569737263,0.1901141227845917,1.9867549668874167,22.0,3.2405834041348056
Jean-Victor Makengo,Lorient,Ligue 1,2022,25.0,10000000.0,1071,19.22955974842767,24.842767295597483,23.899371069182383,7.232704402515724,0.0422969423704037,0.7563025210084033,0.2310749756939271,0.1965049794335075,0.0092925939771557,0.4201680672268907,10.0,1.922955974842767
Walace,Udinese,Serie A,2022,28.2,7000000.0,3215,26.761006289308177,15.09433962264151,39.937106918239,25.0,0.0397226559939688,0.5038880248833593,0.2820411871591493,0.2457215994955685,0.0233415358035041,0.895800933125972,7.0,3.8230008984725967
Walace,Udinese,Serie A,2023,29.2,6000000.0,3260,14.875389408099688,12.77258566978193,15.57632398753894,16.510903426791277,0.0279939774012455,0.5797546012269938,0.2123411592935994,0.1837970325151927,0.0156419199714265,0.745398773006135,6.0,2.4792315680166146
Youssef Maleh,"Fiorentina,Lecce",Serie A,2022,24.9,4500000.0,980,35.888364779874216,41.66666666666667,12.89308176100629,55.9748427672956,0.0574882928358048,1.1020408163265305,0.2392629669332991,0.1239025316638301,0.0790157116265321,1.193877551020408,4.5,7.975192173305381
Youssef Maleh,Empoli,Serie A,2023,25.9,4500000.0,2639,25.389408099688467,48.753894080996886,7.63239875389408,18.84735202492212,0.0736970328995848,1.1595301250473664,0.2142334969304205,0.1305229681416606,0.0316245703985854,0.6138688897309587,4.5,5.64209068881966
Youssef Maleh,Empoli,Serie A,2024,26.9,3200000.0,1524,24.44648093841642,26.75953079178885,8.651026392961878,40.17595307917888,0.0531906718168202,0.7086614173228346,0.2043306372150427,0.1414864917659736,0.0588128106543926,1.0039370078740155,3.2,7.639525293255131
Jonathan Ikone,Fiorentina,Serie A,2023,26.2,10000000.0,1666,59.53271028037383,49.22118380062305,41.43302180685358,92.6791277258567,0.1129970485445152,0.8103241296518607,0.5448410920083236,0.1208379626551381,0.3298844834443043,2.106842737094838,10.0,5.953271028037383
Mahdi Camara,Brest,Ligue 1,2022,25.0,3000000.0,1849,36.91037735849056,5.974842767295597,42.61006289308176,66.35220125786164,0.0164474020553415,0.4380746349378042,0.3159634371652288,0.2339052303813563,0.1425712555495789,1.1681990265008113,3.0,12.303459119496852
Mahdi Camara,Brest,Ligue 1,2023,26.0,10000000.0,2071,66.07476635514018,71.18380062305296,46.57320872274143,82.86604361370716,0.1509388641983572,1.3471752776436503,0.4689200469061106,0.1905614322115263,0.1858465836704036,1.8252052148720423,10.0,6.607476635514018
Mahdi Camara,Brest,Ligue 1,2024,27.0,9000000.0,2691,48.40909090909091,45.60117302052785,26.09970674486804,77.71260997067449,0.0919928645285276,0.8695652173913043,0.3266792127980935,0.1837487057798283,0.1619871070664562,1.6387959866220734,9.0,5.378787878787879
Marvelous Nakamba,Luton,EPL,2023,30.4,5000000.0,1140,14.073208722741432,11.059190031152646,24.61059190031153,5.29595015576324,0.0257224012166261,0.5526315789473685,0.2388358235751327,0.2173891096915069,0.0107697574666848,0.3947368421052631,5.0,2.8146417445482865
Frenkie de Jong,Barcelona,La Liga,2022,26.1,75000000.0,2542,75.99842767295598,83.01886792452831,99.21383647798744,40.723270440251575,0.1683849280327851,1.5932336742722266,1.0298833811661503,0.84257302976878,0.0953658609368921,0.6372934697088907,75.0,1.0133123689727463
Frenkie de Jong,Barcelona,La Liga,2024,28.1,45000000.0,1105,71.61290322580645,81.96480938416423,97.50733137829911,29.32551319648094,0.187566149271856,1.7104072398190044,0.9477979414063882,0.7098450932432624,0.0834287830472532,0.4072398190045249,45.0,1.5913978494623655
Pepelu,Valencia,La Liga,2023,25.9,22000000.0,3314,45.7632398753894,61.83800623052959,45.95015576323987,26.79127725856698,0.0897457081134339,1.4121907060953531,0.315652328302244,0.2903380834761114,0.0271647130872651,0.9505129752564876,22.0,2.0801472670631544
Pepelu,Valencia,La Liga,2024,26.9,9000000.0,1691,41.97214076246334,72.28739002932551,31.67155425219941,18.621700879765395,0.1367502342931604,1.6499112950916617,0.2883502062727349,0.2662137940543632,0.0247845944735353,0.7451212300413957,9.0,4.66357119582926
Raúl Guti,Elche,La Liga,2022,26.5,2500000.0,1078,27.845911949685537,0.7861635220125787,8.018867924528301,82.54716981132076,0.0045294042828739,0.1669758812615955,0.2296365542658682,0.0809492823600437,0.1635786907743932,1.6697588126159555,2.5,11.138364779874214
Justin Kluivert,Bournemouth,EPL,2023,25.2,14000000.0,2029,61.58878504672896,42.5233644859813,51.86915887850466,95.17133956386292,0.0740442494873256,0.9314933464760966,0.5215078929210603,0.2027787933765946,0.3236679084499873,2.483982257269591,14.0,4.399198931909211
Justin Kluivert,Bournemouth,EPL,2024,26.2,35000000.0,2390,76.97214076246334,82.99120234604106,58.50439882697947,91.49560117302052,0.2075985986115917,1.656903765690377,0.5955770812523415,0.2411159101842462,0.2212191280678974,2.3723849372384938,35.0,2.199204021784667
Matteo Pessina,Monza,Serie A,2023,27.2,15000000.0,3243,37.42990654205608,22.74143302180685,53.89408099688473,35.3582554517134,0.0338841282661787,0.7493061979648474,0.3730948988923753,0.2955744030586444,0.0661817796797139,0.7770582793709528,15.0,2.495327102803739
Weston McKennie,Leeds,EPL,2022,24.8,18000000.0,2518,26.08490566037736,36.16352201257862,13.836477987421382,28.61635220125786,0.0812447830114433,0.750595710881652,0.2310848097828075,0.1332088748645555,0.043891315001512,0.750595710881652,18.0,1.44916142557652
Tyler Adams,Leeds,EPL,2022,24.4,18000000.0,2159,28.07389937106918,38.9937106918239,40.40880503144654,0.9433962264150944,0.0571266855853003,1.000463177396943,0.2898655710340705,0.2374234544945817,0.0028489647849862,0.1667438628994905,18.0,1.55966107617051
Tyler Adams,Bournemouth,EPL,2024,26.4,18000000.0,1965,32.851906158357764,36.510263929618766,36.36363636363636,24.48680351906158,0.0690180707068843,0.8244274809160306,0.3483903431937895,0.2367577374351161,0.0644443112475271,0.4122137404580153,18.0,1.8251058976865424
Sander Berge,Burnley,EPL,2023,26.4,20000000.0,3020,43.03738317757009,47.19626168224299,47.19626168224299,33.33333333333333,0.0949155536128689,0.8642384105960265,0.3633533512791064,0.2560326493875623,0.0632416139116251,0.7450331125827815,20.0,2.1518691588785046
Sander Berge,Fulham,EPL,2024,27.4,25000000.0,2242,20.806451612903224,20.96774193548387,35.33724340175953,3.665689149560117,0.0291516241948988,0.7225691347011597,0.311654989938289,0.2703407604328749,0.017102258396231,0.1204281891168599,25.0,0.8322580645161289
Bonke Innocent,Lorient,Ligue 1,2022,27.4,2000000.0,1189,15.070754716981131,6.446540880503145,32.704402515723274,4.559748427672956,0.0163382017801698,0.4541631623212784,0.2493136352487378,0.2277755308379336,0.0100215533051147,0.3027754415475189,2.0,7.535377358490566
Denis Zakaria,Monaco,Ligue 1,2024,28.6,30000000.0,2156,62.59530791788856,30.205278592375368,92.96187683284458,64.95601173020528,0.0663142725963539,0.6679035250463822,0.7056280182318586,0.5986729891303795,0.1220479050689205,1.2940630797773656,30.0,2.0865102639296187
Toma Basic,Salernitana,Serie A,2023,27.6,2800000.0,1172,26.378504672897197,38.006230529595015,12.92834890965732,28.504672897196254,0.0321011643844049,1.2286689419795225,0.2046382093465165,0.1765424024739617,0.0341347221574355,0.9215017064846416,2.8,9.420894526034713
Manuel Morlanes,Mallorca,La Liga,2023,25.5,2500000.0,1607,31.845794392523363,46.26168224299066,21.49532710280374,27.102803738317757,0.0893201348536972,0.8960796515245799,0.2703226555206053,0.179842650222719,0.0515649930933894,0.6160547604231488,2.5,12.738317757009344
Manuel Morlanes,Mallorca,La Liga,2024,26.5,2500000.0,1335,31.04105571847507,20.234604105571847,50.733137829912025,20.67448680351906,0.0304658030986451,0.6741573033707865,0.3684191530926173,0.311285722937979,0.0305637376320161,0.7415730337078652,2.5,12.416422287390029
Marc Roca,Leeds,EPL,2022,26.6,10000000.0,2375,49.37106918238994,65.09433962264151,25.15723270440252,59.27672955974843,0.1219111612478369,1.2505263157894737,0.2611095796799974,0.1833915646805575,0.0792721089956007,1.288421052631579,10.0,4.937106918238994
Marc Roca,Real Betis,La Liga,2023,27.6,9000000.0,2023,48.87850467289719,44.23676012461059,67.91277258566977,32.087227414330215,0.0873703381863344,0.8452792881858626,0.4461475265789197,0.3617528123294017,0.0474411210766153,0.8897676717745923,9.0,5.430944963655244
Marc Roca,Real Betis,La Liga,2024,28.6,6000000.0,912,66.48826979472139,66.12903225806451,72.87390029325513,59.4574780058651,0.1477973857943556,1.1842105263157894,0.5051282207530581,0.3948367161578254,0.1092576306607377,1.1842105263157894,6.0,11.081378299120232
Toni Villa,"Girona,Real Valladolid",La Liga,2022,28.5,2500000.0,975,76.46226415094338,71.69811320754715,88.67924528301887,67.76729559748428,0.1322574649579249,1.3846153846153846,0.6279693269958863,0.4469333597673819,0.0912189370737626,1.5692307692307692,2.5,30.584905660377352
Alex Kral,Schalke 04,Bundesliga,2022,25.1,7000000.0,2357,24.190251572327043,5.817610062893082,19.49685534591195,51.10062893081761,0.0193612057538635,0.4200254560882477,0.230168696361727,0.1767874000721252,0.059664176170875,1.2218922358930844,7.0,3.455750224618149
Mikel Merino,Real Sociedad,La Liga,2022,27.0,50000000.0,2508,83.14465408805032,88.20754716981133,84.11949685534591,76.1006289308176,0.2615965974548359,1.5789473684210529,0.6330736165500856,0.3896625789604261,0.14567563584315,1.507177033492823,50.0,1.6628930817610064
Mikel Merino,Real Sociedad,La Liga,2023,28.0,50000000.0,2476,50.42056074766354,40.34267912772585,52.180685358255445,60.12461059190031,0.0937137628569958,0.6906300484652665,0.4242798222923992,0.2500204597592281,0.1387592969666896,1.0904684975767367,50.0,1.0084112149532707
Alex Berenguer,Athletic Club,La Liga,2023,29.0,12000000.0,1533,71.53426791277258,90.03115264797508,37.85046728971962,89.25233644859813,0.2729663357080312,1.9373776908023483,0.5023602216181923,0.1079845963567203,0.3036865809979737,1.8786692759295496,12.0,5.961188992731048
Senne Lynen,Werder Bremen,Bundesliga,2023,25.4,7000000.0,1787,33.232087227414326,40.809968847352025,42.5233644859813,13.551401869158877,0.0874601030606561,0.7554560716284274,0.3136837693784963,0.265424957646919,0.0182124706027924,0.604364857302742,7.0,4.747441032487761
Senne Lynen,Werder Bremen,Bundesliga,2024,26.4,9000000.0,2780,23.89296187683284,2.49266862170088,46.9208211143695,21.994134897360706,0.0175922694314512,0.2589928057553957,0.3440772820960918,0.3101394616013808,0.0313956779662332,0.776978417266187,9.0,2.6547735418703153
Josh Dasilva,Brentford,EPL,2022,24.7,16000000.0,1374,57.44496855345912,52.672955974842765,59.43396226415095,60.691823899371066,0.1362709633957221,0.7860262008733624,0.4515424216629766,0.2529613510197166,0.1042537162218682,1.1790393013100435,16.0,3.590310534591195
Stephy Mavididi,Leicester,EPL,2024,27.1,10000000.0,1586,67.52199413489735,67.00879765395894,59.67741935483871,77.27272727272728,0.1466105539647658,1.248423707440101,0.5164061716791775,0.2883749961392651,0.1924982740136255,1.475409836065574,10.0,6.752199413489736
Joe Willock,Newcastle United,EPL,2022,23.9,38000000.0,2634,77.12264150943395,83.17610062893081,58.333333333333336,91.98113207547168,0.2524645728587357,1.366742596810934,0.6075565219095194,0.187290566368771,0.2482741404163539,1.9817767653758545,38.0,2.029543197616683
Joe Willock,Newcastle United,EPL,2024,25.9,22000000.0,1043,79.61876832844574,90.6158357771261,71.26099706744868,76.53958944281524,0.2685877281283086,1.8983700862895487,0.691834890809578,0.2948768815241775,0.1741016954933637,1.5532118887823587,22.0,3.619034924020261
Abdelhamid Sabiri,Sampdoria,Serie A,2022,26.6,2500000.0,1064,57.91666666666666,63.99371069182389,23.58490566037736,90.88050314465409,0.1268591774501522,1.1842105263157894,0.2698416781219604,0.1674267526582948,0.1614741318162418,2.7913533834586466,2.5,23.166666666666664
Iván Martín,Girona,La Liga,2024,26.4,6000000.0,2054,46.66422287390029,46.18768328445748,65.3958944281525,25.36656891495601,0.0826816580565727,0.9639727361246349,0.4704555409789056,0.3574564193394453,0.0626949794198719,0.4819863680623173,6.0,7.777370478983382
Kevin N&#039;Doram,Metz,Ligue 1,2023,28.4,1500000.0,1611,5.2180685358255445,7.788161993769471,1.2461059190031152,6.853582554517134,0.0295654297207986,0.3910614525139664,0.1096508180067026,0.0830919800752867,0.015807928954506,0.3910614525139664,1.5,3.4787123572170295
Guido Rodríguez,Real Betis,La Liga,2022,29.2,28000000.0,2884,18.09748427672956,3.616352201257862,25.314465408805027,26.57232704402516,0.0125939789842995,0.3432732316227462,0.228268665900317,0.2120821074816435,0.0452817508972788,0.6865464632454924,28.0,0.6463387241689128
Guido Rodríguez,Real Betis,La Liga,2023,30.2,20000000.0,1865,26.03582554517134,7.320872274143301,43.30218068535825,27.725856697819317,0.0366988977062798,0.193029490616622,0.3168462042774176,0.2683695199582276,0.0367067144938991,0.868632707774799,20.0,1.301791277258567
Guido Rodríguez,West Ham,EPL,2024,31.2,10000000.0,1179,12.016129032258064,3.225806451612903,20.674486803519063,12.17008797653959,0.0167391150621057,0.3053435114503817,0.2247868028988365,0.2132954747053503,0.0124191607256199,0.6106870229007634,10.0,1.2016129032258065
Mattias Svanberg,Wolfsburg,Bundesliga,2023,25.5,12000000.0,1764,66.3006230529595,69.78193146417445,48.753894080996886,82.71028037383178,0.1443331662983615,1.326530612244898,0.4249304550110685,0.2348778304187771,0.1457219539039141,2.142857142857143,12.0,5.525051921079958
Mattias Svanberg,Wolfsburg,Bundesliga,2024,26.5,12000000.0,1232,70.92375366568913,67.30205278592375,63.196480938416414,84.1642228739003,0.1663914333133921,1.0957792207792207,0.5248007260250871,0.3005658698195664,0.3091370484749363,1.534090909090909,12.0,5.910312805474095
Jan-Niklas Beste,FC Heidenheim,Bundesliga,2023,25.5,15000000.0,2658,55.91900311526479,90.65420560747664,6.230529595015576,73.3644859813084,0.2241069074451049,2.37020316027088,0.2244533631008783,0.0746830426467662,0.1251783992456057,1.6591422121896162,15.0,3.727933541017653
Anton Stach,Mainz 05,Bundesliga,2022,24.6,15000000.0,2080,53.91509433962264,75.62893081761007,21.540880503144653,66.35220125786164,0.1625109281337174,1.341346153846154,0.2891493143710809,0.1331314108459852,0.0875845012935594,1.5576923076923077,15.0,3.594339622641509
Anton Stach,"Hoffenheim,Mainz 05",Bundesliga,2023,25.6,15000000.0,2523,51.33177570093457,47.66355140186916,50.0,57.16510903426792,0.1207999107688133,0.7491082045184304,0.3698244259230943,0.2654927922689603,0.0694760823274622,1.426872770511296,15.0,3.422118380062305
Boubakary Soumare,Leicester,EPL,2022,24.3,20000000.0,1640,9.229559748427672,11.79245283018868,14.30817610062893,0.3144654088050315,0.0156637078219252,0.6036585365853658,0.176173058792767,0.1649603425161686,0.0011336322669394,0.0548780487804878,20.0,0.4614779874213836
Boubakary Soumare,Sevilla,La Liga,2023,25.3,14000000.0,2289,13.995327102803738,9.96884735202492,29.75077881619938,0.3115264797507788,0.0408198265541896,0.3145478374836173,0.2689159933482523,0.2297422474892236,0.0008945096025382,0.0393184796854521,14.0,0.9996662216288384
Boubakary Soumare,Leicester,EPL,2024,26.3,,2182,15.205278592375368,5.131964809384165,35.043988269794724,3.812316715542522,0.0143469429910387,0.4124656278643446,0.2931491192088801,0.2815809693805511,0.0105645920907161,0.2887259395050413,,
Sean Longstaff,Newcastle United,EPL,2022,25.7,25000000.0,2509,57.51572327044025,52.515723270440255,51.57232704402516,70.28301886792454,0.1237925698430581,0.8250298923874053,0.4401316975557789,0.2221521486417973,0.1623597012549912,1.1837385412514945,25.0,2.3006289308176098
Sean Longstaff,Newcastle United,EPL,2023,26.7,25000000.0,2748,62.82710280373831,39.719626168224295,73.83177570093457,76.94704049844236,0.0988623686134815,0.6550218340611353,0.5645040452518952,0.3259934319791233,0.2317897696658057,1.3427947598253274,25.0,2.5130841121495324
Romano Schmid,Werder Bremen,Bundesliga,2024,25.4,17000000.0,2856,81.40762463343108,89.73607038123167,82.40469208211144,70.52785923753666,0.2068627424178128,2.142857142857143,0.6276292911096781,0.4264861660688614,0.1292036674885439,1.512605042016807,17.0,4.788683801966535
Jerdy Schouten,Bologna,Serie A,2022,26.5,12000000.0,2537,25.4874213836478,28.61635220125786,40.56603773584905,4.245283018867925,0.0610631355442397,0.6740244383129681,0.2770988216053197,0.253702113771966,0.0104080226968358,0.2837997635001971,12.0,2.12395178197065
Giovani Lo Celso,Real Betis,La Liga,2024,29.2,15000000.0,1437,83.07184750733137,96.9208211143695,68.9149560117302,83.43108504398826,0.2926174732457869,2.6931106471816286,0.5892043827502115,0.309943071953439,0.1563085507920365,2.1294363256784967,15.0,5.538123167155424
Kalvin Phillips,Ipswich,EPL,2024,29.6,12000000.0,1247,12.346041055718477,6.3049853372434015,8.357771260997069,24.04692082111437,0.0233229531577184,0.3608660785886126,0.1745224603524233,0.1549415784920084,0.0331498288834032,0.7939053728949479,12.0,1.0288367546432065
Ismael Bennacer,AC Milan,Serie A,2022,25.6,40000000.0,2034,66.3993710691824,86.0062893081761,78.77358490566039,29.08805031446541,0.1674582258658071,1.902654867256637,0.510936341273178,0.3964887079741575,0.0491006989279283,0.7079646017699115,40.0,1.6599842767295598
Ismael Bennacer,AC Milan,Serie A,2023,26.6,30000000.0,1158,69.61838006230529,75.70093457943925,84.89096573208722,44.70404984423676,0.1892854644159347,1.3212435233160622,0.667091885031505,0.4584121196458377,0.0846379010942933,0.932642487046632,30.0,2.3206126687435096
Samuel Moutoussamy,Nantes,Ligue 1,2022,26.9,5000000.0,2388,27.460691823899367,17.452830188679243,31.761006289308177,34.11949685534591,0.0248619179994841,0.6783919597989949,0.2739328625682161,0.2143311735485966,0.0519899497903771,0.8291457286432161,5.0,5.492138364779874
Samuel Moutoussamy,Nantes,Ligue 1,2023,27.9,3000000.0,1085,53.8239875389408,37.22741433021807,57.00934579439252,69.47040498442367,0.0546438001988944,0.912442396313364,0.4440835157435061,0.2606626217369385,0.1761142836394398,1.2442396313364057,3.0,17.94132917964693
Giulio Maggiore,Salernitana,Serie A,2023,26.3,3500000.0,1826,32.55451713395638,18.38006230529595,19.626168224299064,64.17445482866043,0.047672129463637,0.5421686746987953,0.2593865732051358,0.1776791081038535,0.1663161845579906,1.1336254107338446,3.5,9.301290609701823
Lucas Tousart,Hertha Berlin,Bundesliga,2022,26.2,9000000.0,2952,30.51100628930817,27.20125786163522,4.716981132075472,64.46540880503144,0.0731935824278923,0.5487804878048781,0.1951039646377378,0.0707483974217278,0.1031289840821267,1.2804878048780488,9.0,3.39011180992313
Lucas Tousart,Union Berlin,Bundesliga,2023,27.2,7000000.0,1591,23.543613707165104,7.320872274143301,9.345794392523365,59.03426791277258,0.030027317014329,0.3394091766184789,0.2225718245034338,0.1375129790760056,0.0817968629623718,1.4142049025769956,7.0,3.363373386737872
Rodrigo Bentancur,Tottenham,EPL,2022,26.0,40000000.0,1516,51.55660377358491,19.81132075471698,79.24528301886792,56.28930817610063,0.0382522912450272,0.6530343007915568,0.5114467477789615,0.3982782616135037,0.1446734381886322,0.8905013192612138,40.0,1.2889150943396228
Rodrigo Bentancur,Tottenham,EPL,2023,27.0,35000000.0,1016,63.7227414330218,25.233644859813083,92.21183800623052,75.38940809968847,0.044620430085984,0.7086614173228346,0.7597350104763282,0.654581444884291,0.1437337086609322,1.594488188976378,35.0,1.8206497552291943
Rodrigo Bentancur,Tottenham,EPL,2024,28.0,30000000.0,1674,41.79618768328446,8.357771260997067,69.20821114369502,48.82697947214076,0.0188594613905235,0.4838709677419355,0.4532525593274703,0.4227733362706438,0.0699406028074282,1.1827956989247312,30.0,1.393206256109482
Daichi Kamada,Eintracht Frankfurt,Bundesliga,2022,26.9,27000000.0,2279,83.19182389937106,71.85534591194968,89.15094339622641,89.46540880503144,0.1404904099381534,1.3426941641070644,0.699040880128447,0.4293871486740136,0.2611302912231991,1.7376042123738482,27.0,3.081178662939669
Daichi Kamada,Lazio,Serie A,2023,27.9,18000000.0,1552,73.96417445482865,77.8816199376947,74.29906542056075,69.0031152647975,0.1899351818563858,1.3917525773195876,0.5331918518010949,0.3511357509540682,0.1026470159761338,1.681701030927835,18.0,4.109120803046036
Daichi Kamada,Crystal Palace,EPL,2024,28.9,12000000.0,1527,57.49266862170088,58.064516129032256,67.74193548387098,44.86803519061584,0.1079802147400051,1.1787819253438114,0.4785962049686487,0.3749694382636451,0.0575763514093425,1.1787819253438114,12.0,4.791055718475073
Rafael Leão,AC Milan,Serie A,2022,24.1,90000000.0,2453,89.94496855345912,92.13836477987422,79.40251572327044,99.68553459119497,0.3179732249359476,1.7977986139421118,0.9479828164607128,0.2828600280946656,0.4714819150105501,3.375458622095393,90.0,0.9993885394828791
Leandro Barreiro Martins,Mainz 05,Bundesliga,2022,23.5,14000000.0,2161,50.64465408805031,41.19496855345912,37.73584905660377,76.72955974842768,0.1055524865236894,0.6663581675150394,0.3709008333078003,0.1771738006975131,0.1772687983798696,1.2910689495603886,14.0,3.6174752920035935
Leandro Barreiro Martins,Mainz 05,Bundesliga,2023,24.5,17000000.0,2600,44.0809968847352,26.16822429906542,37.69470404984423,72.42990654205607,0.0477953699883073,0.6923076923076923,0.3733238974084648,0.2021486901821425,0.174047884868028,1.3153846153846154,17.0,2.5929998167491295
Rodri,Manchester City,EPL,2023,28.0,120000000.0,2967,84.4392523364486,75.70093457943926,99.06542056074768,77.57009345794393,0.161558548431124,1.5166835187057637,0.9592419130495996,0.7975251193716746,0.1302609852391801,1.8806875631951463,120.0,0.7036604361370717
Declan Rice,West Ham,EPL,2022,24.5,90000000.0,3268,38.84433962264151,40.56603773584906,41.0377358490566,34.276729559748425,0.0643894390910955,0.9914320685434516,0.2988194751683189,0.2369500217689121,0.0405875370938061,0.9914320685434516,90.0,0.4316037735849057
Declan Rice,Arsenal,EPL,2023,25.5,120000000.0,3256,72.49221183800621,71.80685358255451,79.90654205607476,64.6417445482866,0.1629463335984279,1.299140049140049,0.5439278405904541,0.4458903980095863,0.0880676984451756,1.6031941031941033,120.0,0.6041017653167184
Declan Rice,Arsenal,EPL,2024,26.5,120000000.0,2848,76.3782991202346,90.76246334310852,68.7683284457478,68.47507331378299,0.286324961199896,1.864466292134832,0.5448103944634956,0.3274203283814295,0.1146170480851753,1.5168539325842696,120.0,0.636485826001955
Pablo Fornals,Real Betis,La Liga,2023,28.4,14000000.0,1180,65.5841121495327,83.48909657320871,40.34267912772586,74.14330218068535,0.190208830270853,1.7542372881355934,0.4787322416649026,0.1528276476882777,0.2103216278729802,1.2966101694915255,14.0,4.684579439252336
Pablo Fornals,Real Betis,La Liga,2024,29.4,6000000.0,1876,71.86950146627565,76.24633431085044,83.72434017595307,52.9325513196481,0.1471985318858835,1.727078891257996,0.6363453018143455,0.4327473732561412,0.0931933812195383,1.103411513859275,6.0,11.978250244379275
Gianluca Gaetano,Cagliari,Serie A,2024,25.2,4000000.0,976,81.86950146627565,89.58944281524927,60.11730205278592,98.24046920821114,0.2194252614214344,2.028688524590164,0.7350304768779544,0.2086642562014768,0.4269630757168118,2.7663934426229506,4.0,20.467375366568913
Teun Koopmeiners,Atalanta,Serie A,2022,25.3,30000000.0,2860,73.89150943396227,88.36477987421384,48.89937106918239,86.16352201257862,0.2059541232590857,1.7937062937062935,0.4409858478441626,0.2050659013325934,0.1701088930395516,1.856643356643357,30.0,2.463050314465409
Jurgen Ekkelenkamp,Udinese,Serie A,2024,25.2,7000000.0,1884,46.63489736070382,37.2434017595308,38.56304985337243,67.00879765395895,0.0780624182076211,0.7643312101910827,0.3809233520559634,0.2170486276773558,0.1497100666610251,1.2420382165605095,7.0,6.66212819438626
Pedro Díaz,Rayo Vallecano,La Liga,2024,27.1,3000000.0,1199,79.78739002932552,83.57771260997067,71.99413489736071,84.45747800586511,0.171292625294627,1.95162635529608,0.5502359159881121,0.3535970883619497,0.1472899098465028,2.326939115929941,3.0,26.59579667644184
Riccardo Orsolini,Bologna,Serie A,2023,27.4,16000000.0,1795,74.85981308411215,89.5638629283489,41.27725856697819,96.8847352024922,0.2869698938428525,1.8050139275766013,0.5259064077023511,0.1351127820271054,0.306992415987308,2.9582172701949863,16.0,4.678738317757009
Federico Valverde,Real Madrid,La Liga,2023,25.9,120000000.0,2931,83.56697819314641,79.59501557632399,95.48286604361373,74.29906542056075,0.1910460829933077,1.50460593654043,0.8587722672471737,0.6407344310011566,0.1290155982097254,1.7195496417604914,120.0,0.6963914849428867
Carlos Soler,Paris Saint Germain,Ligue 1,2022,26.5,25000000.0,1189,59.709119496855344,49.21383647798742,77.04402515723271,51.72955974842768,0.0925860702960154,0.9840201850294364,0.5524972282487921,0.3360488651597621,0.1351257146526475,0.7569386038687973,25.0,2.388364779874214
Carlos Soler,West Ham,EPL,2024,28.5,18000000.0,1422,46.24633431085044,44.72140762463343,23.313782991202345,74.7800586510264,0.0689474653594101,1.0759493670886076,0.3345956155865253,0.154415017017458,0.1450758314208139,1.5822784810126582,18.0,2.569240795047247
Ibrahima Sissoko,Strasbourg,Ligue 1,2022,25.7,6000000.0,1291,31.855345911949684,30.9748427672956,33.490566037735846,30.974842767295595,0.0674814489142757,0.69713400464756,0.2782060303036369,0.2173521483640203,0.0422394642170654,0.906274206041828,6.0,5.309224318658281
Ibrahima Sissoko,Strasbourg,Ligue 1,2023,26.7,6000000.0,1640,39.50934579439252,41.90031152647975,45.4828660436137,29.75077881619937,0.1055151002379361,0.6585365853658537,0.340493324990725,0.2645676645291288,0.0478958350197389,0.7682926829268293,6.0,6.584890965732087
Ibrahima Sissoko,Bochum,Bundesliga,2024,27.7,6000000.0,2639,30.35190615835777,33.87096774193548,25.073313782991203,32.40469208211144,0.0524429616551139,0.8866995073891626,0.2863577832497851,0.2111728698249543,0.0486849235210535,0.8525956801818871,6.0,5.058651026392962
Vincent Marchetti,Ajaccio,Ligue 1,2022,26.0,2500000.0,2476,32.68867924528301,17.452830188679243,26.886792452830186,57.23270440251572,0.045307637372856,0.5452342487883683,0.2557770844386448,0.1945767461575014,0.0675420131668243,1.3449111470113086,2.5,13.075471698113205
Kristijan Jakic,"Augsburg,Eintracht Frankfurt",Bundesliga,2023,27.1,6500000.0,1253,25.615264797507784,15.26479750778816,26.94704049844237,36.13707165109034,0.036836384415793,0.5746209098164405,0.2688430431347224,0.214955192014682,0.0488735844529065,1.005586592178771,6.5,3.9408099688473515
Kristijan Jakic,Augsburg,Bundesliga,2024,28.1,6500000.0,2314,32.72727272727273,28.005865102639294,49.41348973607038,18.7683284457478,0.0604245932925695,0.6611927398444253,0.3644971649324265,0.3087082012277177,0.0290783413491866,0.700086430423509,6.5,5.034965034965035
Ibrahim Sangare,Nottingham Forest,EPL,2023,26.6,30000000.0,1053,34.76635514018691,14.174454828660435,55.91900311526479,34.11214953271028,0.0299828921436754,0.5982905982905983,0.3847046674062044,0.3005859832096303,0.0712857903259941,0.6837606837606838,30.0,1.158878504672897
Pierre Lees-Melou,Brest,Ligue 1,2022,30.1,4000000.0,2790,36.54874213836477,30.031446540880506,23.58490566037736,59.276729559748425,0.0889295520441186,0.4838709677419355,0.2650546941065019,0.1712151153553878,0.0732559756405892,1.4193548387096775,4.0,9.137185534591193
Pierre Lees-Melou,Brest,Ligue 1,2023,31.1,10000000.0,2530,66.23052959501557,55.7632398753894,75.38940809968847,67.75700934579439,0.1072310326186564,0.9960474308300395,0.524388213086093,0.385776755212265,0.0858826282150719,1.849802371541502,10.0,6.623052959501557
Pierre Lees-Melou,Brest,Ligue 1,2024,32.1,6000000.0,1516,57.30205278592376,60.99706744868036,54.83870967741936,55.86510263929618,0.1322417434164885,1.127968337730871,0.4177226650585128,0.3103696906049601,0.0792493949224066,1.3060686015831136,6.0,9.550342130987294
Yangel Herrera,Girona,La Liga,2024,27.5,15000000.0,2293,45.06598240469208,36.21700879765396,25.806451612903224,77.85923753665689,0.0944672228270517,0.6279982555604012,0.3432199747390587,0.165246075674781,0.1894264796734948,1.530745747928478,15.0,3.004398826979472
Santiago Comesaña,Rayo Vallecano,La Liga,2022,26.7,7500000.0,2498,44.033018867924525,55.50314465408805,28.93081761006289,48.270440251572325,0.0650130339217386,1.4771817453963172,0.2843355490275031,0.1842866646084156,0.096888447260921,0.9007205764611688,7.5,5.871069182389936
Santiago Comesaña,Villarreal,La Liga,2023,27.7,6000000.0,1645,48.92523364485981,33.021806853582554,62.30529595015576,51.86915887850468,0.078645620189358,0.6565349544072948,0.4239662740390895,0.3208489782632666,0.118463897981361,0.9300911854103344,6.0,8.154205607476635
Santiago Comesaña,Villarreal,La Liga,2024,28.7,8000000.0,2597,67.34604105571847,51.90615835777126,78.2991202346041,72.58064516129032,0.101948756162288,0.9703504043126684,0.5656890226847215,0.4176580891856607,0.1660128930295987,1.3515594917212168,8.0,8.41825513196481
Ilia Gruev,Werder Bremen,Bundesliga,2022,23.1,3000000.0,1581,20.966981132075468,16.037735849056602,36.32075471698113,8.80503144654088,0.0489781344878492,0.4554079696394687,0.2802569458201047,0.2283677291761257,0.0157212852138099,0.3415559772296015,3.0,6.9889937106918225
Albert Sambi Lokonga,Luton,EPL,2023,24.7,15000000.0,1331,30.8411214953271,37.22741433021807,30.062305295950157,24.299065420560748,0.1005652984065457,0.608564988730278,0.2920436859690632,0.2150270602561583,0.0509267625035781,0.540946656649136,15.0,2.05607476635514
Albert Sambi Lokonga,Sevilla,La Liga,2024,25.7,8000000.0,1482,35.564516129032256,52.19941348973608,24.780058651026398,28.739002932551323,0.0851894084077615,1.1538461538461535,0.2903725811646052,0.2075488460419873,0.0467464548954174,0.7894736842105263,8.0,4.445564516129032
Riccardo Sottil,Fiorentina,Serie A,2023,25.1,6000000.0,1116,77.37538940809968,71.02803738317756,69.93769470404985,93.45794392523364,0.2226598290426116,1.0483870967741935,0.594350166258312,0.2872686277353956,0.2133900156214593,2.7419354838709675,6.0,12.89589823468328
Riccardo Sottil,"AC Milan,Fiorentina",Serie A,2024,26.1,5000000.0,932,65.67448680351906,68.9149560117302,50.733137829912025,79.32551319648094,0.1339782692108287,1.448497854077253,0.4503137069502486,0.2726988731823509,0.113572619471683,2.3175965665236054,5.0,13.134897360703812
Lassana Coulibaly,Salernitana,Serie A,2022,27.2,5000000.0,2922,21.80817610062893,25.15723270440252,21.38364779874214,18.39622641509434,0.0576041174671962,0.6160164271047228,0.2400055675226162,0.1722151664844896,0.0338896832790309,0.5236139630390144,5.0,4.361635220125786
Lassana Coulibaly,Salernitana,Serie A,2023,28.2,3500000.0,2096,17.92056074766355,14.018691588785046,26.635514018691588,12.305295950155765,0.0417954809448276,0.4723282442748092,0.2426846983010759,0.227440292382691,0.0187438204600155,0.558206106870229,3.5,5.120160213618157
Lassana Coulibaly,Lecce,Serie A,2024,29.2,2500000.0,2687,13.988269794721404,10.557184750733136,16.715542521994134,14.809384164222871,0.0351432178157011,0.4019352437662821,0.2461158202778774,0.1732609311904124,0.0435123548527211,0.3014514328247115,2.5,5.595307917888562
Lovro Majer,Rennes,Ligue 1,2022,25.4,20000000.0,1659,81.17924528301887,93.23899371069184,71.85534591194968,77.9874213836478,0.2476220096631572,2.061482820976492,0.5330056448552966,0.2933171365551556,0.114256488108775,1.844484629294756,20.0,4.058962264150944
Leon Bailey,Aston Villa,EPL,2024,27.9,28000000.0,1152,67.41202346041055,73.16715542521995,42.52199413489736,89.73607038123167,0.1853344103437848,1.25,0.491571930469945,0.1778635600931011,0.2240501483902335,2.1875,28.0,2.407572266443234
Stanko Juric,Real Valladolid,La Liga,2024,28.9,1200000.0,1757,13.79765395894428,3.958944281524927,28.299120234604104,8.357771260997067,0.0270106954691962,0.2048947068867387,0.263438037266413,0.2519558233462855,0.019901056620772,0.4097894137734775,1.2,11.498044965786901
Philipp Sander,Borussia M.Gladbach,Bundesliga,2024,27.4,4000000.0,1397,51.429618768328446,30.498533724340177,72.58064516129032,51.17302052785924,0.0462908123045861,0.8375089477451682,0.4918047798292161,0.4199828554022158,0.0808963482984813,1.159627773801002,4.0,12.857404692082111
Salvatore Esposito,Spezia,Serie A,2022,22.7,3300000.0,962,53.404088050314456,61.0062893081761,43.86792452830189,55.66037735849056,0.1226773668320659,1.1226611226611227,0.2833053518837926,0.2723115183831253,0.0653588130349862,1.30977130977131,3.3,16.183056984943775
Tommaso Pobega,Bologna,Serie A,2024,26.0,9000000.0,1180,57.30938416422288,48.09384164222874,44.13489736070382,83.43108504398828,0.1047257665955161,0.8389830508474577,0.4048799764428098,0.2438575080280207,0.1910084797448273,1.830508474576271,9.0,6.36770935158032
Emile Smith-Rowe,Fulham,EPL,2024,24.9,30000000.0,2101,65.67448680351906,54.10557184750733,62.90322580645161,82.40469208211144,0.1042981229825339,1.028081865778201,0.5357097658944421,0.2937278629319191,0.2253931327796106,1.5849595430747263,30.0,2.189149560117302
Angel Gomes,Lille,Ligue 1,2022,22.8,16000000.0,2858,69.90566037735849,50.0,87.73584905660377,72.32704402515724,0.0882474597454842,1.0706787963610918,0.5812200754646285,0.4557431571412391,0.0952883385626261,1.7634709587123862,16.0,4.369103773584905
Angel Gomes,Lille,Ligue 1,2023,23.8,25000000.0,2605,63.32554517133956,86.91588785046729,54.3613707165109,46.26168224299065,0.2604196139409308,1.6583493282149713,0.4169908989356712,0.2649915743469048,0.0599196695663649,1.2092130518234163,25.0,2.5330218068535824
Andrea Colpani,Monza,Serie A,2022,24.1,4000000.0,920,75.35377358490567,88.20754716981132,47.16981132075472,93.23899371069184,0.2303160909644287,1.6630434782608696,0.4198975005875462,0.210396257188657,0.2014673006336164,2.347826086956521,4.0,18.838443396226417
Andrea Colpani,Fiorentina,Serie A,2024,26.1,9500000.0,1469,57.61730205278592,44.72140762463343,43.98826979472141,88.56304985337243,0.0698523572978923,1.0415248468345812,0.4503066292307748,0.2135299155177958,0.2054959313957929,2.2055820285908783,9.5,6.064979163451149
Douglas Augusto,Nantes,Ligue 1,2023,27.5,6000000.0,1791,37.23520249221184,42.99065420560748,31.61993769470405,37.07165109034268,0.079226510777096,0.9045226130653268,0.2983959111848369,0.2212821125946751,0.0680618843147952,0.8040201005025126,6.0,6.205867082035307
Douglas Augusto,Nantes,Ligue 1,2024,28.5,6000000.0,2336,45.219941348973606,23.46041055718475,43.40175953079179,72.72727272727272,0.0657800827470403,0.5393835616438356,0.4009290458395285,0.2418366587108435,0.1642097929119425,1.386986301369863,6.0,7.536656891495601
Davide Frattesi,Sassuolo,Serie A,2022,23.8,25000000.0,2930,51.40723270440252,35.53459119496856,33.17610062893082,91.19496855345912,0.0581943932984265,0.8907849829351535,0.3853817681301983,0.1418680542056471,0.2277995742882884,1.965870307167236,25.0,2.0562893081761007
Davide Frattesi,Inter,Serie A,2024,25.8,35000000.0,1194,58.17448680351906,28.44574780058651,57.33137829912023,93.841642228739,0.0825443846084664,0.5276381909547738,0.6351586069967878,0.2129853355824648,0.4006895735560349,2.110552763819096,35.0,1.662128194386259
Boubacar Kamara,Aston Villa,EPL,2022,23.6,30000000.0,1790,10.644654088050313,8.80503144654088,20.12578616352201,1.729559748427673,0.0348586147526206,0.3519553072625698,0.2035969279539984,0.1889804565665109,0.0042003492913182,0.2011173184357541,30.0,0.3548218029350104
Boubacar Kamara,Aston Villa,EPL,2023,24.6,38000000.0,1686,42.74143302180684,43.45794392523364,76.79127725856696,2.1806853582554515,0.0585080060637241,1.0676156583629892,0.4927250010448631,0.4504908055557581,0.0076615993510202,0.2669039145907473,38.0,1.1247745532054432
Sergio Ruiz,Granada,La Liga,2023,29.5,2000000.0,2536,22.79595015576324,20.560747663551403,31.61993769470405,15.109034267912772,0.0637169586485751,0.4258675078864353,0.287005055761141,0.2292883093358672,0.0324384969760508,0.4613564668769716,2.0,11.39797507788162
Yacine Adli,AC Milan,Serie A,2023,23.9,15000000.0,1435,51.19158878504672,64.6417445482866,78.81619937694704,3.2710280373831773,0.1034293649685715,1.3797909407665503,0.5133988034525295,0.4646623899595559,0.010816685414065,0.2508710801393728,15.0,3.412772585669781
Yacine Adli,Fiorentina,Serie A,2024,24.9,11000000.0,1246,64.44281524926686,85.92375366568913,61.87683284457478,42.37536656891496,0.2517112294050534,1.6613162118780098,0.4859883196496466,0.316863443155326,0.0651543636478926,1.0112359550561798,11.0,5.85843774993335
Maxence Caqueret,Lyon,Ligue 1,2022,23.4,25000000.0,2786,76.82389937106917,87.42138364779875,89.62264150943396,49.52830188679245,0.1781490482911414,1.905958363244796,0.6387382651507394,0.4511229733201726,0.1073359097544657,0.8399138549892319,25.0,3.072955974842767
Maxence Caqueret,Lyon,Ligue 1,2023,24.4,20000000.0,3033,63.7227414330218,81.46417445482865,71.49532710280374,33.95638629283489,0.1853239640748288,1.6617210682492582,0.5124966290610834,0.3306481091841746,0.0694015921295264,0.7121661721068249,20.0,3.18613707165109
Maxence Caqueret,Como,Serie A,2024,25.4,16000000.0,1110,53.9882697947214,76.83284457478005,51.90615835777126,29.765395894428156,0.1709533637842616,1.5405405405405403,0.4418856330417298,0.2846129258742204,0.0627966153661947,0.6486486486486487,16.0,3.3742668621700873
Elisha Owusu,Auxerre,Ligue 1,2024,27.6,3000000.0,2384,9.39882697947214,14.222873900293257,8.357771260997067,4.98533724340176,0.0347710172872327,0.5285234899328859,0.1952638365437695,0.1484487250825427,0.0172187642338091,0.2642617449664429,3.0,3.1329423264907135
Sandro Tonali,AC Milan,Serie A,2022,23.1,50000000.0,2720,72.97955974842768,91.8238993710692,73.42767295597483,50.47169811320755,0.2230082354919217,2.051470588235294,0.5002582526889028,0.3363318880266674,0.0775875302394578,1.0588235294117647,50.0,1.4595911949685536
Sandro Tonali,Newcastle United,EPL,2024,25.1,60000000.0,2619,60.76979472140763,43.10850439882698,74.34017595307918,65.5425219941349,0.0748775419667107,0.9621993127147764,0.5319910419663202,0.3849161764498019,0.1456488142449319,1.2027491408934707,60.0,1.0128299120234605
Martin Hongla,Verona,Serie A,2023,26.3,2500000.0,1079,8.263239875389408,19.626168224299064,2.64797507788162,1.5576323987538938,0.024684469152563,0.7506950880444857,0.1310813063677949,0.1047277336886655,0.0074862279135999,0.2502316960148285,2.5,3.305295950155763
Marcus Tavernier,Bournemouth,EPL,2024,26.3,18000000.0,1930,90.183284457478,90.32258064516128,84.89736070381231,96.18768328445748,0.2425756075279546,2.005181347150259,0.7700597828958629,0.3882340945573668,0.2989812500369518,2.6580310880829017,18.0,5.010182469859888
Jadon Sancho,Chelsea,EPL,2024,25.3,28000000.0,1760,72.0674486803519,89.00293255131965,62.6099706744868,63.34310850439883,0.2206192420456897,1.9943181818181817,0.555292169245976,0.2863473016345366,0.1236186598596925,1.2272727272727273,28.0,2.5738374528697108
Edson Álvarez,West Ham,EPL,2023,26.7,35000000.0,2405,16.73676012461059,6.542056074766355,20.71651090342679,23.98753894080997,0.022189752804793,0.4490644490644491,0.24012045923179,0.189174845938623,0.0453480555019544,0.6361746361746362,35.0,0.4781931464174454
Exequiel Palacios,Bayer Leverkusen,Bundesliga,2022,24.7,22000000.0,1665,54.764150943396224,39.937106918239,87.42138364779873,33.9622641509434,0.0814356090047875,0.8108108108108109,0.5601296400701677,0.508186894494134,0.0283813943230622,1.0810810810810811,22.0,2.489279588336192
Exequiel Palacios,Bayer Leverkusen,Bundesliga,2023,25.7,45000000.0,1858,71.79906542056074,68.22429906542055,94.85981308411216,49.06542056074766,0.1481191015604831,1.2594187298170074,0.8283316723268531,0.6725149139745886,0.0945270485349953,1.017222820236814,45.0,1.5955347871235719
Exequiel Palacios,Bayer Leverkusen,Bundesliga,2024,26.7,40000000.0,1134,74.66275659824046,89.14956011730206,78.2991202346041,53.51906158357771,0.1895034552684852,2.2222222222222223,0.5883055851454772,0.3925359881823025,0.1044990888072384,1.0317460317460316,40.0,1.8665689149560116
Amadou Haidara,RasenBallsport Leipzig,Bundesliga,2022,25.4,17000000.0,1418,58.42767295597484,38.0503144654088,66.35220125786164,72.95597484276729,0.0840223360181443,0.7616361071932299,0.4471167969571266,0.3222399170685176,0.1717727798942282,1.2059238363892806,17.0,3.4369219385867553
Amadou Haidara,RasenBallsport Leipzig,Bundesliga,2023,26.4,20000000.0,1582,62.53115264797508,50.0,90.34267912772586,44.70404984423676,0.0923643206445177,0.9671302149178256,0.7299321262794635,0.6005053694316395,0.0564506835058124,1.1946902654867255,20.0,3.126557632398754
Amadou Haidara,RasenBallsport Leipzig,Bundesliga,2024,27.4,16000000.0,1321,47.74926686217008,17.44868035190616,66.56891495601172,61.143695014662754,0.0632368333293667,0.3406510219530658,0.4654217292861357,0.3758721081377835,0.1116279490858903,1.2263436790310371,16.0,2.98432917888563
Tom Krauß,Schalke 04,Bundesliga,2022,22.0,7000000.0,2562,20.628930817610065,9.748427672955977,14.150943396226412,40.880503144654085,0.0339122799462889,0.4215456674473068,0.2210228132254136,0.1524870883045277,0.0709183214655455,0.8782201405152226,7.0,2.946990116801438
Tom Krauß,Mainz 05,Bundesliga,2023,23.0,4000000.0,1320,25.90342679127726,16.510903426791277,24.922118380062305,38.006230529595015,0.0434538079849021,0.5454545454545454,0.2628956123424524,0.2049002506008202,0.0404861414466391,1.1590909090909092,4.0,6.475856697819315
Tom Krauß,Bochum,Bundesliga,2024,24.0,4000000.0,1003,37.17008797653959,48.82697947214076,32.111436950146626,29.472140762463344,0.0801341422552155,1.0767696909272184,0.3202022522583916,0.2376196985081922,0.032681150776023,0.9870388833499502,4.0,9.292521994134898
Matt O&#039;Riley,Brighton,EPL,2024,24.6,22000000.0,934,80.6891495601173,89.88269794721407,64.36950146627566,89.00293255131965,0.2326896106445368,2.02355460385439,0.6248909356351743,0.2754895056536066,0.2216159845492952,2.119914346895075,22.0,3.6676886163689684
Oliver Skipp,Tottenham,EPL,2022,22.8,15000000.0,1510,24.748427672955973,14.937106918238994,47.95597484276729,9.119496855345911,0.0323239574023824,0.5960264900662252,0.3104991484803474,0.272778551236091,0.0123919210526228,0.4172185430463576,15.0,1.6498951781970648
Oliver Skipp,Leicester,EPL,2024,24.8,10000000.0,1095,12.346041055718477,20.821114369501466,7.038123167155424,8.651026392961878,0.0279214424272514,0.7397260273972602,0.1852550135593708,0.1472941962874507,0.0199836362918762,0.410958904109589,10.0,1.2346041055718477
Felix Nmecha,Wolfsburg,Bundesliga,2022,22.7,15000000.0,1824,67.95597484276729,61.63522012578616,60.691823899371066,83.80503144654088,0.1484901813398066,0.986842105263158,0.4374625502877231,0.2749077809092246,0.1566447488240603,1.8256578947368425,15.0,4.530398322851153
Felix Nmecha,Borussia Dortmund,Bundesliga,2023,23.7,20000000.0,1004,68.9797507788162,47.97507788161994,73.67601246105919,88.00623052959502,0.0679382511908077,1.1653386454183268,0.538651339943517,0.3341663246454886,0.2062232528750106,2.0617529880478087,20.0,3.44898753894081
Felix Nmecha,Borussia Dortmund,Bundesliga,2024,24.7,28000000.0,1519,55.381231671554254,44.28152492668622,76.24633431085044,43.98826979472141,0.0940535508017739,0.8294930875576036,0.5053281124100001,0.4434256281868025,0.0645199407461032,1.066491112574062,28.0,1.9779011311269377
Teddy Teuma,Reims,Ligue 1,2023,30.7,7000000.0,2143,70.8411214953271,81.46417445482865,59.65732087227414,71.49532710280374,0.166011557036883,1.805879608026132,0.4154352621599941,0.3076537181260398,0.1033393916992511,1.8478768082127857,7.0,10.120160213618158
Yves Bissouma,Tottenham,EPL,2022,26.8,18000000.0,988,34.630503144654085,22.955974842767294,65.88050314465409,11.79245283018868,0.0400856573338269,0.728744939271255,0.4044086750981356,0.3772148083488227,0.0117928817630688,0.5465587044534413,18.0,1.9239168413696714
Yves Bissouma,Tottenham,EPL,2023,27.8,35000000.0,2120,39.21339563862928,4.984423676012461,75.54517133956386,36.7601246105919,0.0171893996116265,0.4245283018867924,0.4779342737154297,0.4495661888130993,0.0495158615346365,1.018867924528302,35.0,1.120382732532265
Yves Bissouma,Tottenham,EPL,2024,28.8,25000000.0,1404,26.01173020527859,5.718475073313783,52.63929618768328,18.621700879765395,0.0187796312503707,0.3846153846153846,0.3595630570840186,0.3316487323564405,0.0285293127839954,0.7051282051282052,25.0,1.0404692082111435
Pol Lozano,Espanyol,La Liga,2024,25.7,5000000.0,2015,15.7258064516129,28.88563049853372,12.903225806451612,3.6656891495601176,0.0448238589146888,0.8039702233250621,0.2006205174674467,0.1711221862186865,0.0072458382769864,0.3573200992555831,5.0,3.14516129032258
Aurelien Tchouameni,Real Madrid,La Liga,2022,23.4,85000000.0,2119,69.70125786163521,47.32704402515724,95.75471698113208,65.40880503144655,0.0954366256907026,0.9344030202925908,0.7138287181974358,0.6509210348547686,0.0770263145218456,1.6139688532326568,85.0,0.8200147983721789
Marshall Munetsi,Reims,Ligue 1,2024,29.0,15000000.0,2773,55.17595307917888,52.19941348973608,30.791788856304983,87.09677419354838,0.1158912558332918,0.9087630724846736,0.46099049429783,0.1082373834915359,0.2799859348371533,1.752614496934728,15.0,3.678396871945259
Jack Harrison,Everton,EPL,2023,27.6,18000000.0,2229,53.037383177570085,68.22429906542055,20.560747663551403,73.20872274143301,0.1755243687718745,1.0901749663526246,0.3416858365806885,0.0952904764938884,0.1675583613462355,1.372812920592194,18.0,2.9465212876427826
Hamza Rafia,Lecce,Serie A,2023,25.2,1700000.0,1234,35.572429906542055,38.70716510903427,27.8816199376947,40.88785046728972,0.0443814991334848,1.094003241491086,0.2851132174872308,0.206850700109074,0.0483662326710005,1.1669367909238249,1.7,20.924958768554152
Hamza Rafia,Lecce,Serie A,2024,26.2,,1083,36.590909090909086,57.77126099706745,24.78005865102639,25.65982404692082,0.0933539118731286,1.329639889196676,0.2959653046859268,0.1970414697112634,0.0335722346725638,0.8310249307479225,,
Frank Onyeka,Brentford,EPL,2023,26.5,9000000.0,1124,61.49532710280374,59.50155763239876,47.97507788161994,79.59501557632399,0.1479409507134418,0.9608540925266904,0.4895121747051163,0.1909391846660246,0.1606959783806866,1.7615658362989324,9.0,6.832814122533749
Frank Onyeka,Augsburg,Bundesliga,2024,27.5,7000000.0,2627,26.151026392961874,23.900293255131963,22.287390029325515,33.28445747800586,0.0516410358108333,0.6509326227636087,0.2844584306902675,0.1957114119342197,0.0578537310938395,0.822230681385611,7.0,3.7358609132802676
Martín Zubimendi,Real Sociedad,La Liga,2022,24.4,40000000.0,3111,37.99528301886792,27.9874213836478,58.33333333333333,25.943396226415096,0.073359566098555,0.5785920925747349,0.3685534942316802,0.3051602974598698,0.0622781080336614,0.3760848601735776,40.0,0.9498820754716981
Martín Zubimendi,Real Sociedad,La Liga,2023,25.4,50000000.0,2647,33.63707165109034,19.31464174454829,42.21183800623053,40.34267912772585,0.0489697165851958,0.5440120891575368,0.3275265864476218,0.2545194798664615,0.0884031444650057,0.7480166225916132,50.0,0.6727414330218068
Martín Zubimendi,Real Sociedad,La Liga,2024,26.4,60000000.0,2966,38.08651026392962,17.302052785923756,52.05278592375366,46.04105571847507,0.0368092474304717,0.576534052596089,0.3995069502510597,0.3011618784502581,0.1190149721916229,0.7282535401213757,60.0,0.6347751710654936
Fran Beltrán,Celta Vigo,La Liga,2022,24.4,15000000.0,2867,29.73270440251572,27.672955974842765,38.67924528301887,21.69811320754717,0.0532712722908579,0.7534007673526334,0.2718427681007117,0.2479872226398042,0.0194500261001005,0.7847924659923265,15.0,1.982180293501048
Fran Beltrán,Celta Vigo,La Liga,2023,25.4,6000000.0,2463,39.493769470404985,21.962616822429908,72.58566978193147,21.339563862928348,0.0431670166833392,0.6577344701583434,0.4513681361431326,0.4265346974769696,0.025259255001664,0.7673568818514007,6.0,6.582294911734164
Fran Beltrán,Celta Vigo,La Liga,2024,26.4,8000000.0,2443,40.17595307917888,28.005865102639294,64.66275659824046,25.806451612903224,0.0776565954664045,0.5525992632009824,0.4493987306722219,0.3703617290077129,0.0329773062272085,0.8473188702415063,8.0,5.02199413489736
Billy Gilmour,Brighton,EPL,2023,23.1,18000000.0,2154,57.85825545171338,46.88473520249221,92.5233644859813,30.218068535825545,0.0873400275478746,0.9192200557103064,0.7415096398733535,0.6792637155829698,0.0304464164610256,1.0445682451253482,18.0,3.214347525095188
Billy Gilmour,Napoli,Serie A,2024,24.1,20000000.0,1161,61.95014662756598,68.03519061583577,86.21700879765396,26.53958944281525,0.1165854032043107,1.6279069767441858,0.6202779192650735,0.5088822231736294,0.0486063931223958,0.6976744186046512,20.0,3.097507331378299
Ryan Yates,Nottingham Forest,EPL,2022,25.6,11000000.0,1842,23.710691823899367,13.679245283018869,2.9874213836477983,59.59119496855345,0.0518777396178012,0.3420195439739413,0.1712518923154483,0.0751864527585743,0.085115285259626,1.270358306188925,11.0,2.155517438536306
Ryan Yates,Nottingham Forest,EPL,2023,26.6,12000000.0,1967,41.82242990654205,12.61682242990654,47.19626168224299,69.62616822429905,0.0460505143686727,0.3202846975088967,0.3645707929651781,0.2554490091302823,0.1199847521628743,1.464158617183528,12.0,3.485202492211837
Ryan Yates,Nottingham Forest,EPL,2024,27.6,12000000.0,1883,42.27272727272727,34.3108504398827,23.75366568914956,73.16715542521995,0.0518011774885578,0.9081253319171536,0.2896172761228638,0.1998237196199766,0.1368559413034106,1.5772703133297927,12.0,3.522727272727273
Lewis Ferguson,Bologna,Serie A,2023,24.9,24000000.0,2725,66.90809968847353,56.386292834890966,59.34579439252336,88.00623052959502,0.1033477721821277,1.089908256880734,0.4807153457245968,0.2553543847396013,0.2182821881162737,1.981651376146789,24.0,2.7878374870197304
Lewis Ferguson,Bologna,Serie A,2024,25.9,28000000.0,974,50.52785923753665,67.15542521994135,67.15542521994135,11.730205278592376,0.1431097852131179,1.2936344969199178,0.4923990121287211,0.3531767821773213,0.0172972993340029,0.5544147843942505,28.0,1.8045664013405947
Morgan Gibbs-White,Nottingham Forest,EPL,2024,25.4,50000000.0,2868,77.83724340175952,80.49853372434018,68.6217008797654,85.48387096774194,0.1916058128309986,1.600418410041841,0.562610199721725,0.317909850887019,0.192687381818797,1.9142259414225944,50.0,1.5567448680351905
Hans Nicolussi Caviglia,Venezia,Serie A,2024,25.0,8500000.0,2883,36.54692082111437,46.33431085043988,6.3049853372434015,60.41055718475073,0.0878016994907506,0.9053069719042665,0.1947983836078712,0.1353218581073924,0.0699422401293693,1.6545265348595213,8.5,4.299637743660514
Nicolo Fagioli,Juventus,Serie A,2022,22.4,35000000.0,1523,31.257861635220124,33.80503144654088,13.9937106918239,48.42767295597484,0.054714481969433,0.8864084044648719,0.2539892400262079,0.1135129977729433,0.1093584760957478,0.7682206172028891,35.0,0.8930817610062892
Nicolo Fagioli,"Fiorentina,Juventus",Serie A,2024,24.4,18000000.0,1514,71.51759530791789,78.88563049853371,83.72434017595307,48.68035190615836,0.179563183977196,1.605019815059445,0.5821836131035573,0.4779463489706009,0.0528669282990843,1.30779392338177,18.0,3.9731997393287717
Tommy Doyle,Wolverhampton Wanderers,EPL,2023,22.7,10000000.0,1175,36.69003115264797,23.20872274143302,54.51713395638629,31.61993769470405,0.0517548634413074,0.6127659574468085,0.3504134479355305,0.3252160682323131,0.0316832618510469,1.0723404255319149,10.0,3.669003115264797
Curtis Jones,Liverpool,EPL,2022,22.4,22000000.0,1059,67.9874213836478,53.301886792452834,84.74842767295598,65.56603773584905,0.0858396871105132,1.1898016997167138,0.5739658841435868,0.4205297213839235,0.1077537387398417,1.274787535410765,22.0,3.0903373356203545
Curtis Jones,Liverpool,EPL,2023,23.4,35000000.0,1152,68.96417445482867,39.719626168224295,89.09657320872275,79.59501557632399,0.074309027113486,0.8593750000000001,0.7681633607717231,0.5266117364226375,0.1940207305597141,1.484375,35.0,1.9704049844236762
Alex Sola,Getafe,La Liga,2024,26.1,2500000.0,1077,31.42961876832845,42.08211143695015,2.346041055718475,52.93255131964809,0.0952115014174688,0.7520891364902508,0.1948572282256522,0.0534974250807569,0.0853864478419501,1.1699164345403898,2.5,12.57184750733138
Charles De Ketelaere,AC Milan,Serie A,2022,22.3,22000000.0,1071,87.2562893081761,88.0503144654088,88.20754716981132,85.22012578616352,0.224023558700285,1.680672268907563,0.7565686425992422,0.3982853742332018,0.2225161965216408,1.5966386554621848,22.0,3.966194968553459
Daniel Boloca,Sassuolo,Serie A,2023,25.5,7000000.0,2031,22.57009345794392,11.838006230529594,38.629283489096565,16.355140186915886,0.0183307828568747,0.620384047267356,0.2950814740658026,0.2552373924098656,0.0292421824833931,0.5760709010339734,7.0,3.22429906542056
Ylber Ramadani,Lecce,Serie A,2023,28.2,4000000.0,2989,16.643302180685357,7.943925233644859,14.641744548286605,29.12772585669782,0.0241327145367152,0.4817664770826363,0.2150519164924081,0.1776718932234172,0.0339094232381457,0.9334225493476078,4.0,4.160825545171339
Ylber Ramadani,Lecce,Serie A,2024,29.2,1800000.0,1831,23.057184750733136,27.41935483870968,19.35483870967742,22.28739002932551,0.0438072409934518,0.7864554888039322,0.2515402068203424,0.1911640596071971,0.0263899451315988,0.835608956854178,1.8,12.80954708374063
Iddrisu Baba,Almeria,La Liga,2023,28.4,2200000.0,1416,6.775700934579438,7.165109034267912,1.2461059190031152,12.77258566978193,0.028862950443369,0.3813559322033898,0.116239254347096,0.083056818200591,0.023282130675043,0.5084745762711864,2.2,3.0798640611724717
Patrick Osterhage,Bochum,Bundesliga,2022,23.4,4000000.0,1009,7.995283018867925,8.80503144654088,1.10062893081761,15.09433962264151,0.0258468479892779,0.4459861248761149,0.115668127835683,0.074867159128189,0.0217950012723151,0.535183349851338,4.0,1.9988207547169812
Patrick Osterhage,Freiburg,Bundesliga,2024,25.4,10000000.0,2297,43.277126099706734,36.80351906158358,55.42521994134897,36.65689149560117,0.0865894785612289,0.6660861993905093,0.430511588609421,0.3099271870296469,0.0677567007548014,0.8228123639529822,10.0,4.327712609970673
Douglas Luiz,Aston Villa,EPL,2022,25.1,40000000.0,2947,67.23270440251571,72.32704402515722,73.27044025157232,54.24528301886792,0.1395009399916626,1.3742789277231082,0.4867781757547424,0.3528969236158156,0.0974605297799338,1.0383440787241265,40.0,1.6808176100628927
Douglas Luiz,Aston Villa,EPL,2023,26.1,70000000.0,3043,73.84735202492212,75.23364485981308,75.54517133956386,70.24922118380061,0.1564038990385588,1.5675320407492608,0.5119994167278873,0.4029564644359089,0.1339034554727603,1.4196516595465003,70.0,1.0549621717846016
Kevin Sessa,FC Heidenheim,Bundesliga,2023,24.0,2500000.0,954,78.69158878504672,74.45482866043614,68.53582554517133,95.48286604361373,0.1422595016588018,1.6037735849056602,0.5479086027041359,0.287127308723218,0.2665814084334755,2.7358490566037736,2.5,31.47663551401869
Álvaro Aguado,Real Valladolid,La Liga,2022,27.2,3000000.0,1861,48.4748427672956,68.23899371069183,41.82389937106918,33.17610062893082,0.096330883693048,1.69263836646964,0.3133868737909933,0.2332640530652637,0.0403230333193327,0.967221923696937,3.0,16.158280922431867
Jean-Ricner Bellegarde,Wolverhampton Wanderers,EPL,2024,27.0,18000000.0,1693,62.18475073313783,79.17888563049854,50.733137829912025,55.71847507331378,0.2154366926736227,1.3821618428824571,0.4928092049776943,0.2342298870429845,0.0953639920017579,1.1695215593620791,18.0,3.454708374063213
Tanguy NDombele Alvaro,Nice,Ligue 1,2024,28.5,7000000.0,1153,71.00439882697947,75.2199413489736,78.00586510263929,57.91788856304986,0.1724335251429343,1.4050303555941024,0.6414836076478387,0.3587380671632983,0.1766095929985086,0.8586296617519515,7.0,10.143485546711352
Dominik Szoboszlai,Liverpool,EPL,2023,23.7,75000000.0,2135,91.49532710280374,91.58878504672896,96.26168224299064,85.82554517133957,0.2384955850048143,2.318501170960188,0.8949827911633242,0.6698910386347381,0.1483444696645616,2.529274004683841,75.0,1.21993769470405
Andras Schafer,Union Berlin,Bundesliga,2024,26.2,5000000.0,1540,17.646627565982403,25.36656891495601,5.571847507331379,22.727272727272727,0.0727388872341676,0.525974025974026,0.2033871733341608,0.1115539628806729,0.0386741312777067,0.7012987012987013,5.0,3.5293255131964805
Jorge De Frutos,Rayo Vallecano,La Liga,2023,27.4,4000000.0,1499,56.41744548286604,46.26168224299065,40.96573208722741,86.29283489096574,0.076674249699169,1.0206804536357572,0.4596232741653641,0.1726139474255073,0.2524078218235303,1.741160773849233,4.0,14.10436137071651
Lucas Robertone,Almeria,La Liga,2022,26.3,7000000.0,2896,63.61635220125786,88.36477987421384,49.0566037735849,51.72955974842768,0.2336451646039591,1.647099447513812,0.4115288555673554,0.2244469722236367,0.0737053664814094,1.1187845303867403,7.0,9.08805031446541
Lucas Robertone,Almeria,La Liga,2023,27.3,7000000.0,2454,54.36915887850466,60.59190031152647,56.69781931464174,44.39252336448598,0.1058569890708824,1.2102689486552567,0.3918874289835905,0.2978316689260796,0.0379660618571168,1.3569682151589242,7.0,7.767022696929238
Marco Brescianini,Atalanta,Serie A,2024,25.4,8000000.0,959,63.42375366568915,42.22873900293256,60.55718475073313,91.49560117302052,0.1159063960513929,0.656934306569343,0.6819955661807431,0.2180265480452396,0.4126988868379618,1.8769551616266944,8.0,7.9279692082111435
Patrizio Masini,Genoa,Serie A,2024,24.4,6000000.0,1528,8.995601173020528,3.6656891495601176,12.609970674486805,10.997067448680353,0.0149882956607881,0.3534031413612565,0.1944201862736951,0.1794066426529505,0.0256456170262798,0.4712041884816754,6.0,1.499266862170088
Antoine Makoumbou,Cagliari,Serie A,2023,26.0,4500000.0,2715,13.317757009345794,13.707165109034268,18.06853582554517,7.320872274143302,0.0397925376274638,0.4972375690607734,0.2300120986565865,0.1839650182248972,0.0206497608792057,0.2651933701657458,4.5,2.9595015576323984
Antoine Makoumbou,Cagliari,Serie A,2024,27.0,3500000.0,2189,19.567448680351905,9.824046920821116,43.6950146627566,2.7859237536656893,0.0371639055951701,0.3289173138419369,0.3300630254266795,0.3044859132554608,0.0080679691545137,0.2878026496116948,3.5,5.590699622957687
Tijjani Reijnders,AC Milan,Serie A,2023,25.9,30000000.0,2843,74.86760124610592,71.02803738317756,84.26791277258567,68.38006230529595,0.1221001245254389,1.5828350334154062,0.6558920111935658,0.4562055914506521,0.1293968407661928,1.3928948294055574,30.0,2.495586708203531
Tijjani Reijnders,AC Milan,Serie A,2024,26.9,60000000.0,3136,82.58431085043988,67.52199413489737,90.7624633431085,90.61583577712612,0.1430965661860014,1.3201530612244898,0.7434200648722067,0.4818877199966441,0.231496142965922,2.2098214285714284,60.0,1.3764051808406645
Morten Hjulmand,Lecce,Serie A,2022,24.0,15000000.0,2967,22.61006289308176,28.61635220125786,25.471698113207545,12.264150943396228,0.0544470216969689,0.7583417593528817,0.2387707789698794,0.2027233445939689,0.0149021063214667,0.5156723963599595,15.0,1.5073375262054507
João Moutinho,Wolverhampton Wanderers,EPL,2022,25.5,1500000.0,1778,43.91509433962264,74.84276729559748,23.270440251572325,31.91823899371069,0.1187979502873694,1.822272215973004,0.2395968440096695,0.1845913996429709,0.0474778251906833,0.8098987626546682,1.5,29.27672955974843
Kephren Thuram,Nice,Ligue 1,2022,22.3,40000000.0,2576,65.70754716981132,77.20125786163521,52.04402515723271,68.23899371069183,0.1888811845015676,1.2577639751552796,0.4496996845726085,0.2163596108254994,0.1167423504416293,1.3276397515527951,40.0,1.642688679245283
Kephren Thuram,Nice,Ligue 1,2023,23.3,35000000.0,2131,73.8785046728972,73.3644859813084,70.56074766355141,78.34890965732087,0.1699608528190294,1.3092444861567338,0.5536327344299425,0.3002384061134516,0.1654847638339769,1.6471140309713748,35.0,2.110814419225634
Kephren Thuram,Juventus,Serie A,2024,24.3,40000000.0,2331,70.54252199413489,65.54252199413489,76.68621700879766,69.20821114369502,0.1807766916179979,0.9652509652509652,0.5815037922451856,0.3820085788728186,0.1363446146364838,1.38996138996139,40.0,1.763563049853372
Matteo Guendouzi,Lazio,Serie A,2023,25.2,25000000.0,2378,47.57009345794392,53.426791277258566,50.311526479750775,37.53894080996885,0.1262909361600713,0.8704793944491169,0.369271717274748,0.2699181719904779,0.0510876672264091,0.9840201850294364,25.0,1.9028037383177567
Matteo Guendouzi,Lazio,Serie A,2024,26.2,32000000.0,3281,53.66568914956012,52.49266862170088,79.47214076246334,24.9266862170088,0.0845386240039791,1.1795184395001526,0.5425118584116578,0.4466214003276985,0.0427317725371311,0.7406278573605607,32.0,1.6770527859237538
Ander Guevara,Alaves,La Liga,2023,27.0,5000000.0,2951,20.482866043613704,16.822429906542055,33.021806853582554,10.12461059190031,0.030332001223428,0.6404608607251778,0.2707218702393986,0.2453789892768969,0.0171570714357363,0.4879701796001355,5.0,4.096573208722741
Ander Guevara,Alaves,La Liga,2024,28.0,3500000.0,1969,11.56158357771261,14.36950146627566,1.3196480938416424,20.234604105571847,0.0308134884574938,0.5485017775520569,0.1670765488395735,0.096599059449031,0.0442113570865185,0.5485017775520569,3.5,3.3033095936321746
Sergi Altimira,Real Betis,La Liga,2024,23.8,15000000.0,1985,56.2316715542522,46.9208211143695,76.53958944281524,43.40175953079179,0.0804105432474192,0.9974811083123424,0.5194929071540196,0.4322424845709008,0.0744249144620649,0.9521410579345088,15.0,3.7487781036168135
Adrián Bernabé,Parma Calcio 1913,Serie A,2024,24.1,15000000.0,1464,68.72434017595309,62.02346041055719,76.39296187683286,67.59530791788856,0.1014506321240094,1.4139344262295082,0.5196029877626016,0.42843120275676,0.0929658560914399,1.6598360655737705,15.0,4.581622678396872
Nico González,Valencia,La Liga,2022,21.5,10000000.0,2767,67.1698113207547,49.52830188679245,60.849056603773576,95.125786163522,0.0883452466446374,1.0408384531984098,0.4742581264614348,0.2523937121499497,0.2421433977004548,2.4069389230213227,10.0,6.71698113207547
Nicolás González,Fiorentina,Serie A,2023,22.5,15000000.0,1915,63.60591900311526,53.89408099688473,42.5233644859813,99.53271028037383,0.0953521138791471,1.0339425587467364,0.4866035841308126,0.1664332228447687,0.402810562226931,3.994778067885117,15.0,4.240394600207684
Rocco Reitz,Borussia M.Gladbach,Bundesliga,2023,22.1,10000000.0,2150,57.33644859813083,44.70404984423676,56.230529595015575,73.3644859813084,0.0916485584232696,0.8372093023255813,0.4611509868701877,0.2512019102873151,0.1600313242005054,1.4232558139534883,10.0,5.733644859813083
Rocco Reitz,Borussia M.Gladbach,Bundesliga,2024,23.1,15000000.0,1865,52.65395894428153,45.30791788856305,59.38416422287389,53.37243401759531,0.1061469260553252,0.772117962466488,0.4378076430719755,0.3295143471166851,0.094577316524356,1.1099195710455765,15.0,3.5102639296187683
Cristian Cásseres Jr.,Toulouse,Ligue 1,2023,24.4,4000000.0,1964,36.97819314641744,37.53894080996885,40.34267912772586,32.398753894081,0.0934986706420991,0.6415478615071284,0.356196612366257,0.2332858980373458,0.0664187079985946,0.6873727087576375,4.0,9.24454828660436
Cristian Cásseres Jr.,Toulouse,Ligue 1,2024,25.4,6000000.0,2739,41.97214076246334,50.87976539589442,54.83870967741935,16.56891495601173,0.1046458982657498,0.9200438116100766,0.3956068310221536,0.3264119273290315,0.0323725410768719,0.5585980284775465,6.0,6.99535679374389
Samuele Ricci,Torino,Serie A,2022,21.9,20000000.0,2070,52.65723270440251,40.40880503144654,67.45283018867924,49.685534591194966,0.0979053884258736,0.6956521739130435,0.4489708818171335,0.3267205686348935,0.1001402208500582,0.9130434782608696,20.0,2.6328616352201255
Samuele Ricci,Torino,Serie A,2023,22.9,22000000.0,2425,44.945482866043605,54.04984423676012,42.05607476635514,37.69470404984423,0.108246434595167,0.9649484536082474,0.3522049943081189,0.2415202426848952,0.0463944046806121,1.11340206185567,22.0,2.042976493911073
Samuele Ricci,Torino,Serie A,2024,23.9,30000000.0,2863,13.768328445747798,8.651026392961876,11.583577712609973,22.28739002932551,0.0211646094875311,0.4715333566189312,0.2100226683708033,0.1551181919628138,0.0397231759600422,0.6915822563744324,30.0,0.4589442815249266
Jens Cajuste,Reims,Ligue 1,2022,23.9,6000000.0,1500,60.2122641509434,36.320754716981135,74.52830188679245,71.38364779874215,0.0560255500115454,0.96,0.48411442598328,0.3804730099439621,0.0993051290139556,1.62,6.0,10.035377358490566
Jens Cajuste,Napoli,Serie A,2023,24.9,10000000.0,986,73.09190031152647,67.91277258566977,79.90654205607476,71.18380062305296,0.1220477298355489,1.3691683569979716,0.6242793899135282,0.3945865507216833,0.1317000292755406,1.460446247464503,10.0,7.309190031152648
Jens Cajuste,Ipswich,EPL,2024,25.9,12000000.0,2019,17.697947214076244,13.929618768328446,25.0733137829912,13.489736070381232,0.0278385953056068,0.5794947994056463,0.2655657573449488,0.2234196253840494,0.0273039118341138,0.5349182763744428,12.0,1.4748289345063537
Yvan Neyou,Leganes,La Liga,2024,28.5,3000000.0,2344,11.085043988269796,10.263929618768328,9.97067448680352,13.343108504398828,0.0272494460592752,0.4991467576791809,0.1945366782101297,0.1574984322176489,0.0175564273208087,0.6143344709897611,3.0,3.6950146627565985
Ivan Ilic,"Torino,Verona",Serie A,2022,22.3,19000000.0,2050,47.625786163522,61.00628930817609,59.43396226415094,18.238993710691823,0.1031381754795225,1.273170731707317,0.370535709945167,0.3184182830064035,0.0268782940806775,0.6146341463414634,19.0,2.506620324395895
Ivan Ilic,Torino,Serie A,2023,23.3,18000000.0,2097,59.83644859813083,89.40809968847353,32.55451713395638,57.16510903426792,0.2326134301306352,2.017167381974249,0.3381582532605643,0.1962578264684636,0.1103733368058061,1.158798283261803,18.0,3.3242471443406014
Hugo Magnetti,Brest,Ligue 1,2022,25.1,2000000.0,1679,18.03459119496855,16.037735849056602,6.918238993710691,33.33333333333333,0.0256958425249138,0.6432400238237046,0.1749945503779914,0.1254584256919048,0.0453358183672042,0.9112567004169148,2.0,9.017295597484274
Hugo Magnetti,Brest,Ligue 1,2023,26.1,7000000.0,2385,40.16355140186916,33.48909657320873,30.52959501557632,59.19003115264797,0.0468102179748832,0.9056603773584904,0.2948711092741984,0.2164142585869105,0.0877112925474373,1.3584905660377358,7.0,5.737650200267022
Hugo Magnetti,Brest,Ligue 1,2024,27.1,6000000.0,2352,18.988269794721408,3.0791788856304985,32.697947214076244,21.55425219941349,0.0203802403328674,0.2295918367346938,0.2977161793090517,0.254662377897612,0.0331353246144076,0.7270408163265306,6.0,3.164711632453568
Manuel Ugarte,Paris Saint Germain,Ligue 1,2023,23.2,45000000.0,1938,41.651090342679126,24.14330218068536,85.51401869158879,10.903426791277258,0.0488247421077069,0.6501547987616099,0.5965524975314229,0.55212950876023,0.020070991164575,0.4643962848297213,45.0,0.9255797853928694
Manuel Ugarte,Manchester United,EPL,2024,24.2,45000000.0,1802,37.58797653958944,27.126099706744867,48.09384164222874,37.5366568914956,0.0807147542920199,0.4994450610432852,0.3613904069180907,0.3023055993686208,0.0543119866177687,0.948945615982242,45.0,0.835288367546432
Ryan Gravenberch,Liverpool,EPL,2023,22.1,35000000.0,1116,71.07476635514018,55.45171339563863,80.06230529595015,78.81619937694704,0.0880684661528756,1.2096774193548387,0.6000255545481078,0.4054988452023075,0.1381651704169569,1.85483870967742,35.0,2.0307076101468624
Ryan Gravenberch,Liverpool,EPL,2024,23.1,75000000.0,3199,47.20674486803519,32.40469208211144,86.51026392961876,18.621700879765395,0.067955032896417,0.7314785870584558,0.6023138429865907,0.5447365253437084,0.0374712143879396,0.5626758361988121,75.0,0.6294232649071358
Aïmen Moueffek,Saint-Etienne,Ligue 1,2024,24.2,,1028,50.30791788856304,54.69208211143695,49.70674486803519,45.894428152492665,0.1341788752859726,0.8754863813229572,0.431357857151544,0.2791172446654059,0.0906782706924043,0.8754863813229572,,
Amadou Onana,Everton,EPL,2022,21.9,45000000.0,2529,42.58647798742138,36.16352201257862,30.660377358490564,63.9937106918239,0.0734504614542387,0.7829181494661922,0.3061162725462183,0.1790966114751809,0.1097770381944247,1.209964412811388,45.0,0.9463661774982529
Amadou Onana,Everton,EPL,2023,22.9,50000000.0,2093,58.69937694704049,45.4828660436137,70.5607476635514,60.2803738317757,0.1037980165337895,0.7740086000955566,0.459093235039748,0.3866858593318603,0.1097990503215186,1.2470138557095078,50.0,1.1739875389408099
Amadou Onana,Aston Villa,EPL,2024,23.9,50000000.0,1650,49.12756598240469,15.982404692082111,76.24633431085044,56.158357771261,0.0372810360890897,0.5454545454545454,0.4919610780240461,0.4655950962989167,0.1406188401647589,0.9272727272727274,50.0,0.9825513196480938
Pape Alassane Gueye,Sevilla,La Liga,2022,24.4,10000000.0,1186,58.62421383647798,44.18238993710692,60.37735849056604,73.42767295597484,0.1049545795215422,0.7588532883642496,0.4213712994373618,0.2861044792109758,0.1307314032340079,1.5177065767284992,10.0,5.862421383647797
Vitinha,Paris Saint Germain,Ligue 1,2022,23.4,42000000.0,2473,68.51415094339622,50.31446540880504,96.38364779874216,57.23270440251572,0.0973979049289558,0.9826122118883944,0.7905992101523928,0.6437206340315754,0.1049162383431179,1.0917913465426607,42.0,1.6312893081761004
Vitinha,Paris Saint Germain,Ligue 1,2024,25.4,80000000.0,3366,79.61876832844574,70.82111436950146,97.21407624633432,69.35483870967742,0.1848605039335269,1.1764705882352942,0.9014652138526108,0.7506268675673137,0.1060600263280744,1.60427807486631,80.0,0.9952346041055717
Conor Gallagher,Chelsea,EPL,2022,23.4,32000000.0,1590,64.80345911949685,67.9245283018868,50.78616352201257,77.51572327044026,0.1487661441260913,1.1886792452830188,0.4688247850270203,0.2036809219434014,0.1436133809598549,1.5849056603773584,32.0,2.0251080974842766
Conor Gallagher,Chelsea,EPL,2023,24.4,50000000.0,3171,78.06853582554517,75.70093457943926,88.47352024922118,68.69158878504672,0.1644099662529768,1.4758751182592242,0.7353502937901831,0.5310998233378834,0.1338949092190673,1.3623462630085146,50.0,1.5613707165109034
Conor Gallagher,Atletico Madrid,La Liga,2024,25.4,40000000.0,1637,48.13782991202345,31.3782991202346,46.33431085043988,69.79472140762462,0.0720905218553309,0.6597434331093464,0.4341679442703505,0.2443031456023363,0.164977225555231,1.2645082467929138,40.0,1.2034457478005862
Thórir Helgason,Lecce,Serie A,2024,24.8,3000000.0,1156,41.48826979472141,59.2375366568915,7.771260997067449,60.11730205278592,0.0752336297113332,1.71280276816609,0.2287910468264073,0.1134227912963261,0.1013801696429925,1.245674740484429,3.0,13.829423264907136
Antonio Blanco,Alaves,La Liga,2023,23.9,7500000.0,2457,21.666666666666664,30.218068535825545,15.26479750778816,19.1588785046729,0.0541804829823883,0.7326007326007326,0.2321722009645659,0.1723863462484254,0.0240136172636088,0.7326007326007326,7.5,2.8888888888888884
Antonio Blanco,Alaves,La Liga,2024,24.9,10000000.0,2755,14.875366568914956,18.035190615835777,6.744868035190615,20.674486803519063,0.0568107850038313,0.4573502722323049,0.1975608773482202,0.1351903575031381,0.0230806634986195,0.8166969147005445,10.0,1.4875366568914956
Hugo Guillamón,Valencia,La Liga,2022,23.4,14000000.0,1646,42.42924528301887,63.99371069182389,53.45911949685535,4.40251572327044,0.1043513859254404,1.3669501822600243,0.3328532094242252,0.297702889921164,0.0116248399173141,0.2187120291616038,14.0,3.030660377358491
Hugo Guillamón,Valencia,La Liga,2023,24.4,8000000.0,1262,10.71651090342679,7.165109034267912,21.18380062305296,2.64797507788162,0.016859554775685,0.4992076069730586,0.2227409302645175,0.2073645589005337,0.0102205100290701,0.2139461172741679,8.0,1.3395638629283488
Lucas Da Cunha,Como,Serie A,2024,24.1,10000000.0,2639,59.83870967741935,80.35190615835776,50.146627565982406,47.21407624633432,0.1568450219293985,1.841606669192876,0.3753815475122897,0.3065036885707147,0.0539188015558088,1.2618416066691929,10.0,5.983870967741935
Nicolás Domínguez,Nottingham Forest,EPL,2023,26.0,17000000.0,1543,39.08878504672897,22.429906542056077,38.78504672897196,58.87850467289719,0.0530183128771153,0.5832793259883344,0.355934657793847,0.2241266359969229,0.0992829518722236,1.2832145171743357,17.0,2.29934029686641
Nicolás Domínguez,Nottingham Forest,EPL,2024,27.0,18000000.0,1979,28.115835777126097,26.39296187683284,13.343108504398828,47.36070381231672,0.066648982987636,0.5912076806467913,0.2221479027156971,0.1661689966557497,0.0876238555358012,0.9550277918140474,18.0,1.5619908765070054
Paul Nebel,Mainz 05,Bundesliga,2024,22.7,24000000.0,2347,77.25073313782991,72.87390029325513,75.0733137829912,84.89736070381231,0.1654371125111694,1.342138900724329,0.6787522581676169,0.3207628950905205,0.2404022522661144,1.6872603323391564,24.0,3.2187805474095796
Jacob Ramsey,Aston Villa,EPL,2022,22.1,42000000.0,2675,69.44182389937106,82.0754716981132,56.76100628930817,69.49685534591195,0.1927314193588551,1.4130841121495328,0.4806880830882865,0.2258257002473991,0.1758979611864713,1.1102803738317757,42.0,1.6533767595088347
Morten Frendrup,Genoa,Serie A,2024,24.2,20000000.0,3115,19.48680351906158,6.89149560117302,19.501466275659823,34.16422287390029,0.0205858635624951,0.4044943820224719,0.2490796987355999,0.1922996464345371,0.0488114179639716,0.8956661316211878,20.0,0.9743401759530791
Aster Vranckx,Wolfsburg,Bundesliga,2023,21.7,12000000.0,1128,5.950155763239875,2.336448598130841,11.993769470404985,3.115264797507788,0.0109708373573549,0.3191489361702128,0.1853500658824564,0.1767723376743812,0.0088595508280745,0.3191489361702128,12.0,0.49584631360332293
Noni Madueke,Chelsea,EPL,2023,22.3,28000000.0,1066,84.51713395638627,81.77570093457943,81.46417445482865,91.2772585669782,0.1824214276604312,1.6885553470919326,0.6569213025782111,0.4002483072909081,0.189323660727122,2.701688555347092,28.0,3.0184690698709384
Yunus Musah,Valencia,La Liga,2022,20.6,18000000.0,2164,36.33647798742138,34.43396226415095,28.14465408805032,48.11320754716981,0.0847664535692901,0.6654343807763401,0.2922676412419669,0.1721253459317723,0.0905359380701195,0.9149722735674676,18.0,2.01869322152341
James Garner,Everton,EPL,2023,23.3,22000000.0,3016,45.55295950155763,70.09345794392523,18.53582554517134,48.4423676012461,0.1577867031905217,1.28315649867374,0.2784787582428706,0.1546731051885145,0.0663905511227305,1.223474801061008,22.0,2.0705890682526196
Edu Expósito,Espanyol,La Liga,2022,26.9,4000000.0,1162,59.630503144654085,79.55974842767296,47.0125786163522,51.10062893081761,0.1511368166700185,1.6265060240963856,0.3508002788674811,0.2354965873203671,0.0470936659117599,1.4716006884681585,4.0,14.907625786163521
Simon Sohm,Parma Calcio 1913,Serie A,2024,24.2,5000000.0,3015,47.52932551319648,30.64516129032258,56.0117302052786,57.33137829912024,0.0785347665868588,0.5970149253731344,0.4692612488323183,0.2926736019218146,0.129849238237783,1.0149253731343284,5.0,9.505865102639296
Jesper Lindstrom,Eintracht Frankfurt,Bundesliga,2022,23.3,28000000.0,1729,70.29874213836477,60.06289308176101,58.17610062893082,96.38364779874216,0.1507969441386817,0.9369577790630422,0.5660136568884134,0.1952311192882102,0.2965466156731181,2.3423944476576053,28.0,2.5106693620844562
Jesper Lindstrom,Everton,EPL,2024,25.3,18000000.0,1279,66.80351906158356,76.83284457478005,45.16129032258064,80.35190615835776,0.2027925973622663,1.3369820172009383,0.4175709808526373,0.2497661630299009,0.1420326149812007,1.9702892885066456,18.0,3.71130661453242
Óscar Valentín,Rayo Vallecano,La Liga,2022,28.9,5000000.0,2569,13.011006289308176,17.138364779874216,12.89308176100629,8.333333333333334,0.0258385535523892,0.6656286492798754,0.1814338709773338,0.1592607350360911,0.0106296404933722,0.4203970416504476,5.0,2.602201257861635
Óscar Valentín,Rayo Vallecano,La Liga,2023,29.9,4000000.0,2728,18.73831775700934,5.919003115264797,20.24922118380062,31.931464174454824,0.0249204457747064,0.3629032258064516,0.2269258136694426,0.1989714432537796,0.0830559656187848,0.4948680351906158,4.0,4.684579439252335
Óscar Valentín,Rayo Vallecano,La Liga,2024,30.9,2500000.0,1804,16.755865102639294,21.334310850439884,16.86217008797654,11.290322580645162,0.0405258797893833,0.6485587583148559,0.2239542670585132,0.1914317280099522,0.0372709437870232,0.2494456762749446,2.5,6.702346041055717
Bruno Guimarães,Newcastle United,EPL,2022,25.6,70000000.0,2762,67.9245283018868,69.81132075471697,83.9622641509434,47.0125786163522,0.1240221733209838,1.3685734974656047,0.5376159510818687,0.435959841762005,0.0888507227547558,0.9123823316437364,70.0,0.9703504043126685
Bruno Guimarães,Newcastle United,EPL,2023,26.6,85000000.0,3292,79.82866043613706,84.42367601246106,85.98130841121495,67.28971962616822,0.2156716949823578,1.6950182260024302,0.6528699178959302,0.5076747439871854,0.1361020372779915,1.3122721749696231,85.0,0.9391607110133772
Bruno Guimarães,Newcastle United,EPL,2024,27.6,80000000.0,3321,71.91348973607037,75.80645161290323,75.36656891495602,63.34310850439884,0.1783013422052227,1.4092140921409213,0.5641171511838107,0.3799712709416218,0.1274351345067263,1.2195121951219512,80.0,0.8989186217008797
Nicolo Rovella,"Juventus,Monza",Serie A,2022,21.6,18000000.0,1769,67.64937106918238,58.64779874213836,90.56603773584904,51.41509433962264,0.1060720398830468,1.170152628603731,0.6066227292167123,0.5375353658625539,0.0671993894160316,1.170152628603731,18.0,3.7582983927323546
Nicolo Rovella,Lazio,Serie A,2023,22.6,18000000.0,1328,26.95482866043613,17.28971962616822,47.0404984423676,14.797507788161994,0.0259674931399479,0.677710843373494,0.3296633532932813,0.2817495898568037,0.0384486339711415,0.338855421686747,18.0,1.4974904811353407
Nicolo Rovella,Lazio,Serie A,2024,23.6,30000000.0,2747,49.62609970674486,50.43988269794721,60.55718475073314,35.92375366568915,0.0947215062680355,0.9828904259191846,0.4191570175716041,0.3543042905240828,0.0525309460818724,0.9173643975245722,30.0,1.654203323558162
Kike Pérez,Real Valladolid,La Liga,2022,26.4,4500000.0,2356,47.02830188679245,57.54716981132076,22.641509433962263,63.20754716981132,0.0954482009743478,1.222410865874363,0.2683540869421991,0.1630326964993643,0.0607720795656745,1.757215619694397,4.5,10.450733752620543
Kike Pérez,Real Valladolid,La Liga,2024,28.4,2800000.0,2355,46.224340175953074,57.91788856304986,17.59530791788856,65.98240469208211,0.0928605051212914,1.3375796178343948,0.2990252898567042,0.1454813762502685,0.137254212692285,1.2611464968152866,2.8,16.508692919983243
Lazar Samardzic,Udinese,Serie A,2022,21.3,14000000.0,1847,77.38993710691824,92.45283018867924,60.06289308176101,80.0314465408805,0.1905993249975286,2.387655657823497,0.3981251006569808,0.3022307097714174,0.1014771167406712,2.436383324309692,14.0,5.52785265049416
Lazar Samardzic,Udinese,Serie A,2023,22.3,20000000.0,2393,64.797507788162,89.56386292834891,28.81619937694704,77.8816199376947,0.219747144783385,2.294191391558713,0.2913587326141104,0.2078419269326836,0.1129629568543598,2.143752611784371,20.0,3.2398753894080996
Lazar Samardzic,Atalanta,Serie A,2024,23.3,17000000.0,1119,87.69794721407624,95.74780058651028,80.79178885630498,86.36363636363637,0.2667944600690785,2.815013404825737,0.6536632963523628,0.381291699633202,0.1549287177322697,2.6541554959785523,17.0,5.158702777298602
Fisayo Dele-Bashiru,Lazio,Serie A,2024,24.4,7500000.0,947,42.36070381231672,40.17595307917888,18.7683284457478,72.43401759530792,0.0750182751947748,0.8553326293558606,0.3235274594210269,0.1391266493781724,0.1412127585934107,1.5205913410770855,7.5,5.64809384164223
Alexis Mac Allister,Brighton,EPL,2022,24.5,65000000.0,2882,83.12106918238993,71.22641509433963,84.59119496855347,95.28301886792453,0.1226685697886263,1.4677307425399029,0.6217767402147106,0.3952541098575121,0.2175123874410873,2.685634975711312,65.0,1.2787856797290758
Alexis Mac Allister,Liverpool,EPL,2023,25.5,75000000.0,2661,77.33644859813083,70.87227414330218,91.74454828660436,68.06853582554517,0.1210177407139049,1.589627959413754,0.7682279446146535,0.6151082285227341,0.1095089421365011,1.488162344983089,75.0,1.0311526479750777
Alexis Mac Allister,Liverpool,EPL,2024,26.5,100000000.0,2621,79.90469208211144,76.68621700879766,95.30791788856304,65.6891495601173,0.167968845437645,1.5452117512399846,0.802255853476164,0.6548929867575933,0.1225331232935269,1.304845478824876,100.0,0.7990469208211144
Eliot Matazo,Monaco,Ligue 1,2022,21.4,7000000.0,1170,5.20440251572327,0.628930817610063,9.119496855345911,5.974842767295598,0.0056913604673284,0.1538461538461538,0.1528016765100451,0.1516073543864947,0.011676800222351,0.3076923076923077,7.0,0.743486073674753
Han-Noah Massengo,Auxerre,Ligue 1,2022,22.0,5000000.0,1127,32.90880503144655,29.245283018867926,25.15723270440252,46.22641509433963,0.0414546886533366,0.878438331854481,0.2707219105660122,0.1793794177006517,0.0668994543583073,1.0381543921916594,5.0,6.58176100628931
Han-Noah Massengo,Auxerre,Ligue 1,2024,24.0,5000000.0,1048,20.227272727272723,12.316715542521992,33.28445747800586,14.222873900293257,0.0541919786198676,0.2576335877862595,0.2953060077617073,0.2686186723823424,0.0311430327359672,0.5152671755725191,5.0,4.045454545454545
Naouirou Ahamada,VfB Stuttgart,Bundesliga,2022,21.3,10000000.0,1426,44.42610062893081,43.71069182389937,53.301886792452834,34.90566037735849,0.0699490743857739,1.0098176718092566,0.3523016394981997,0.2784573565776685,0.0387453089688929,1.0098176718092566,10.0,4.442610062893081
Tomás Suslov,Verona,Serie A,2023,22.1,7000000.0,2105,49.47819314641744,64.797507788162,8.878504672897195,78.97196261682242,0.1379212279916871,1.1971496437054632,0.2395000026700686,0.0937251044600989,0.1120823819915854,2.2660332541567696,7.0,7.068313306631063
Carlos Vicente,Alaves,La Liga,2023,25.2,4000000.0,1125,65.73208722741433,97.196261682243,32.86604361370716,67.36760124610592,0.3630381448566913,2.64,0.4656107625365258,0.0553128969669342,0.16794881939888,1.2000000000000002,4.0,16.43302180685358
Mohamed Camara,Monaco,Ligue 1,2022,23.5,30000000.0,2206,52.27987421383647,39.30817610062893,77.04402515723271,38.52201257861636,0.0909445619215666,0.7343608340888486,0.4941609525480598,0.3900030615012536,0.0392368936730533,1.101541251133273,30.0,1.742662473794549
Mohamed Camara,Monaco,Ligue 1,2023,24.5,20000000.0,1073,56.79906542056074,39.09657320872274,81.93146417445482,48.13084112149532,0.0408573789853613,1.174277726001864,0.5550120361600651,0.4680694048774653,0.0700265048236654,1.174277726001864,20.0,2.839953271028037
Cheick Oumar Doucoure,Crystal Palace,EPL,2022,23.5,35000000.0,2825,37.81446540880504,35.53459119496856,40.56603773584905,37.26415094339623,0.0646771565475295,0.8283185840707964,0.2835356654483923,0.2477151842474673,0.0317817350964894,1.1469026548672567,35.0,1.0804132973944298
Cheick Oumar Doucoure,Crystal Palace,EPL,2023,24.5,35000000.0,926,33.839563862928344,42.6791277258567,42.5233644859813,13.39563862928349,0.071548689709932,0.9719222462203024,0.3203490688656628,0.2591428999058886,0.0193300685638131,0.5831533477321814,35.0,0.9668446817979527
Seydouba Cissé,Leganes,La Liga,2024,24.4,,2494,27.214076246334308,17.302052785923753,23.75366568914956,42.81524926686217,0.0318001399157268,0.6134723336006416,0.2916867221364305,0.1960445794597291,0.0826137865323695,0.8660785886126704,,
Kristjan Asllani,Inter,Serie A,2024,23.3,13000000.0,960,61.02639296187682,68.6217008797654,56.59824046920821,57.33137829912024,0.148866577015724,1.3125,0.3963914662599564,0.3409811086021364,0.0709204445010982,1.5,13.0,4.694337920144371
Jon Moncayola,Osasuna,La Liga,2024,27.1,7000000.0,2144,49.35483870967742,69.20821114369502,38.12316715542522,39.29618768328446,0.1380030241701056,1.4272388059701493,0.3493579149718827,0.2442861918304393,0.0664519386734368,0.8815298507462687,7.0,7.050691244239632
Matheus Henrique,Sassuolo,Serie A,2022,25.5,10000000.0,1958,50.62106918238993,50.62893081761006,33.490566037735846,70.59748427672956,0.0708089541145376,1.2410623084780388,0.3832656242508931,0.1509148870576724,0.1748728564920415,1.149131767109295,10.0,5.062106918238993
Matheus Henrique,Sassuolo,Serie A,2023,26.5,8500000.0,2502,39.088785046728965,50.93457943925233,22.429906542056077,44.70404984423676,0.0640333003344402,1.2949640287769786,0.306690695943485,0.1579932654745501,0.12042068089057,0.6834532374100719,8.5,4.598680593732819
Romain Faivre,"Lorient,Lyon",Ligue 1,2022,25.0,10000000.0,1539,67.97955974842768,75.47169811320754,47.32704402515724,83.33333333333334,0.1588467917029272,1.345029239766082,0.383303746341439,0.2246922023093317,0.1699209914199615,1.6959064327485378,10.0,6.797955974842767
Martín Payero,Udinese,Serie A,2023,25.8,4500000.0,1796,39.89096573208722,36.60436137071651,21.02803738317757,65.73208722741433,0.081988673186332,0.7015590200445434,0.279946541289212,0.1747221399937654,0.0709211143389145,1.9042316258351888,4.5,8.864659051574938
Martín Payero,Udinese,Serie A,2024,26.8,5500000.0,1391,45.67448680351906,46.48093841642229,23.313782991202345,70.82111436950146,0.0817400677896912,0.9705248023005032,0.2874951453184499,0.1993358535069428,0.0885858791019957,2.005751258087707,5.5,8.304452146094375
Jack Clarke,Ipswich,EPL,2024,24.6,15000000.0,1151,62.02346041055719,90.76246334310852,32.40469208211144,63.049853372434015,0.2085044360731758,2.1894005212858385,0.42977940465941,0.1504393541403795,0.1017789490404437,1.3292788879235446,15.0,4.134897360703813
Hichem Boudaoui,Nice,Ligue 1,2022,23.8,8000000.0,1874,60.59748427672955,58.64779874213836,84.43396226415095,35.062893081761004,0.1142321106418172,1.1045891141942368,0.5397689802991574,0.4371832744014652,0.0390478685446552,1.0085378868729988,8.0,7.574685534591194
Hichem Boudaoui,Nice,Ligue 1,2023,24.8,9000000.0,1609,68.8006230529595,61.37071651090342,65.10903426791276,81.77570093457943,0.1259527270693153,1.1187072715972657,0.5165248307775107,0.2734262040122241,0.19955850827969,1.622125543816035,9.0,7.644513672551055
Hichem Boudaoui,Nice,Ligue 1,2024,25.8,15000000.0,2450,64.36950146627566,45.747800586510266,76.83284457478005,71.5542521994135,0.1011008846288432,0.8081632653061225,0.5792138804434515,0.3880972591779973,0.1421476173233621,1.43265306122449,15.0,4.291300097751711
Edoardo Bove,Roma,Serie A,2023,22.1,18000000.0,1766,47.45327102803738,30.68535825545171,66.97819314641744,44.23676012461059,0.0468618108491209,0.8154020385050963,0.4468710978683147,0.3359313847524528,0.077406483178163,0.9682899207248018,18.0,2.6362928348909653
Roberto Navarro,Cadiz,La Liga,2023,22.2,6000000.0,2029,58.55140186915887,83.33333333333333,24.14330218068536,69.78193146417445,0.1659611741814371,1.996057171020207,0.3436319490535732,0.1399842442594883,0.133053094727901,1.4194184327254806,6.0,9.758566978193146
Roberto Navarro,Mallorca,La Liga,2024,23.2,6000000.0,1302,59.36217008797654,54.25219941348973,53.51906158357771,72.14076246334311,0.1300866236214951,0.8986175115207373,0.494554300753889,0.2528551620890467,0.195879496779928,1.2442396313364057,6.0,9.893695014662756
Kristian Thorstvedt,Sassuolo,Serie A,2022,24.3,7500000.0,1112,65.43238993710692,50.62893081761006,66.50943396226415,81.44654088050315,0.1214539872946405,0.8093525179856115,0.5250673200734121,0.2579389342354785,0.1633112508428397,1.618705035971223,7.5,8.724318658280923
Kristian Thorstvedt,Sassuolo,Serie A,2023,25.3,8000000.0,2439,48.48909657320872,53.89408099688473,17.75700934579439,78.03738317757009,0.0716123370474335,1.3653136531365313,0.303367203019037,0.1308369450271129,0.1687999989328788,1.5498154981549814,8.0,6.06113707165109
Arne Engels,Augsburg,Bundesliga,2022,19.8,7500000.0,1460,42.56289308176101,77.67295597484278,16.037735849056602,32.54716981132076,0.152289785891261,1.4794520547945205,0.230648327810205,0.1546327470202152,0.0276229362169357,1.047945205479452,7.5,5.675052410901468
Kirian Rodríguez,Las Palmas,La Liga,2023,28.3,12000000.0,3232,40.87227414330218,40.80996884735202,38.31775700934579,43.92523364485981,0.0531925271509565,1.0303217821782178,0.3128637645813166,0.2477627880248877,0.0511790726634692,1.19740099009901,12.0,3.4060228452751815
Kirian Rodríguez,Las Palmas,La Liga,2024,29.3,1000000.0,1792,45.43988269794721,41.20234604105572,46.774193548387096,48.82697947214076,0.0838237548617014,0.8035714285714285,0.3863359980251906,0.2819675034282097,0.0850388737048238,1.0546875,1.0,45.43988269794721
Michael Olise,Bayern Munich,Bundesliga,2024,23.5,100000000.0,2370,98.40175953079178,99.8533724340176,97.21407624633432,98.09384164222874,0.5425504566276375,3.3797468354430378,1.1822679971780958,0.5752391030516806,0.3808180170628843,3.2658227848101262,100.0,0.9840175953079178
Xavi Simons,RasenBallsport Leipzig,Bundesliga,2023,21.2,80000000.0,2738,91.47196261682242,96.7289719626168,85.98130841121495,91.74454828660436,0.3464603892522758,2.5967859751643534,0.7877310952396182,0.4113880411631286,0.2044218591257244,2.6625273922571218,80.0,1.1433995327102804
Xavi Simons,RasenBallsport Leipzig,Bundesliga,2024,22.2,70000000.0,2171,83.85630498533723,92.08211143695014,70.08797653958943,90.32258064516128,0.2564867853668773,2.0727775218793183,0.6971097983443918,0.2882084012664734,0.25800243932076,2.0727775218793183,70.0,1.1979472140762462
Elliot Anderson,Nottingham Forest,EPL,2024,22.6,32000000.0,2773,48.25513196480938,63.34310850439883,28.1524926686217,54.10557184750733,0.1339061770539796,1.2008654886404615,0.320781766777214,0.2063423854604852,0.0723768417107856,1.298232960692391,32.0,1.507972873900293
Yeremi Pino,Villarreal,La Liga,2024,22.7,30000000.0,1984,76.37096774193547,88.56304985337243,67.30205278592375,72.72727272727272,0.2625615011352384,1.7691532258064515,0.6671597140713506,0.2806068812928823,0.1805902562562316,1.315524193548387,30.0,2.5456989247311825
Cole Palmer,Chelsea,EPL,2024,23.2,120000000.0,3228,88.14516129032256,98.09384164222874,69.79472140762464,97.94721407624633,0.3611812195619464,2.425650557620818,0.8364266910344418,0.273297255630276,0.3336912301822555,3.513011152416357,120.0,0.734543010752688
Pape Sarr,Tottenham,EPL,2023,21.8,45000000.0,2141,67.99065420560747,42.99065420560747,85.98130841121495,76.16822429906541,0.0854284051215882,0.8407286314806165,0.677131971997713,0.4724206615783994,0.1615216807122544,1.5133115366651098,45.0,1.510903426791277
Pape Sarr,Tottenham,EPL,2024,22.8,32000000.0,1913,62.99120234604106,42.08211143695014,69.64809384164224,79.61876832844575,0.0948020753874728,0.7527443805541034,0.5291586299950204,0.3414050006622646,0.1879055716362195,1.59958180867747,32.0,1.968475073313783
Umut Tohumcu,Hoffenheim,Bundesliga,2023,19.9,7000000.0,1022,60.45950155763239,47.97507788161994,83.64485981308411,47.97507788161994,0.1092585758989542,0.7925636007827788,0.5985273789330121,0.4976297994262726,0.0502916369423153,1.3209393346379648,7.0,8.637071651090341
Enzo Millot,VfB Stuttgart,Bundesliga,2024,23.0,35000000.0,1863,78.76099706744867,63.92961876832844,80.79178885630499,93.6950146627566,0.1416074214638143,1.1594202898550725,0.7637457201338332,0.3530702746252795,0.3855920196983261,2.1256038647343,35.0,2.2503142019271047
Lucien Agoume,Troyes,Ligue 1,2022,21.4,7000000.0,1108,34.12735849056603,43.39622641509434,28.77358490566038,29.559748427672957,0.0738829953952386,0.9747292418772564,0.2403637394981479,0.2148855984083205,0.0484642264725714,0.7310469314079422,7.0,4.875336927223719
Lucien Agoume,Sevilla,La Liga,2024,23.4,8000000.0,2113,38.54838709677419,55.131964809384165,45.45454545454545,11.143695014662756,0.1014622390160925,1.1074301940369142,0.3492133287907747,0.2970262158572166,0.0276620264645089,0.4259346900141978,8.0,4.818548387096774
Julien Ponceau,Lorient,Ligue 1,2022,22.6,2500000.0,1677,63.41981132075471,77.9874213836478,63.0503144654088,46.85534591194968,0.1585787531881458,1.449016100178891,0.4749761057654412,0.2680496865473621,0.1072176874570268,0.7513416815742396,2.5,25.367924528301884
Youssouf Fofana,Monaco,Ligue 1,2022,24.5,25000000.0,3088,54.740566037735846,46.85534591194968,65.88050314465409,50.94339622641509,0.0947801011326177,0.932642487046632,0.430603286014976,0.3289421133177084,0.059183465266827,1.2240932642487046,25.0,2.189622641509434
Youssouf Fofana,Monaco,Ligue 1,2023,25.5,30000000.0,2709,75.84112149532709,68.22429906542055,77.57009345794393,82.71028037383178,0.1353859436695163,1.32890365448505,0.571842915641509,0.378763297869765,0.1896555741562003,1.7275747508305648,30.0,2.5280373831775695
Youssouf Fofana,AC Milan,Serie A,2024,26.5,30000000.0,2516,58.3357771260997,52.785923753665685,77.56598240469208,42.37536656891496,0.1261213643991629,0.8585055643879173,0.534189977107158,0.4271252743384559,0.0406448571055843,1.287758346581876,30.0,1.9445259042033234
Mateusz Legowski,Salernitana,Serie A,2023,21.4,3000000.0,1099,9.0809968847352,10.12461059190031,3.2710280373831773,14.641744548286605,0.0216812859657978,0.5732484076433121,0.1386841150717614,0.1093516764980999,0.0248353039969548,0.5732484076433121,3.0,3.0269989615784
Oihan Sancet,Athletic Club,La Liga,2022,23.2,30000000.0,2588,77.56289308176102,80.03144654088051,62.73584905660378,91.98113207547168,0.1591537560090146,1.5301391035548686,0.5646361482590206,0.2245428692261577,0.2444004544907665,1.9822256568778984,30.0,2.585429769392034
Oihan Sancet,Athletic Club,La Liga,2023,24.2,35000000.0,2041,86.8847352024922,86.13707165109034,86.13707165109034,88.62928348909657,0.2205738742661966,1.85203331700147,0.8547428886952324,0.3925120956659141,0.3032160664067614,1.85203331700147,35.0,2.482421005785491
Fabio Miretti,Juventus,Serie A,2022,19.9,15000000.0,1224,72.19339622641509,68.55345911949685,71.54088050314465,77.20125786163521,0.1391865914304028,1.25,0.4867867773453541,0.3285007243154241,0.1637228731723392,1.4705882352941178,15.0,4.812893081761006
Fabio Miretti,Genoa,Serie A,2024,21.9,14000000.0,1718,48.79765395894428,58.94428152492669,19.64809384164223,70.96774193548387,0.1172513124501555,1.1525029103608846,0.3462394113393285,0.1102284984327028,0.1828893492479697,1.2572759022118742,14.0,3.485546711353163
Thiago Almada,Lyon,Ligue 1,2024,24.2,25000000.0,934,92.28739002932552,90.7624633431085,97.50733137829911,87.97653958944281,0.2320325862799772,2.119914346895075,0.951505077312794,0.7020049731245133,0.1917329935129628,2.21627408993576,25.0,3.691495601173021
Jamal Musiala,Bayern Munich,Bundesliga,2022,20.3,110000000.0,2234,97.38207547169812,95.125786163522,98.74213836477988,98.42767295597484,0.2888761934529966,2.0948970456580125,1.1129249518298634,0.6187019603128479,0.3765153982772449,2.658907788719785,110.0,0.8852915951972556
Jamal Musiala,Bayern Munich,Bundesliga,2023,21.3,120000000.0,1795,95.23364485981308,92.67912772585667,95.17133956386292,98.2866043613707,0.313768894953814,2.0557103064066853,1.2116580565659785,0.5650592153492413,0.4199002451862632,2.9080779944289694,120.0,0.793613707165109
Jamal Musiala,Bayern Munich,Bundesliga,2024,22.3,140000000.0,1822,95.46187683284457,92.22873900293254,95.30791788856304,99.41348973607036,0.278887742747983,2.025246981339188,1.161485254093923,0.5213342124900885,0.5459421424094985,3.358946212952799,140.0,0.6818705488060326
Osame Sahraoui,Lille,Ligue 1,2024,24.1,12000000.0,1251,86.33431085043988,91.78885630498532,84.75073313782991,81.81818181818181,0.2497345848317197,2.0863309352517985,0.7350524254947258,0.3935165346848021,0.201139677342751,1.6546762589928057,12.0,7.194525904203323
Jan Schöppner,FC Heidenheim,Bundesliga,2023,25.1,3000000.0,2000,21.55763239875389,31.61993769470405,7.94392523364486,25.70093457943925,0.0788147952966392,0.63,0.2196393688302487,0.1289514346886426,0.0376919948961585,0.765,3.0,7.185877466251296
Jan Schöppner,FC Heidenheim,Bundesliga,2024,26.1,4000000.0,2700,40.32258064516129,44.42815249266862,12.463343108504398,68.03519061583577,0.0983339934299389,0.8,0.2718242047354579,0.1345568532434602,0.1316087525337934,1.3333333333333337,4.0,10.080645161290322
Jude Bellingham,Borussia Dortmund,Bundesliga,2022,20.0,120000000.0,2691,84.70125786163521,65.25157232704402,95.75471698113208,94.49685534591195,0.1415817745740098,1.137123745819398,0.8221266530827932,0.5741124389612157,0.2590722952000672,2.1739130434782608,120.0,0.7058438155136267
Jude Bellingham,Real Madrid,La Liga,2024,22.0,180000000.0,2510,87.7932551319648,74.63343108504398,94.1348973607038,95.74780058651028,0.1543998550029983,1.5418326693227091,0.8850208236520508,0.5471220338175378,0.4158498065553576,2.223107569721116,180.0,0.4877403062886933
Enzo Loiodice,Las Palmas,La Liga,2023,23.6,4000000.0,1805,29.15887850467289,39.40809968847352,23.20872274143302,24.14330218068536,0.058585022774801,0.9473684210526316,0.2430500241610482,0.204546038505113,0.0306650806538285,0.7977839335180056,4.0,7.289719626168223
Antoine Semenyo,Bournemouth,EPL,2023,24.5,10000000.0,2141,75.05451713395638,69.1588785046729,62.77258566978193,96.26168224299066,0.1597262148835401,1.219056515646894,0.6478141132169715,0.2401419150887082,0.2700349172017859,2.942550210182158,10.0,7.505451713395638
Dwight McNeil,Everton,EPL,2024,25.6,25000000.0,1374,73.90762463343108,98.09384164222874,55.57184750733138,67.08211143695016,0.3956093138396967,2.423580786026201,0.5622091444461367,0.2331243119483171,0.0990564417598289,1.5720524017467248,25.0,2.956304985337243
Johann Lepenant,Lyon,Ligue 1,2022,20.7,10000000.0,1935,48.77358490566038,36.320754716981135,75.0,32.70440251572327,0.1140967538190442,0.4651162790697674,0.4746425850533469,0.3950728793563538,0.0473221607592909,0.883720930232558,10.0,4.877358490566038
Johann Lepenant,Nantes,Ligue 1,2024,22.7,6000000.0,2064,26.356304985337243,17.59530791788856,20.381231671554254,43.54838709677419,0.0603726352998163,0.3924418604651162,0.296798363425444,0.1630314989123753,0.0850032825093326,0.872093023255814,6.0,4.392717497556207
Nicolai Remberg,Holstein Kiel,Bundesliga,2024,25.0,3000000.0,2307,19.912023460410555,4.98533724340176,21.11436950146628,35.92375366568915,0.0207057052809062,0.3120936280884265,0.2436442984212359,0.2104148661817081,0.0594955472268348,0.8582574772431729,3.0,6.637341153470185
Azz-Eddine Ounahi,"Angers,Marseille",Ligue 1,2022,23.2,12000000.0,1234,81.59591194968553,73.27044025157232,84.11949685534591,88.36477987421384,0.156949483193276,1.312803889789303,0.6499254863220154,0.38701581051709,0.1860016432094178,1.8962722852512155,12.0,6.799659329140461
Azz-Eddine Ounahi,Marseille,Ligue 1,2023,24.2,12000000.0,1234,53.30607476635513,60.046728971962615,51.86915887850467,47.11838006230529,0.1205048765051306,1.094003241491086,0.3839353027012399,0.2731026368248888,0.0684369208420984,1.1669367909238249,12.0,4.442172897196261
Eric Martel,FC Cologne,Bundesliga,2022,21.2,9000000.0,2033,22.41352201257861,9.119496855345911,7.075471698113208,55.81761006289308,0.0374589785447905,0.3098868666994589,0.1733257386886569,0.1279410781898612,0.0727071386404185,1.2395474667978357,9.0,2.4903913347309565
Eric Martel,FC Cologne,Bundesliga,2023,22.2,7500000.0,2484,20.327102803738317,12.92834890965732,3.894080996884735,48.13084112149532,0.0416924828069581,0.4347826086956521,0.1536267310839848,0.1192039529037108,0.0930028609202607,0.9782608695652174,7.5,2.710280373831776
Florian Wirtz,Bayer Leverkusen,Bundesliga,2023,21.2,130000000.0,2393,95.9423676012461,96.57320872274144,95.17133956386292,96.10591900311526,0.3342233075633041,2.707898035938153,1.0726880658584512,0.5726495054206038,0.3234243971819889,2.6702883409945675,130.0,0.7380182123172777
Brian Ocampo,Cadiz,La Liga,2022,24.0,2000000.0,1153,45.63679245283019,73.58490566037736,25.0,37.106918238993714,0.1629520081636291,1.248915871639202,0.3213543872569477,0.1306962938890416,0.0437400162103686,1.0147441457068516,2.0,22.818396226415096
Mattia Felici,Cagliari,Serie A,2024,24.2,2800000.0,908,48.57771260997068,56.3049853372434,37.24340175953079,52.785923753665685,0.1213898471277617,0.9911894273127754,0.3362199350666369,0.2569517989679843,0.1083811763304774,0.9911894273127754,2.8,17.34918307498953
Matheus Nunes,Wolverhampton Wanderers,EPL,2022,24.8,45000000.0,2507,32.38993710691824,42.295597484276726,7.389937106918239,50.0,0.0728115119525919,0.9692859992022336,0.2154333203344479,0.1007357856914799,0.0854549766713207,1.0051854806541682,45.0,0.7197763801537387
Antony,Manchester United,EPL,2023,24.3,25000000.0,1329,87.64797507788161,82.39875389408098,86.44859813084112,95.17133956386292,0.2367361736721432,1.489841986455982,0.7774969702901877,0.4371191315252006,0.2365545718878103,2.91196388261851,25.0,3.5059190031152645
Antony,Real Betis,La Liga,2024,25.3,35000000.0,1372,87.38269794721407,97.21407624633432,75.65982404692082,89.58944281524927,0.3070949174670106,2.427113702623907,0.650287343042498,0.3314994400877603,0.1824587802796383,2.8206997084548107,35.0,2.496648512777545
Alessandro Bianco,"Fiorentina,Monza",Serie A,2024,22.7,5000000.0,2636,22.712609970674485,21.700879765395893,14.66275659824047,33.28445747800586,0.0503074036620003,0.6145675265553869,0.2327106494530018,0.1678019818497965,0.0475940145078724,0.8877086494688922,5.0,4.542521994134897
Éderson,Atalanta,Serie A,2023,25.0,40000000.0,5682,31.70560747663551,4.205607476635514,58.87850467289719,32.087227414330215,0.0248449575647696,0.2851108764519535,0.3904273674194922,0.3214607355622486,0.0714021691621734,0.6019007391763463,40.0,0.7926401869158878
Éderson,Atalanta,Serie A,2024,26.0,50000000.0,5222,49.31818181818181,44.42815249266862,67.44868035190616,33.87096774193548,0.1186159720172808,0.7066258138644197,0.4868064365377889,0.3615660856437609,0.0747505958755267,0.6721562619685943,50.0,0.9863636363636362
Merlin Röhl,Freiburg,Bundesliga,2024,23.0,12000000.0,970,43.76099706744868,58.94428152492669,18.328445747800583,55.71847507331378,0.1616420282972688,0.8350515463917526,0.3333009011352185,0.1245878497042606,0.1042725855350187,1.11340206185567,12.0,3.646749755620723
Ilaix Moriba,Valencia,La Liga,2022,20.4,4000000.0,978,69.60691823899371,61.32075471698113,76.1006289308176,71.69811320754717,0.1257235779101314,1.1042944785276074,0.4849673912751895,0.3948818240314722,0.084837269083671,1.932515337423313,4.0,17.40172955974843
Ilaix Moriba,Celta Vigo,La Liga,2024,22.4,6000000.0,2115,55.16129032258064,47.0674486803519,56.74486803519062,62.7565982404692,0.0985340613158459,0.851063829787234,0.4480047382097295,0.3075520252769297,0.0912487007122724,1.4468085106382975,6.0,9.193548387096774
Fran Pérez,Valencia,La Liga,2023,21.8,8000000.0,2135,36.08255451713395,52.80373831775701,22.11838006230529,32.86604361370716,0.1411352062497541,0.800936768149883,0.3176309539384669,0.1479598634660383,0.0504966650236685,0.8430913348946136,8.0,4.510319314641744
Joris Chotard,Montpellier,Ligue 1,2022,21.8,9000000.0,2447,35.220125786163514,57.075471698113205,36.00628930817609,8.80503144654088,0.1225329857984878,0.993052717613404,0.3058175790505381,0.210076132648433,0.0110822400130699,0.4413567633837352,9.0,3.913347309573724
Joris Chotard,Montpellier,Ligue 1,2023,22.8,10000000.0,2623,17.998442367601243,22.274143302180683,12.461059190031152,19.470404984423677,0.0609356551308623,0.5146778497903165,0.22161802673216,0.1572379171052962,0.0267699602874172,0.720548989706443,10.0,1.7998442367601242
Joris Chotard,Montpellier,Ligue 1,2024,23.8,6000000.0,1908,22.881231671554254,4.39882697947214,25.65982404692082,41.20234604105572,0.018090549680703,0.330188679245283,0.2909670743810119,0.2106790813916134,0.0713037545704897,0.8962264150943396,6.0,3.813538611925709
Beñat Prados,Athletic Club,La Liga,2024,24.4,18000000.0,1736,37.84457478005865,19.94134897360704,62.17008797653959,30.35190615835777,0.0564715026530183,0.5184331797235023,0.4244102105768698,0.3626663246393753,0.0472502243031279,0.8294930875576036,18.0,2.102476376669925
Urko Gonzalez,"Espanyol,Real Sociedad",La Liga,2024,24.3,5000000.0,1441,15.6524926686217,23.900293255131963,9.3841642228739,13.343108504398828,0.0545337345221032,0.6245662734212353,0.2247225291675408,0.1413471454794542,0.0423406788628189,0.2498265093684941,5.0,3.13049853372434
Romeo Lavia,Southampton,EPL,2022,19.5,32000000.0,2261,16.32075471698113,14.465408805031448,24.21383647798742,9.276729559748428,0.0206098682669307,0.6368863334807607,0.2252502848832072,0.2055248445289581,0.0104758968022361,0.4776647501105706,32.0,0.5100235849056604
Danley Jean Jacques,Metz,Ligue 1,2023,24.1,2000000.0,2694,17.38317757009346,2.1806853582554515,1.557632398753894,53.58255451713396,0.0148798417785352,0.3006681514476614,0.1554677033079227,0.0592587215054307,0.0989440461529422,1.135857461024499,2.0,8.69158878504673
Rodrigo Sánchez,Real Betis,La Liga,2023,24.1,3000000.0,988,62.15732087227414,61.21495327102804,54.82866043613707,71.80685358255451,0.0922822695496955,1.3663967611336032,0.4426962228092225,0.251388448207575,0.1172079521548078,1.6396761133603237,3.0,20.719106957424714
Giovanni Fabbian,Bologna,Serie A,2024,22.5,12000000.0,992,52.52199413489736,56.158357771261,17.741935483870968,88.85630498533725,0.1373154260481016,0.907258064516129,0.3295814136846832,0.1244187815820858,0.2614643672976883,1.9052419354838708,12.0,4.37683284457478
Enzo Le Fée,Rennes,Ligue 1,2023,24.4,18000000.0,1548,47.27414330218068,68.06853582554517,49.37694704049844,20.560747663551403,0.1013830329053277,1.6279069767441858,0.3417858625437284,0.2900955372295061,0.0301280238145832,0.6976744186046512,18.0,2.6263412945655933
Aimar Oroz,Osasuna,La Liga,2023,22.6,15000000.0,2370,51.36292834890965,51.09034267912772,57.47663551401869,44.548286604361365,0.0923020333358192,0.9873417721518988,0.4232706762496618,0.2865939066639241,0.0826939014788669,0.9493670886075948,15.0,3.4241952232606434
Beñat Turrientes,Real Sociedad,La Liga,2023,22.4,20000000.0,1715,17.28971962616822,7.009345794392523,7.94392523364486,40.18691588785046,0.0217841573646047,0.4723032069970845,0.1951953806471807,0.1431976402878935,0.0412056780645607,1.206997084548105,20.0,0.864485981308411
Beñat Turrientes,Real Sociedad,La Liga,2024,23.4,10000000.0,933,26.158357771260995,8.357771260997069,49.41348973607038,19.794721407624635,0.0360805524507136,0.2893890675241157,0.3560162518305219,0.3147504711673382,0.0329416170356932,0.6752411575562701,10.0,2.6158357771260996
Marc Casadó,Barcelona,La Liga,2024,21.8,30000000.0,1640,52.77126099706744,29.618768328445743,95.89442815249268,29.47214076246334,0.089718804251766,0.4939024390243902,0.7978165066096841,0.7413017920831718,0.0500452966576941,0.7682926829268293,30.0,1.7590420332355812
Fermín López,Barcelona,La Liga,2024,22.1,50000000.0,1224,96.70087976539588,95.89442815249268,97.0674486803519,97.21407624633432,0.3464927495566799,2.1323529411764706,1.1507879008593804,0.5774647541179815,0.3497464433038498,3.014705882352941,50.0,1.9340175953079177
Ángel Algobia,Getafe,La Liga,2022,24.0,1500000.0,1120,12.272012578616351,8.962264150943398,12.42138364779874,15.959119496855344,0.0337418185081332,0.4017857142857142,0.1996860258597215,0.1519081605032884,0.021515681699384,0.5625,1.5,8.181341719077567
Tommaso Baldanzi,Empoli,Serie A,2022,20.3,15000000.0,1809,45.38522012578616,53.93081761006289,11.320754716981131,75.1572327044025,0.0921949165970531,1.144278606965174,0.2425483557678277,0.0948345587491544,0.1139270481815682,1.6417910447761197,15.0,3.0256813417190775
Balthazar Pierret,Lecce,Serie A,2024,25.1,,1741,11.23900293255132,10.55718475073314,18.914956011730204,3.0791788856304985,0.0260950501265709,0.5169442848937392,0.2272592673783224,0.2023837000071694,0.0072379921076713,0.3101665709362435,,
Kaishu Sano,Mainz 05,Bundesliga,2024,24.5,20000000.0,3051,19.45014662756598,17.302052785923756,25.0733137829912,15.395894428152491,0.0388340419295702,0.56047197640118,0.2672965033391935,0.2215967516093391,0.0268454342025571,0.5899705014749262,20.0,0.972507331378299
Eren Sami Dinkci,FC Heidenheim,Bundesliga,2023,22.5,12000000.0,2730,52.11059190031152,63.23987538940809,23.83177570093458,72.1183800623053,0.1358448465835753,1.1538461538461535,0.3476810044721588,0.1348740434130797,0.121430467650458,1.6153846153846152,12.0,4.34254932502596
Eren Sami Dinkci,Freiburg,Bundesliga,2024,23.5,8000000.0,1189,62.61730205278592,82.40469208211144,55.27859237536656,48.09384164222874,0.1852512316381961,1.740958788898234,0.5001376917048399,0.2687916894975182,0.0811426131927335,1.0597140454163163,8.0,7.82716275659824
Aaron Ramsey,Nice,Ligue 1,2022,20.4,5000000.0,1581,72.98742138364778,72.32704402515722,71.38364779874215,75.62893081761007,0.1185415657078122,1.5939278937381405,0.5149430598519333,0.3007910060616779,0.1779656489317851,1.252371916508539,5.0,14.597484276729556
Enzo Fernández,Chelsea,EPL,2022,22.4,80000000.0,1559,61.96540880503144,62.26415094339622,81.76100628930817,38.52201257861635,0.1229950200200004,1.1545862732520846,0.5089178134408266,0.4400690216535249,0.0356704940824668,1.1545862732520846,80.0,0.774567610062893
Enzo Fernández,Chelsea,EPL,2023,23.4,75000000.0,2237,80.10124610591899,68.53582554517133,87.69470404984423,84.73520249221184,0.1431804970006725,1.2874385337505587,0.7379734465518485,0.5050559906196557,0.1860849746279368,1.8909253464461333,75.0,1.0680166147455865
Enzo Fernández,Chelsea,EPL,2024,24.4,75000000.0,2941,82.4266862170088,92.81524926686215,74.19354838709677,79.91202346041055,0.2367819861129853,2.356341380482829,0.6379998418692828,0.3282194411136978,0.1876876857708056,1.6218973138388304,75.0,1.0990224828934505
Dion Lopy,Reims,Ligue 1,2022,21.4,4000000.0,1393,44.17452830188679,41.0377358490566,48.11320754716981,43.23899371069182,0.0694139184375418,0.9691313711414214,0.3486840262252246,0.243309279515997,0.0467990424513431,1.1629576453697057,4.0,11.043632075471697
Dion Lopy,Almeria,La Liga,2023,22.4,10000000.0,1922,31.043613707165107,21.80685358255452,37.85046728971962,33.87850467289719,0.048234522319423,0.6087408949011447,0.3110175875464258,0.2474683490809553,0.0371347655010148,1.0770031217481788,10.0,3.1043613707165107
Léo Leroy,Montpellier,Ligue 1,2022,23.4,1200000.0,1206,53.01886792452829,39.77987421383648,61.16352201257862,58.96226415094339,0.0811767031841758,0.8208955223880597,0.4113804725513085,0.3026645948915784,0.0742363136039296,1.343283582089552,1.2,44.182389937106905
Armin Gigovic,Holstein Kiel,Bundesliga,2024,23.2,3000000.0,1900,46.31964809384164,43.841642228739005,40.17595307917888,56.3782991202346,0.1157266207725594,0.7105263157894737,0.3924153175303026,0.2238663100098308,0.0933786734546485,1.1842105263157894,3.0,15.439882697947214
Magnus Knudsen,Holstein Kiel,Bundesliga,2024,24.0,2500000.0,1860,17.675953079178885,18.475073313782996,16.56891495601173,18.035190615835774,0.0671032023045324,0.3387096774193548,0.263034436130716,0.1657680553354082,0.0401729495534973,0.532258064516129,2.5,7.070381231671554
Bilal El Khannouss,Leicester,EPL,2024,21.1,28000000.0,2242,47.77126099706744,82.40469208211144,14.36950146627566,46.33431085043989,0.1972686617247208,1.6859946476360392,0.2849015629419145,0.1413937496066253,0.0578859875296025,1.2042818911685995,28.0,1.7061164641809798
Samú Costa,Almeria,La Liga,2022,22.6,5000000.0,1986,31.71383647798742,18.553459119496853,31.761006289308177,47.0125786163522,0.0434982823067291,0.5891238670694865,0.2455312750524534,0.2262238678423929,0.0901857877341507,0.9063444108761328,5.0,6.3427672955974845
Samú Costa,Mallorca,La Liga,2023,23.6,10000000.0,2307,16.440809968847347,6.230529595015575,10.436137071651087,35.35825545171339,0.0191550321213329,0.4681404421326398,0.1879542507352344,0.1671533869828917,0.0604097790996724,0.8582574772431729,10.0,1.6440809968847347
Samú Costa,Mallorca,La Liga,2024,24.6,15000000.0,2667,23.548387096774192,19.354838709677416,10.850439882697948,43.25513196480938,0.0589770554063089,0.4724409448818897,0.224703503720236,0.1501153757600836,0.0698708905655098,1.012373453318335,15.0,1.5698924731182795
Warren Bondo,Monza,Serie A,2023,20.8,6000000.0,1456,29.073208722741438,10.2803738317757,37.53894080996885,41.12149532710281,0.0340083372270033,0.4326923076923077,0.3244951112671745,0.2379394739426181,0.0628055987948715,1.050824175824176,6.0,4.845534787123573
Warren Bondo,"AC Milan,Monza",Serie A,2024,21.8,10000000.0,1797,22.93988269794721,2.7859237536656893,48.68035190615836,16.422287390029325,0.0161098259095357,0.3005008347245409,0.3472616453849413,0.3191432264168592,0.0211530229160702,0.7011686143572621,10.0,2.293988269794721
Julio Enciso,"Brighton,Ipswich",EPL,2024,21.4,22000000.0,1168,70.76979472140762,74.92668621700881,47.21407624633431,93.4017595307918,0.1716488747130314,1.386986301369863,0.4801368864080932,0.2147477920317052,0.2111336203732157,4.006849315068493,22.0,3.2168088509730737
Rassoul Ndiaye,Le Havre,Ligue 1,2024,23.6,2000000.0,1027,38.68768328445748,37.3900293255132,10.55718475073314,73.02052785923755,0.0639783176788452,0.8763388510223954,0.2789851745541598,0.104215768072482,0.1349617887339115,1.5774099318403116,2.0,19.34384164222874
Yasin Ayari,Brighton,EPL,2024,21.7,22000000.0,1977,63.61436950146627,66.42228739002931,63.049853372434015,60.99706744868036,0.1417854766054743,1.2746585735963585,0.4646962806469392,0.341652188964516,0.1017128222244643,1.2746585735963585,22.0,2.8915622500666487
Jordan James,Rennes,Ligue 1,2024,21.0,8000000.0,1195,63.658357771261,70.96774193548387,69.06158357771261,48.82697947214076,0.1199895941250992,1.7322175732217573,0.4892139506202861,0.3805725324322239,0.0579790899132584,1.280334728033473,8.0,7.957294721407625
Oussama Targhaline,Le Havre,Ligue 1,2023,22.1,2500000.0,1053,14.11993769470405,16.822429906542055,16.043613707165107,8.722741433021806,0.0245844759047031,0.6837606837606838,0.2092099509751185,0.1879474447451086,0.0120634942227958,0.5128205128205129,2.5,5.64797507788162
Oussama Targhaline,Le Havre,Ligue 1,2024,23.1,4000000.0,997,12.888563049853373,25.36656891495601,4.545454545454546,8.064516129032258,0.0579365971334719,0.6318956870611836,0.1795187031284139,0.1266541348260228,0.0142332860674996,0.4513540621865596,4.0,3.222140762463343
Yassine Kechta,Le Havre,Ligue 1,2023,22.3,5000000.0,1868,36.059190031152646,53.58255451713395,11.526479750778815,44.23676012461059,0.0795748378588903,1.2526766595289078,0.2568372584105622,0.1158618671187385,0.0792878985702114,0.9635974304068522,5.0,7.211838006230529
Máximo Perrone,Las Palmas,La Liga,2023,21.5,9000000.0,1643,17.889408099688474,7.4766355140186915,40.03115264797508,4.205607476635514,0.0204750888017859,0.4930006086427267,0.2860363499713212,0.2698795701367457,0.0095881807107117,0.3834449178332318,9.0,1.9877120110764972
Máximo Perrone,Como,Serie A,2024,22.5,12000000.0,1866,49.186217008797655,60.70381231671554,63.48973607038123,19.06158357771261,0.09452505592688,1.4469453376205788,0.4646006537379751,0.3493238586057995,0.045614078000092,0.4823151125401929,12.0,4.098851417399804
Habib Keita,Clermont Foot,Ligue 1,2023,22.4,1000000.0,1264,41.61993769470405,27.725856697819317,49.53271028037384,48.59813084112149,0.0490733783668543,0.7120253164556962,0.3424868476577103,0.2888131512570654,0.0454604140441581,1.4240506329113924,1.0,41.61993769470405
Tanner Tessmann,Lyon,Ligue 1,2024,23.8,6000000.0,1218,50.19061583577712,19.06158357771261,73.31378299120234,59.5307917888563,0.0542793343568523,0.5172413793103449,0.4939989840584288,0.4212464012774487,0.0882679463497229,1.3300492610837438,6.0,8.365102639296188
Dário Essugo,Las Palmas,La Liga,2024,20.3,20000000.0,1985,18.09384164222874,12.756598240469208,13.049853372434018,30.205278592375365,0.019572052536931,0.5894206549118388,0.2024646427914012,0.1703424567042354,0.0293409384890302,1.0428211586901763,20.0,0.9046920821114369
Kamory Doumbia,Reims,Ligue 1,2022,20.4,2500000.0,1161,69.77201257861635,76.1006289308176,47.64150943396227,88.20754716981133,0.1891454224034335,1.2403100775193798,0.5031550983183606,0.1623138009982053,0.1714327115594416,2.0155038759689923,2.5,27.90880503144654
Kamory Doumbia,Brest,Ligue 1,2024,22.4,4000000.0,1317,65.06598240469208,79.03225806451613,37.24340175953079,81.23167155425219,0.1538900648941686,1.776765375854214,0.4770221880685902,0.1507629250475377,0.2563028721932262,1.5034168564920274,4.0,16.26649560117302
Enzo Barrenechea,Frosinone,Serie A,2023,23.1,7500000.0,2836,31.97819314641744,29.595015576323984,50.15576323987538,13.551401869158878,0.0472503877146371,0.7933709449929478,0.3314362086121871,0.3021890473222341,0.0159971802482284,0.6346967559943583,7.5,4.263759086188992
Enzo Barrenechea,Valencia,La Liga,2024,24.1,10000000.0,2245,29.296187683284455,17.302052785923753,44.28152492668622,25.806451612903224,0.0333400538070894,0.6013363028953229,0.3335785224643807,0.3059028796312338,0.0506594200102085,0.6414253897550112,10.0,2.9296187683284454
Denis Huseinbasic,FC Cologne,Bundesliga,2023,23.0,4000000.0,1626,18.09190031152648,28.193146417445483,10.2803738317757,15.42056074766355,0.0342697792813676,0.8856088560885609,0.1922019850462675,0.1571824209166629,0.0188833658799968,0.6642066420664207,4.0,4.52297507788162
Pedri,Barcelona,La Liga,2024,22.6,140000000.0,2941,77.22140762463341,91.64222873900292,97.94721407624634,36.21700879765396,0.2389021320043677,2.142128527711663,0.9617035988552336,0.7228470249028687,0.0768237964613366,0.7344440666439987,140.0,0.5515814830330958
Moisés Caicedo,Chelsea,EPL,2023,22.7,75000000.0,2897,46.29283489096573,33.48909657320872,94.2367601246106,5.29595015576324,0.0776347414001148,0.6834656541249569,0.7781667111478141,0.7226768170808425,0.0092370122459594,0.4038660683465654,75.0,0.6172377985462097
Salis Abdul Samed,Lens,Ligue 1,2022,23.3,18000000.0,2897,36.477987421383645,17.29559748427673,73.58490566037736,15.566037735849058,0.0462963475730343,0.5281325509147394,0.4438653808186126,0.4150433358207505,0.0320348931199359,0.4038660683465654,18.0,2.0265548567435356
Salis Abdul Samed,Lens,Ligue 1,2023,24.3,8000000.0,1510,35.3816199376947,9.96884735202492,75.23364485981308,18.53582554517134,0.0387263794411097,0.3576158940397351,0.4949931180511681,0.4096215349430872,0.0500811617081331,0.2980132450331126,8.0,4.422702492211838
Johnny Cardoso,Real Betis,La Liga,2023,22.8,25000000.0,1347,19.52492211838006,11.993769470404985,6.5420560747663545,43.45794392523364,0.0305485767716819,0.5345211581291759,0.1819154769514079,0.1429073887987099,0.0935880854759025,0.8017817371937639,25.0,0.7809968847352025
Johnny Cardoso,Real Betis,La Liga,2024,23.8,25000000.0,2147,34.340175953079175,9.09090909090909,48.68035190615836,47.06744868035191,0.0307622968085183,0.3772706101537028,0.3733802763059818,0.3002711729973756,0.1120432410050837,0.7964601769911505,25.0,1.373607038123167
Jacopo Fazzini,Empoli,Serie A,2023,21.3,6000000.0,1213,65.53738317757009,78.81619937694704,53.42679127725856,64.17445482866043,0.1542597260903521,1.7807089859851608,0.4071016456265392,0.2654708468762932,0.0796442700554566,1.706512778235779,6.0,10.922897196261681
Joan Gonzàlez,Lecce,Serie A,2022,21.4,6000000.0,2229,23.11320754716981,26.57232704402516,8.333333333333334,36.320754716981135,0.0646985333768869,0.6056527590847914,0.2008789809217644,0.1226152336628528,0.0733318139609666,0.686406460296097,6.0,3.852201257861635
Joan Gonzàlez,Lecce,Serie A,2023,22.4,4500000.0,1283,51.09034267912772,53.73831775700934,45.638629283489095,54.3613707165109,0.0935670379796068,1.0522213561964149,0.3872196017586664,0.2402039031648394,0.1218284416249833,0.9820732657833204,4.5,11.353409484250605
Aljoscha Kemlein,Union Berlin,Bundesliga,2024,20.9,7000000.0,937,43.84897360703812,44.428152492668616,33.724340175953074,54.98533724340176,0.0781090635102611,0.96051227321238,0.3661854637900055,0.1965153210954452,0.1105270274341297,1.056563500533618,7.0,6.264139086719731
Mandela Keita,Parma Calcio 1913,Serie A,2024,23.1,12000000.0,1852,22.4633431085044,31.378299120234605,31.67155425219941,1.3196480938416422,0.0587039896474093,0.7775377969762419,0.2960411750170408,0.2494240778379673,0.0047872375523908,0.2429805615550755,12.0,1.8719452590420333
Nico Williams,Athletic Club,La Liga,2022,21.0,30000000.0,2713,74.92924528301887,82.0754716981132,54.24528301886793,90.72327044025158,0.1838691472743562,1.45963877626244,0.5239815823390526,0.1910183777970183,0.199680545178839,2.023590121636565,30.0,2.4976415094339623
Nico Williams,Athletic Club,La Liga,2023,22.0,60000000.0,2336,87.05607476635512,89.09657320872273,80.99688473520249,91.74454828660436,0.2842950584743274,1.7722602739726026,0.7758578598381288,0.337997659847893,0.2526035151693153,2.1575342465753424,60.0,1.450934579439252
Nico Williams,Athletic Club,La Liga,2024,23.0,70000000.0,1994,79.76539589442815,84.45747800586511,65.39589442815249,91.05571847507332,0.1882567476488672,1.8054162487462384,0.601610186787223,0.286199224037618,0.2074863779131573,2.482447342026078,70.0,1.1395056556346879
Iker Muñoz,Osasuna,La Liga,2023,21.8,5000000.0,1857,22.297507788161997,0.778816199376947,23.676012461059187,45.794392523364486,0.0058536952427665,0.2423263327948303,0.2393474870982771,0.2100218011003126,0.0698371821042505,1.1147011308562196,5.0,4.459501557632399
Andy Diouf,Lens,Ligue 1,2023,21.1,9000000.0,1351,69.90654205607477,54.98442367601246,83.33333333333333,71.65109034267913,0.0733061625569132,1.3989637305699485,0.5919825607879042,0.4990140148069706,0.0997946789552995,1.865284974093264,9.0,7.767393561786085
Damián Rodríguez,Celta Vigo,La Liga,2024,22.3,,934,53.643695014662754,57.47800586510264,90.76246334310852,5.865102639296188,0.0738089871084281,1.6381156316916488,0.6474141690409414,0.6312252291552004,0.0122569629033066,0.3854389721627409,,
Yehor Yarmolyuk,Brentford,EPL,2024,21.3,15000000.0,1416,28.387096774193544,24.780058651026398,35.33724340175953,24.48680351906158,0.065185803114989,0.5720338983050848,0.3185330458395815,0.2677735472413696,0.0500758099606481,0.5720338983050848,15.0,1.8924731182795695
João Gomes,Wolverhampton Wanderers,EPL,2023,23.4,35000000.0,2690,22.07943925233645,21.18380062305296,11.059190031152648,35.981308411214954,0.0444169630639282,0.6356877323420075,0.2108731626612601,0.1552136869837969,0.06207687537217,0.8698884758364313,35.0,0.6308411214953271
João Gomes,Wolverhampton Wanderers,EPL,2024,24.4,40000000.0,3034,40.469208211143695,20.38123167155425,53.51906158357771,48.68035190615836,0.0355835219178454,0.6526038233355307,0.3975125528926038,0.3136877018047267,0.0851954863054939,1.0382333553065262,40.0,1.0117302052785924
Omari Hutchinson,Ipswich,EPL,2024,21.7,22000000.0,2620,50.68181818181817,56.45161290322581,28.152492668621697,70.23460410557183,0.1158858978239293,1.0648854961832062,0.3613392089330058,0.1605518859427223,0.1210465475646708,1.545801526717557,22.0,2.3037190082644625
Kévin Danois,Auxerre,Ligue 1,2024,21.0,8000000.0,1466,51.94281524926686,71.70087976539588,42.52199413489736,39.88269794721408,0.1430294546648087,1.534788540245566,0.397540289657076,0.2412601237758323,0.061061852999123,0.9822646657571624,8.0,6.492851906158357
Andrey Santos,Strasbourg,Ligue 1,2024,21.2,35000000.0,2861,65.10997067448679,48.24046920821114,71.5542521994135,77.27272727272727,0.1044898598667459,0.8493533729465222,0.5268118038385513,0.3606305921717837,0.2036666498694937,1.4155889549108702,35.0,1.8602848764139082
Adam Wharton,Crystal Palace,EPL,2023,20.4,30000000.0,1333,53.49688473520249,74.61059190031153,63.55140186915888,17.133956386292834,0.1725919427600286,1.350337584396099,0.4256686580277258,0.3259802109786133,0.0240030347747589,0.6751687921980495,30.0,1.7832294911734163
Adam Wharton,Crystal Palace,EPL,2024,21.4,45000000.0,1337,58.78299120234604,86.21700879765396,61.87683284457478,23.167155425219946,0.2256712131062906,1.75018698578908,0.4400521875815376,0.3533778734652851,0.0226016604065025,0.87509349289454,45.0,1.3062886933854676
Soungoutou Magassa,Monaco,Ligue 1,2024,21.7,12000000.0,1008,30.13929618768328,28.739002932551315,40.90909090909091,19.208211143695017,0.0697335396294615,0.625,0.3483198340316968,0.2737776474428496,0.0288241963634001,0.7142857142857142,12.0,2.5116080156402734
Maghnes Akliouche,Monaco,Ligue 1,2024,23.3,45000000.0,2419,91.1950146627566,90.61583577712612,89.88269794721407,93.4017595307918,0.3162280073425601,1.7486564696155436,0.940255199671839,0.4278985709922158,0.2798662539964227,2.2695328648201736,45.0,2.026555881394591
Pablo Barrios Rivas,Atletico Madrid,La Liga,2023,21.0,25000000.0,1571,54.60280373831775,49.8442367601246,74.9221183800623,36.44859813084112,0.0983483656614848,0.9166136218968808,0.5063254488151898,0.3953941995639621,0.0574920769664681,0.9166136218968808,25.0,2.18411214953271
Pablo Barrios Rivas,Atletico Madrid,La Liga,2024,22.0,55000000.0,2347,63.211143695014655,54.39882697947213,90.76246334310852,41.34897360703812,0.1123841335218436,0.9970174691095016,0.6716371591281881,0.5707306403255635,0.0525634097745685,1.112057946314444,55.0,1.1492935217275393
Benjamin Bouchouari,Saint-Etienne,Ligue 1,2024,23.6,5000000.0,1794,34.40615835777126,29.765395894428156,48.68035190615837,23.167155425219946,0.0504116621491402,0.802675585284281,0.3657155815997849,0.3028638539430888,0.031178847273008,0.802675585284281,5.0,6.881231671554252
Ramón Terrats,"Girona,Villarreal",La Liga,2022,22.7,4000000.0,1048,73.2075471698113,52.35849056603773,91.98113207547168,75.62893081761007,0.11288262896581,0.9446564885496184,0.6566294313955853,0.5102164604263878,0.118989912039451,1.631679389312977,4.0,18.301886792452827
Pablo Ibáñez,Osasuna,La Liga,2022,24.8,1500000.0,1041,46.82389937106918,45.911949685534594,20.75471698113208,78.30188679245282,0.0883570160738243,0.9510086455331412,0.3009876955880298,0.1192113017443277,0.1329272972843918,1.729106628242075,1.5,31.21593291404612
Pablo Ibáñez,Osasuna,La Liga,2023,25.8,2500000.0,1126,53.2632398753894,52.64797507788162,26.635514018691588,85.04672897196261,0.1049863049829937,0.9591474245115452,0.3421739183472168,0.1555612148654185,0.1653702582396421,2.158081705150977,2.5,21.30529595015576
Pablo Ibáñez,Osasuna,La Liga,2024,26.8,2000000.0,1286,33.555718475073306,26.68621700879765,14.516129032258064,63.78299120234604,0.0849605676707917,0.4199066874027994,0.2951792195949176,0.1266262342814431,0.0989619971790335,1.3996889580093312,2.0,16.777859237536653
Valentín Carboni,Monza,Serie A,2023,19.3,15000000.0,1137,64.96884735202491,80.06230529595015,36.13707165109034,80.99688473520249,0.1578872596063604,1.899736147757256,0.395226571930076,0.1793250923430778,0.1677262472445858,1.820580474934037,15.0,4.331256490134994
Bence Dárdai,Wolfsburg,Bundesliga,2024,19.4,12000000.0,1333,28.43841642228739,42.52199413489736,7.18475073313783,36.80351906158358,0.1009432060695731,0.7426856714178545,0.238582864250018,0.1015707140750708,0.0782507373787188,0.7426856714178545,12.0,2.3698680351906156
Aleksandar Pavlovic,Bayern Munich,Bundesliga,2023,20.2,30000000.0,1226,57.54672897196261,48.90965732087227,83.33333333333333,37.53894080996884,0.1110965652212038,0.8075040783034257,0.5737276469185633,0.502145306691892,0.0987244299711693,0.5872756933115824,30.0,1.9182242990654204
Aleksandar Pavlovic,Bayern Munich,Bundesliga,2024,21.2,55000000.0,1468,41.95747800586511,5.865102639296188,96.9208211143695,19.94134897360704,0.0153109739212273,0.4291553133514986,0.8436814796088176,0.8286094437137612,0.0428430878935376,0.5517711171662125,55.0,0.7628632364702748
Gvidas Gineitis,Torino,Serie A,2024,21.2,6000000.0,1431,52.28372434017595,66.05571847507332,19.354838709677416,74.63343108504398,0.136584960533388,1.3207547169811322,0.3157391390359064,0.1493206122925259,0.1161553213993708,1.8238993710691824,6.0,8.713954056695991
Luiz Henrique,Real Betis,La Liga,2022,22.5,15000000.0,1815,57.97169811320755,55.9748427672956,37.42138364779874,84.27672955974843,0.1403728076988015,0.8429752066115702,0.3966627313855512,0.1631131685100311,0.1377858116083647,2.0826446280991733,15.0,3.864779874213837
André,Wolverhampton Wanderers,EPL,2024,24.0,28000000.0,2538,23.5850439882698,17.008797653958943,46.48093841642229,4.545454545454545,0.0285550214825792,0.6382978723404256,0.3367960161086937,0.3144273043656391,0.0104853551808401,0.3546099290780141,28.0,0.8423229995810643
Yassin Belkhdim,Angers,Ligue 1,2024,23.4,1000000.0,1529,14.875366568914956,6.89149560117302,17.008797653958943,21.700879765395896,0.030437263643687,0.2943100065402224,0.2277575415346535,0.186466067472681,0.0479756869397633,0.5297580117724002,1.0,14.875366568914956
Ben Seghir,Monaco,Ligue 1,2024,20.4,28000000.0,1759,89.22287390029325,84.75073313782991,88.85630498533725,94.86803519061584,0.2465047921843492,1.6372939169982943,0.8559268095274839,0.4319859667500611,0.2525765305271689,3.172256964184196,28.0,3.186531210724759
Alejandro Garnacho,Manchester United,EPL,2023,20.0,45000000.0,2601,78.25545171339563,81.93146417445482,57.00934579439252,98.75389408099689,0.2046806253106123,1.5916955017301038,0.6356345010102826,0.2065749707467416,0.3413528590672569,3.460207612456747,45.0,1.7390100380754585
Niccolò Pisilli,Roma,Serie A,2024,20.8,13000000.0,1198,57.50733137829912,34.3108504398827,53.95894428152492,88.70967741935485,0.0707308860971453,0.7512520868113522,0.445790640428314,0.2948133192353186,0.2304296093046018,2.028380634390651,13.0,4.423640875253779
Kobbie Mainoo,Manchester United,EPL,2023,19.2,50000000.0,1980,18.115264797507784,21.02803738317757,16.043613707165107,17.133956386292834,0.0384092845700003,0.6818181818181819,0.230935531922362,0.1757936953482303,0.035171408036893,0.5,50.0,0.3623052959501557
Tom Bischof,Hoffenheim,Bundesliga,2024,20.0,30000000.0,2593,64.29618768328444,76.68621700879766,52.34604105571847,63.78299120234604,0.1536314734686963,1.700732741997686,0.407873597915539,0.2987281732387608,0.075866408086523,1.7701504049363672,30.0,2.1432062561094813
Antoniu Roca,Espanyol,La Liga,2024,22.8,1800000.0,1023,31.752199413489738,38.856304985337246,12.023460410557185,46.48093841642229,0.1059579963951516,0.6158357771260997,0.2950581274052694,0.0977943919030976,0.0929473042815836,0.8797653958944281,1.8,17.640110785272075
Alex Scott,Bournemouth,EPL,2023,20.9,20000000.0,997,62.71028037383177,85.202492211838,50.311526479750775,50.93457943925233,0.1869299889746735,1.9859578736208627,0.4349458694771874,0.2369513731812283,0.0579607667758268,1.354062186559679,20.0,3.1355140186915884
Arthur Atta,Metz,Ligue 1,2023,21.5,1000000.0,915,53.34890965732087,72.11838006230529,40.65420560747664,46.261682242990645,0.1902600973233825,1.180327868852459,0.4214149904361025,0.1885881447156921,0.0990897117518499,0.8852459016393444,1.0,53.34890965732087
Arthur Atta,Udinese,Serie A,2024,22.5,8000000.0,1223,56.1217008797654,64.80938416422288,30.93841642228739,75.366568914956,0.1284828092918128,1.3246116107931316,0.3594335909393705,0.1857784112956517,0.1135850674910615,1.9133278822567457,8.0,7.015212609970675
Lucas Bergvall,Tottenham,EPL,2024,19.4,38000000.0,1187,39.75806451612903,32.99120234604106,54.83870967741935,30.05865102639296,0.0546185768946139,0.8340353833192923,0.3853986246264975,0.3290850591313066,0.0461925095670621,0.8340353833192923,38.0,1.0462648556876062
Oliver Arblaster,Sheffield United,EPL,2023,20.5,450000.0,954,31.962616822429904,56.386292834890966,34.267912772585674,0.7788161993769469,0.0971459191433101,1.1320754716981132,0.2718140397941306,0.2495169290341437,0.0020494605502429,0.0943396226415094,0.45,71.02803738317756
Matteo Prati,Cagliari,Serie A,2023,20.5,10000000.0,1978,31.19158878504673,15.26479750778816,16.978193146417446,66.35514018691589,0.0264859029880081,0.6370070778564206,0.2226409175611196,0.184572726988146,0.0968942553307804,1.5925176946410518,10.0,3.119158878504673
Hugo Sotelo,Celta Vigo,La Liga,2024,21.5,4000000.0,1268,46.71554252199414,58.94428152492668,70.38123167155426,4.838709677419354,0.1032833388583493,1.277602523659306,0.4503958814407255,0.4333361970225484,0.0145519631606312,0.2839116719242902,4.0,11.678885630498534
Amir Richardson,Reims,Ligue 1,2023,22.4,6000000.0,1354,43.15420560747663,39.875389408099686,31.61993769470405,60.43613707165109,0.0808545723254826,0.7976366322008863,0.2932864190952816,0.2248718378380315,0.1365306881425607,1.1299852289512555,6.0,7.192367601246104
Amir Richardson,Fiorentina,Serie A,2024,23.4,8500000.0,1083,28.7683284457478,25.073313782991203,17.15542521994135,46.62756598240469,0.0518339356392044,0.6648199445983379,0.2613567898612356,0.170273936464557,0.0899753067900434,0.9141274238227148,8.5,3.384509228911506
Neil El Aynaoui,Lens,Ligue 1,2023,23.0,8000000.0,1569,51.39408099688473,39.25233644859813,50.31152647975078,66.82242990654206,0.0621574075383278,0.9177820267686424,0.3980974574176235,0.2533514351792363,0.147235490591844,1.2619502868068837,8.0,6.4242601246105915
Neil El Aynaoui,Lens,Ligue 1,2024,24.0,15000000.0,1596,60.38123167155425,63.489736070381234,57.62463343108504,59.97067448680352,0.1159922599869507,1.3533834586466165,0.4376606272771619,0.3195048954085748,0.1375933250419347,1.0714285714285714,15.0,4.0254154447702835
Louis Mouton,Saint-Etienne,Ligue 1,2024,23.1,700000.0,1047,63.29912023460411,65.5425219941349,52.34604105571847,73.46041055718476,0.1248483164476118,1.3753581661891117,0.4467299436472549,0.2851361472874794,0.1291673560826945,1.6332378223495705,0.7,90.42731462086302
Pablo Marín,Real Sociedad,La Liga,2024,22.0,8000000.0,1224,46.3782991202346,50.1466275659824,17.888563049853374,75.2199413489736,0.0863610946244615,1.0294117647058822,0.3232514502151924,0.1329791951267158,0.1614923965569366,1.5441176470588236,8.0,5.797287390029325
Mohamed Kaba,Lecce,Serie A,2023,22.7,3500000.0,1375,42.048286604361365,34.73520249221184,45.48286604361371,46.57320872274143,0.0541147625920447,0.850909090909091,0.3854015394029292,0.2405346423658458,0.0973012090338901,0.9163636363636364,3.5,12.013796172674676
Shavy Babicka,Toulouse,Ligue 1,2024,25.1,2500000.0,1147,65.46187683284458,68.32844574780059,47.0674486803519,83.57771260997067,0.187230095780457,1.020052310374891,0.5811012100749879,0.1613035066818141,0.2731022139509398,1.5693112467306014,2.5,26.184750733137832
Lamine Camara,Metz,Ligue 1,2023,20.5,10000000.0,2277,39.90654205607477,73.05295950155764,7.320872274143302,39.25233644859813,0.1393136966664329,1.5810276679841897,0.1919885665516962,0.1425828223333881,0.0432992129855358,1.1857707509881423,10.0,3.990654205607477
Lamine Camara,Monaco,Ligue 1,2024,21.5,22000000.0,2104,71.3049853372434,87.5366568914956,70.82111436950146,52.9325513196481,0.2080781113519244,1.92490494296578,0.5168906247735505,0.3702349009119796,0.096007415187322,1.0693916349809884,22.0,3.241135697147427
Lewis Miley,Newcastle United,EPL,2023,18.2,22000000.0,1223,53.74610591900311,52.02492211838006,63.08411214953271,44.85981308411215,0.1137783576049769,0.8830744071954211,0.4579789463799212,0.2969507511799586,0.0821923048449459,0.9566639411283728,22.0,2.4430048145001413
Issa Doumbia,Venezia,Serie A,2024,21.7,,922,27.089442815249267,1.7595307917888563,9.530791788856304,77.12609970674487,0.0114395114474014,0.2928416485900217,0.245886982485264,0.126025409583172,0.1527321673808478,1.6594360086767894,,
Arthur Vermeeren,RasenBallsport Leipzig,Bundesliga,2024,20.4,22000000.0,1591,25.0366568914956,26.39296187683284,42.37536656891496,3.225806451612903,0.0534017069591882,0.6788183532369579,0.3407809811238595,0.289919209566452,0.0123263250200498,0.2262727844123193,22.0,1.1380298587043454
Djaoui Cissé,Rennes,Ligue 1,2024,21.4,8000000.0,1146,44.18621700879764,10.410557184750733,86.80351906158357,33.87096774193548,0.0295085443856672,0.4712041884816754,0.6015880918861684,0.5614281466220997,0.0285382817513967,1.1780104712041886,8.0,5.523277126099705
Hugo Larsson,Eintracht Frankfurt,Bundesliga,2023,20.0,28000000.0,1883,26.95482866043613,28.193146417445483,28.66043613707165,23.5202492211838,0.0856715706644448,0.4779607010090281,0.3104455681370331,0.1952391288001377,0.0515815222154129,0.4779607010090281,28.0,0.9626724521584332
Hugo Larsson,Eintracht Frankfurt,Bundesliga,2024,21.0,40000000.0,2419,53.70967741935483,31.67155425219941,81.81818181818181,46.62756598240469,0.0628339924894615,0.7441091360066142,0.5817857933696166,0.4472401513709983,0.1137580164469879,0.781314592806945,40.0,1.3427419354838708
Mikel Jauregizar,Athletic Club,La Liga,2024,21.6,30000000.0,2244,43.3724340175953,40.17595307917888,59.23753665689149,28.59237536656892,0.0640618927368426,0.962566844919786,0.4190482995547553,0.3464538054690163,0.0417558669067799,0.8422459893048128,30.0,1.44574780058651
Mario Martín,Real Valladolid,La Liga,2024,21.3,1500000.0,1740,37.08211143695014,29.032258064516128,25.51319648093841,59.97067448680352,0.07142059077862,0.6206896551724138,0.3114962993864099,0.1915115696089021,0.086521348964166,1.396551724137931,1.5,24.72140762463343
Carlos Baleba,Brighton,EPL,2023,20.5,22000000.0,1303,39.63395638629283,12.77258566978193,54.67289719626168,53.426791277258566,0.0308528592229655,0.5525709900230238,0.3608838862475759,0.3142128713394665,0.053372129966617,1.4504988488104371,22.0,1.8015434721042196
Arthur,Fiorentina,Serie A,2023,21.3,5000000.0,2030,46.82242990654205,60.43613707165109,65.73208722741433,8.878504672897195,0.0846888700757047,1.5073891625615763,0.4235040303961984,0.3677696673740894,0.0112738524256228,0.5320197044334976,5.0,9.364485981308409
Arthur,Girona,La Liga,2024,22.3,7000000.0,943,7.895894428152493,7.331378299120234,2.785923753665689,14.516129032258066,0.0170130992539361,0.4772004241781548,0.1317303864954954,0.1201696933888112,0.0257882870109564,0.5726405090137858,7.0,1.127984918307499
Reda Belahyane,"Lazio,Verona",Serie A,2024,21.1,10000000.0,1849,21.33431085043988,31.3782991202346,26.68621700879765,3.372434017595308,0.0583315908298371,0.7787993510005409,0.2825430176876135,0.2262654482236403,0.0094440575334479,0.2920497566252028,10.0,2.133431085043988
Junior Mwanga,"Le Havre,Strasbourg",Ligue 1,2024,22.1,6000000.0,1249,43.50439882697947,42.52199413489736,34.01759530791789,55.71847507331378,0.1200880858901026,0.6485188150520417,0.3563014928958385,0.2101513530739886,0.0986786335378622,1.1529223378702962,6.0,7.250733137829911
Ngal&#039;ayel Mukau,Lille,Ligue 1,2024,20.7,15000000.0,1224,39.74340175953079,31.67155425219941,56.74486803519062,29.32551319648094,0.0441481340128709,0.8823529411764706,0.3988970977062469,0.3312394545440945,0.0464360666570856,0.8088235294117646,15.0,2.6495601173020527
Coba da Costa,Getafe,La Liga,2024,22.9,3000000.0,1003,52.77126099706744,54.69208211143695,28.59237536656892,78.73900293255132,0.1459069492282385,0.8075772681954139,0.378936183056678,0.1507798105047445,0.1284426698277324,2.0638085742771684,3.0,17.590420332355812
Rabby Nzingoula,Montpellier,Ligue 1,2024,19.6,2500000.0,1712,24.04692082111437,16.129032258064516,12.609970674486805,46.62756598240469,0.0533445556561036,0.4205607476635514,0.2356863678291562,0.152316564165282,0.0823771218479846,0.9988317757009344,2.5,9.618768328445748
Ayyoub Bouaddi,Lille,Ligue 1,2024,17.7,28000000.0,1112,22.368035190615835,23.313782991202345,37.82991202346041,3.2258064516129035,0.0773129634987964,0.4046762589928057,0.3264358650437362,0.2776337540272972,0.0117614379876273,0.2428057553956834,28.0,0.7988583996648513
Amadou Koné,Reims,Ligue 1,2024,20.1,4000000.0,1317,20.300586510263926,12.756598240469208,16.715542521994134,33.28445747800586,0.0282491402857531,0.5466970387243736,0.2348335668580407,0.1820611803535719,0.043571296005864,0.9567198177676536,4.0,5.075146627565982
Idrissa Gueye,Everton,EPL,2022,16.8,,2638,16.30503144654088,8.49056603773585,27.044025157232703,12.89308176100629,0.0319318488978804,0.4094010614101592,0.2443174535720704,0.2042503771319183,0.017175970322271,0.5117513267626991,,
Idrissa Gueye,Everton,EPL,2023,17.8,,1930,42.811526479750775,26.79127725856698,50.93457943925233,52.02492211838006,0.0482493773044854,0.6994818652849741,0.3685891000274086,0.2764190194906348,0.0774816997793208,1.212435233160622,,
Idrissa Gueye,Everton,EPL,2024,18.8,4000000.0,3090,24.479472140762457,25.95307917888563,25.51319648093841,21.55425219941349,0.0703749544556858,0.5533980582524272,0.2723442146699261,0.2201392853234722,0.0303141945358185,0.7864077669902912,4.0,6.119868035190614
Jesús Rodriguez,Real Betis,La Liga,2024,19.6,30000000.0,1143,41.00073313782991,19.72140762463343,25.65982404692082,83.72434017595307,0.0279917166106344,0.7086614173228346,0.3453574620744609,0.1581930884666095,0.1973450456665256,1.811023622047244,30.0,1.3666911045943304
