player_id,season,games,time,goals,xG,assists,xA,shots,key_passes,yellow_cards,red_cards,npg,npxG,xGChain,xGBuildup,player_name,team_title,league,position,pos_clean,is_mid,age,market_value,date_of_birth,season_end,name_norm,goals_p90,xG_p90,npxG_p90,assists_p90,xA_p90,shots_p90,key_passes_p90,xGChain_p90,xGBuildup_p90,xA_p90_pct,key_passes_p90_pct,xGChain_p90_pct,xGBuildup_p90_pct,npxG_p90_pct,shots_p90_pct,creation_score,buildup_score,scoring_score,score
7161,2022,31,2703,12,7.324288273230195,9,11.074682033620777,45,99,2,0,12,6.566511252894998,18.388078302145004,7.284908747300506,Jonas Hofmann,Borussia M.Gladbach,Bundesliga,M S,M,True,31.0,13000000.0,1992-07-14,2023-06-30,jonas hofmann,0.3995560488346282,0.2438719735814715,0.2186407742362374,0.2996670366259711,0.3687463496211135,1.498335183129856,3.2963374028856824,0.6122556593389014,0.2425607795993509,98.74213836477988,99.37106918238993,87.42138364779875,50.314465408805034,92.45283018867924,72.32704402515722,99.0566037735849,68.8679245283019,82.38993710691824,83.49056603773585
16306,2022,28,2127,4,3.140908549539745,3,3.8724323799833655,34,28,7,2,4,3.140908549539745,18.88839770667255,13.882083844393492,Casemiro,Manchester United,EPL,M S,M,True,31.3,40000000.0,1992-02-23,2023-06-30,casemiro,0.1692524682651622,0.132901631151188,0.132901631151188,0.1269393511988716,0.1638546846255303,1.438645980253879,1.1847672778561351,0.7992269833570895,0.5873942388318826,82.0754716981132,61.0062893081761,95.28301886792453,95.9119496855346,73.89937106918238,69.18238993710692,71.54088050314465,95.59748427672956,71.54088050314465,79.96069182389937
16306,2024,24,1519,1,1.939050110988319,0,2.170760851353407,32,22,5,0,1,1.939050110988319,7.131643548607826,5.040456134825945,Casemiro,Manchester United,EPL,M S,M,True,33.3,10000000.0,1992-02-23,2025-06-30,casemiro,0.0592495062541145,0.1148877616780439,0.1148877616780439,0.0,0.1286165086384507,1.8959842001316656,1.30348913759052,0.4225463590353551,0.2986445372839598,62.17008797653959,65.98240469208211,51.31964809384164,54.83870967741935,65.98240469208211,84.75073313782991,64.07624633431085,53.0791788856305,75.36656891495602,63.61436950146627
18934,2022,26,1308,1,1.812545582652092,1,1.539126643911004,11,27,4,1,0,0.2923552831634879,2.0850162971764803,1.880623493343592,Thomas Mangani,Ajaccio,Ligue_1,M S,M,True,36.2,400000.0,1987-04-29,2023-06-30,thomas mangani,0.0688073394495412,0.124716439173309,0.0201161892084968,0.0688073394495412,0.1059032094434177,0.756880733944954,1.8577981651376148,0.1434644241176477,0.1294006990832746,56.60377358490566,87.42138364779875,2.20125786163522,10.062893081761008,13.522012578616351,27.9874213836478,72.0125786163522,6.132075471698114,20.754716981132077,33.577044025157235
20506,2022,26,1378,1,0.2299187686294317,1,1.3099555391818285,8,12,7,0,1,0.2299187686294317,5.419102349318564,4.3238704381510615,Andrés Guardado,Real Betis,La_Liga,M S,M,True,36.8,1500000.0,1986-09-28,2023-06-30,andres guardado,0.0653120464441219,0.0150164652951007,0.0150164652951007,0.0653120464441219,0.0855558770147783,0.5224963715529753,0.7837445573294629,0.3539326643241443,0.2824008268748879,44.339622641509436,34.276729559748425,47.16981132075472,61.0062893081761,10.377358490566039,14.779874213836477,39.30817610062893,54.088050314465406,12.578616352201259,36.46226415094339
27992,2022,33,1756,4,3.426376735791564,3,5.127760328352451,30,42,7,0,3,2.683098709210753,15.952041245996952,11.54232443124056,Luka Modric,Real Madrid,La_Liga,M S,M,True,37.8,10000000.0,1985-09-09,2023-06-30,luka modric,0.20501138952164,0.1756115639073125,0.1375164486497538,0.15375854214123,0.2628123175123693,1.5375854214123008,2.152619589977221,0.8175875353870875,0.5915769924895503,95.28301886792453,94.33962264150944,95.59748427672956,96.54088050314465,75.47169811320755,74.21383647798741,94.81132075471697,96.06918238993711,74.84276729559748,89.26100628930817
27992,2023,32,1673,2,1.234472492709756,6,7.648128478787839,25,55,2,0,2,1.234472492709756,17.069808715954423,14.450822414830329,Luka Modric,Real Madrid,La_Liga,M S,M,True,38.8,6000000.0,1985-09-09,2024-06-30,luka modric,0.1075911536162582,0.0664091597990902,0.0664091597990902,0.3227734608487747,0.4114354830190708,1.3448894202032278,2.958756724447101,0.918280205879198,0.7773903271576388,99.06542056074767,97.81931464174455,97.81931464174455,99.06542056074767,42.99065420560748,62.30529595015576,98.4423676012461,98.4423676012461,52.64797507788162,84.70404984423675
27992,2024,35,1774,2,1.616865310817957,6,7.897417606785893,22,66,7,0,2,1.616865310817957,19.557018108665943,15.646373184397817,Luka Modric,Real Madrid,La_Liga,M S,M,True,39.8,4000000.0,1985-09-09,2025-06-30,luka modric,0.1014656144306651,0.0820281161068862,0.0820281161068862,0.3043968432919954,0.4006581649440419,1.116121758737317,3.3483652762119505,0.9921824294137176,0.7937844343832039,99.70674486803519,99.41348973607037,98.53372434017595,99.41348973607037,49.853372434017594,50.146627565982406,99.56011730205279,98.97360703812316,50.0,84.48680351906157
31909,2022,30,2181,2,1.200868676416576,4,4.9393202075734735,31,54,0,1,2,1.200868676416576,18.488424599170685,16.898543439805508,Toni Kroos,Real Madrid,La_Liga,M S,M,True,33.5,15000000.0,1990-01-04,2023-06-30,toni kroos,0.0825309491059147,0.0495544158081118,0.0495544158081118,0.1650618982118294,0.2038233923345312,1.2792297111416782,2.2283356258596974,0.7629336148213488,0.6973264142973388,89.62264150943396,95.28301886792453,94.0251572327044,99.05660377358491,35.22012578616352,64.46540880503144,92.45283018867924,96.54088050314465,49.84276729559748,81.10062893081759
31909,2023,33,2152,1,1.7282002866268158,8,6.074183616787195,35,62,3,0,1,1.7282002866268158,19.829758189618587,18.521783612668514,Toni Kroos,Real Madrid,La_Liga,M S,M,True,34.5,10000000.0,1990-01-04,2024-06-30,toni kroos,0.0418215613382899,0.0722760342920136,0.0722760342920136,0.3345724907063196,0.2540318427095017,1.4637546468401488,2.592936802973977,0.8293114484505915,0.7746099094517501,91.90031152647975,95.01557632398755,93.76947040498442,98.75389408099689,47.97507788161994,70.7165109034268,93.45794392523365,96.26168224299064,59.345794392523366,84.2056074766355
32467,2022,31,1788,1,3.0687213544733822,3,1.7961411206051707,31,28,3,1,0,1.5821661413647234,8.292131656315178,6.440075376071036,Ivan Rakitic,Sevilla,La_Liga,M S,M,True,35.3,4000000.0,1988-03-10,2023-06-30,ivan rakitic,0.0503355704697986,0.1544658399902709,0.0796392353035934,0.1510067114093959,0.0904097879499247,1.5604026845637586,1.4093959731543624,0.4173891773313009,0.3241648679230387,48.113207547169814,75.15723270440252,57.23270440251572,69.49685534591194,54.088050314465406,75.47169811320755,61.63522012578616,63.36477987421383,64.77987421383648,63.183962264150935
32467,2023,18,1438,2,1.0803361106663942,1,3.3129946729168296,32,49,6,0,2,1.0803361106663942,4.866999372839928,3.6569386990740895,Ivan Rakitic,Sevilla,La_Liga,M S,M,True,36.3,3500000.0,1988-03-10,2024-06-30,ivan rakitic,0.125173852573018,0.0676149165229314,0.0676149165229314,0.062586926286509,0.2073501533814427,2.0027816411682893,3.0667593880389434,0.3046105309844182,0.2288765527932323,85.35825545171339,98.4423676012461,28.66043613707165,37.69470404984423,43.925233644859816,85.98130841121495,91.90031152647975,33.177570093457945,64.95327102803739,63.2632398753894
35207,2023,26,1625,6,7.890434369444847,6,6.095844455994666,42,36,2,0,6,7.890434369444847,14.216983430087566,5.956105806864798,Marco Reus,Borussia Dortmund,Bundesliga,M S,M,True,35.1,5000000.0,1989-05-31,2024-06-30,marco reus,0.3323076923076923,0.4370086727692531,0.4370086727692531,0.3323076923076923,0.3376160006397045,2.3261538461538462,1.9938461538461536,0.7874021592048498,0.3298766293032811,97.50778816199377,89.09657320872275,91.27725856697819,70.09345794392523,99.68847352024922,92.5233644859813,93.30218068535825,80.68535825545172,96.10591900311526,89.72741433021807
39914,2022,27,1964,0,0.0588560681790113,0,0.9199739890173078,4,10,2,0,0,0.0588560681790113,4.112136255018413,3.9219614593312144,Mathieu Coutadeur,Ajaccio,Ligue_1,M S,M,True,37.3,200000.0,1986-03-20,2023-06-30,mathieu coutadeur,0.0,0.0026970703340687,0.0026970703340687,0.0,0.0421576675211597,0.1832993890020366,0.4582484725050916,0.1884380157594995,0.1797232847962369,17.29559748427673,11.0062893081761,7.861635220125786,26.10062893081761,0.9433962264150944,1.257861635220126,14.150943396226415,16.9811320754717,1.10062893081761,11.226415094339623
40633,2023,33,2588,1,1.3331176647916436,3,0.9685387210920452,21,18,6,0,1,1.3331176647916436,5.30420212354511,4.21149130910635,Milan Badelj,Genoa,Serie_A,M S,M,True,35.3,800000.0,1989-02-25,2024-06-30,milan badelj,0.0347758887171561,0.0463603515576692,0.0463603515576692,0.1043276661514683,0.0336817947829536,0.7302936630602782,0.6259659969088099,0.1844583427817078,0.1464583530987525,12.461059190031152,21.49532710280374,3.7383177570093453,11.214953271028037,29.283489096573206,23.67601246105919,16.978193146417446,7.476635514018691,26.479750778816197,16.503115264797508
40633,2024,23,1525,1,0.9570948630571364,0,1.2159679476171732,13,12,2,0,1,0.9570948630571364,6.448246106505394,4.448463158681989,Milan Badelj,Genoa,Serie_A,M S,M,True,36.3,800000.0,1989-02-25,2025-06-30,milan badelj,0.0590163934426229,0.0564842870000932,0.0564842870000932,0.0,0.0717620428101938,0.7672131147540985,0.7081967213114754,0.3805522292363839,0.2625322519877894,34.60410557184751,30.791788856304986,43.988269794721404,43.10850439882698,34.89736070381232,26.97947214076246,32.69794721407625,43.54838709677419,30.93841642228739,35.96774193548387
43848,2022,22,1169,0,0.7964164614677429,0,1.943397445604205,16,19,6,0,0,0.7964164614677429,2.4799762051552534,1.409036107361317,Miguel Veloso,Verona,Serie_A,M S,M,True,37.1,500000.0,1986-05-11,2023-06-30,miguel veloso,0.0,0.061315210891443,0.061315210891443,0.0,0.1496199915349687,1.2318220701454234,1.4627887082976905,0.1909305889341084,0.1084801109174666,75.15723270440252,77.35849056603774,8.176100628930817,5.345911949685535,43.08176100628931,61.94968553459119,76.25786163522014,6.761006289308176,52.51572327044025,44.81132075471698
44466,2022,27,1440,4,0.7823091875761747,1,0.7808642480522394,9,12,6,0,4,0.7823091875761747,7.431947812438011,6.188614975661039,Sebastian Rode,Eintracht Frankfurt,Bundesliga,M S,M,True,32.7,2000000.0,1990-10-11,2023-06-30,sebastian rode,0.25,0.0488943242235109,0.0488943242235109,0.0625,0.0488040155032649,0.5625,0.75,0.4644967382773756,0.3867884359788149,21.38364779874214,30.50314465408805,66.66666666666666,78.30188679245283,33.9622641509434,17.452830188679243,25.943396226415096,72.48427672955975,25.70754716981132,42.161949685534594
46001,2022,30,1927,2,2.6501707173883915,0,0.8468900211155415,17,18,3,0,2,2.6501707173883915,6.085863687098026,3.31780007109046,Moussa Sissoko,Nantes,Ligue_1,M S,M,True,33.9,2500000.0,1989-08-16,2023-06-30,moussa sissoko,0.0934094447327451,0.1237754875791153,0.1237754875791153,0.0,0.0395537633110527,0.7939802802283341,0.8406850025947068,0.284238573865502,0.1549569311874112,15.723270440251572,39.62264150943396,29.559748427672954,17.61006289308176,72.64150943396226,30.81761006289308,27.672955974842765,23.58490566037736,51.72955974842767,33.459119496855344
48298,2022,29,1761,8,5.814497446641326,7,5.840890821069479,50,40,9,0,8,5.814497446641326,14.786454452201724,6.406254107132554,Lars Stindl,Borussia M.Gladbach,Bundesliga,M S,M,True,34.8,1000000.0,1988-08-26,2023-06-30,lars stindl,0.4088586030664395,0.297163412945894,0.297163412945894,0.3577512776831345,0.298512307720757,2.5553662691652472,2.044293015332197,0.7556961389540916,0.3274065131413571,97.16981132075472,92.13836477987421,93.39622641509435,70.75471698113208,97.79874213836479,97.48427672955975,94.65408805031447,82.0754716981132,97.64150943396227,91.14779874213836
49275,2022,31,1731,0,2.713478404097259,2,1.6115819476544857,19,10,4,1,0,2.713478404097259,7.085847626440227,4.310975861735642,Albin Ekdal,Spezia,Serie_A,M S,M,True,33.9,800000.0,1989-07-28,2023-06-30,albin ekdal,0.0,0.1410820660709147,0.1410820660709147,0.1039861351819757,0.0837910891328155,0.9878682842287696,0.5199306759098787,0.3684149545809476,0.2241408593623384,43.08176100628931,14.779874213836477,49.37106918238994,41.509433962264154,76.41509433962264,41.509433962264154,28.930817610062896,45.44025157232704,58.9622641509434,43.7185534591195
51471,2022,27,1700,1,1.3262846283614635,2,1.793226939626038,23,23,8,0,1,1.3262846283614635,8.143409481272101,5.918664623051882,Mateo Kovacic,Chelsea,EPL,M S,M,True,29.1,38000000.0,1994-05-06,2023-06-30,mateo kovacic,0.0529411764705882,0.0702150685603127,0.0702150685603127,0.1058823529411764,0.0949355438625549,1.2176470588235293,1.2176470588235293,0.4311216784202877,0.3133410682792172,50.314465408805034,63.20754716981132,60.691823899371066,67.29559748427673,48.42767295597484,60.691823899371066,56.76100628930818,63.99371069182389,54.55974842767296,58.6320754716981
51471,2023,30,1540,1,1.42939617857337,0,1.6855967957526443,22,21,4,0,1,1.42939617857337,13.513947013765574,12.226292986422775,Mateo Kovacic,Manchester City,EPL,M S,M,True,30.2,30000000.0,1994-05-06,2024-06-30,mateo kovacic,0.0584415584415584,0.0835361403062359,0.0835361403062359,0.0,0.0985089036478818,1.2857142857142856,1.2272727272727273,0.7897761241811049,0.7145236160896427,54.51713395638629,63.862928348909655,91.90031152647975,97.50778816199377,52.95950155763239,58.25545171339564,59.190031152647975,94.70404984423676,55.60747663551402,70.54517133956386
51471,2024,31,2220,6,1.806072806939483,2,3.685476559214294,45,33,5,1,6,1.806072806939483,16.83304774388671,13.353065870702268,Mateo Kovacic,Manchester City,EPL,M S,M,True,31.2,20000000.0,1994-05-06,2025-06-30,mateo kovacic,0.2432432432432432,0.0732191678488979,0.0732191678488979,0.081081081081081,0.1494112118600389,1.8243243243243243,1.337837837837838,0.6824208544818936,0.5413405082717135,71.26099706744868,69.20821114369502,88.26979472140762,92.08211143695014,45.74780058651026,82.69794721407625,70.23460410557186,90.17595307917888,64.22287390029325,75.41055718475073
52769,2022,27,2174,5,3.383236724883318,5,5.042201226577163,41,51,2,0,5,3.383236724883318,9.590186490677295,3.7871379032731056,Willian,Fulham,EPL,M S,M,True,34.9,3000000.0,1988-08-09,2023-06-30,willian,0.2069917203311867,0.1400603979942496,0.1400603979942496,0.2069917203311867,0.2087387812290453,1.6973321067157314,2.111315547378105,0.39701784000044,0.1567812379459887,90.88050314465409,93.71069182389937,53.77358490566038,18.238993710691823,76.10062893081762,81.76100628930818,92.29559748427673,36.0062893081761,78.9308176100629,68.58490566037736
53400,2022,27,1370,4,2.6568605732172728,3,2.620945364236832,16,19,3,1,4,2.6568605732172728,7.653311584144831,3.0037743039429188,Dominick Drexler,Schalke 04,Bundesliga,M S,M,True,33.1,750000.0,1990-05-26,2023-06-30,dominick drexler,0.2627737226277372,0.1745382858317916,0.1745382858317916,0.1970802919708029,0.1721788925411057,1.0510948905109487,1.248175182481752,0.5027722938489304,0.1973282389451552,85.53459119496856,65.40880503144653,74.84276729559748,33.0188679245283,86.79245283018868,47.48427672955975,75.47169811320754,53.93081761006289,67.13836477987422,65.43238993710692
53418,2022,30,1366,2,0.7337436862289906,2,1.1259861383587122,7,12,8,0,2,0.7337436862289906,7.890383210033178,6.538844563066959,Kevin Kampl,RasenBallsport Leipzig,Bundesliga,M S,M,True,32.7,3500000.0,1990-10-09,2023-06-30,kevin kampl,0.1317715959004392,0.0483432882581326,0.0483432882581326,0.1317715959004392,0.0741864952066501,0.4612005856515373,0.7906295754026355,0.5198641939260513,0.4308169917101218,39.308176100628934,35.84905660377358,77.35849056603774,86.47798742138365,33.0188679245283,12.264150943396226,37.57861635220126,81.9182389937107,22.641509433962263,48.61635220125787
53418,2023,26,1348,1,0.1895998921245336,0,1.1563301319256425,6,14,3,0,1,0.1895998921245336,6.404891517013311,5.420626096427441,Kevin Kampl,RasenBallsport Leipzig,Bundesliga,M S,M,True,33.7,3500000.0,1990-10-09,2024-06-30,kevin kampl,0.0667655786350148,0.0126587465068308,0.0126587465068308,0.0,0.0772030503511185,0.400593471810089,0.9347181008902076,0.4276262882278917,0.3619112378920397,39.25233644859813,47.35202492211838,58.56697819314641,74.14330218068535,5.29595015576324,7.476635514018691,43.30218068535825,66.35514018691589,6.386292834890965,40.295950155763244
53418,2024,26,1598,1,0.8466038163751364,0,1.485494876280427,7,15,5,0,1,0.8466038163751364,8.709301918745041,8.061680361628532,Kevin Kampl,RasenBallsport Leipzig,Bundesliga,M S,M,True,34.7,,1990-10-09,2025-06-30,kevin kampl,0.0563204005006257,0.0476810660036059,0.0476810660036059,0.0,0.0836636663737412,0.3942428035043804,0.8448060075093868,0.4905113721445893,0.4540370666749486,42.22873900293255,43.10850439882698,63.34310850439883,86.80351906158357,29.61876832844575,7.331378299120235,42.66862170087977,75.07331378299119,18.475073313782993,46.752199413489734
53536,2022,36,1160,1,1.9336891658604145,0,1.644153157249093,25,15,3,0,1,1.9336891658604145,6.354634867981076,4.71965997479856,Tolgay Arslan,Udinese,Serie_A,M S,M,True,32.9,1400000.0,1990-08-16,2023-06-30,tolgay arslan,0.0775862068965517,0.1500276076960666,0.1500276076960666,0.0,0.1275636070279469,1.9396551724137927,1.1637931034482758,0.4930320156192214,0.3661805152860952,68.55345911949685,59.74842767295597,73.27044025157232,75.78616352201259,80.50314465408806,88.67924528301887,64.15094339622641,74.52830188679246,84.59119496855347,73.91509433962264
53622,2022,31,2369,8,7.842695340514183,4,3.444544769823551,54,37,0,0,8,7.081526502966881,23.573771215975285,15.498776016756892,Ilkay Gündogan,Manchester City,EPL,M S,M,True,32.7,20000000.0,1990-10-24,2023-06-30,ilkay gundogan,0.3039257070493879,0.2979495908173392,0.2690322436753986,0.1519628535246939,0.1308607130789867,2.051498522583368,1.405656395103419,0.8955843855794747,0.5888095574116169,68.86792452830188,74.52830188679245,96.54088050314465,96.22641509433963,96.22641509433963,91.50943396226415,71.69811320754717,96.38364779874215,93.8679245283019,86.98899371069182
53622,2023,36,3014,5,7.261162165552378,9,10.576679192483423,43,97,5,0,4,5.774606849998236,30.591652281582355,20.01150991767645,Ilkay Gündogan,Barcelona,La_Liga,M S,M,True,33.7,15000000.0,1990-10-24,2024-06-30,ilkay gundogan,0.1493032514930325,0.2168230241870318,0.1724335157597349,0.2687458526874585,0.3158265186872953,1.2840079628400798,2.896483078964831,0.9134866308368984,0.5975566995988323,95.95015576323988,97.19626168224299,97.19626168224299,93.14641744548287,83.17757009345794,57.943925233644855,96.57320872274144,95.17133956386293,70.5607476635514,88.27881619937695
53622,2024,33,2231,1,3.426698351278901,6,3.667873060330749,27,42,1,0,1,3.426698351278901,19.306594289839268,14.603720467537642,Ilkay Gündogan,Manchester City,EPL,M S,M,True,34.7,5000000.0,1990-10-24,2025-06-30,ilkay gundogan,0.0403406544150605,0.1382352539735998,0.1382352539735998,0.242043926490363,0.1479643995651131,1.089197669206634,1.6943074854325415,0.7788406481781865,0.5891236405550819,70.67448680351906,80.93841642228739,92.96187683284457,95.60117302052787,72.43401759530792,48.38709677419355,75.80645161290323,94.28152492668622,60.410557184750736,77.65395894428153
55099,2022,32,2828,0,1.586585677228868,1,1.10587608627975,21,5,9,1,0,1.586585677228868,8.141749340109527,7.000836486928165,Nicolas Höfler,Freiburg,Bundesliga,M,M,True,33.3,2500000.0,1990-03-09,2023-06-30,nicolas hofler,0.0,0.0504924720475948,0.0504924720475948,0.0318246110325318,0.0351940762960316,0.6683168316831682,0.1591230551626591,0.2591080058733583,0.2227988980988454,13.20754716981132,0.9433962264150944,22.641509433962266,41.19496855345912,35.53459119496855,21.69811320754717,7.0754716981132075,31.918238993710695,28.61635220125786,22.232704402515722
55508,2024,24,1155,0,0.8447289383038878,1,2.0110023748129606,7,20,1,1,0,0.8447289383038878,6.485551903955638,5.228207517415285,Lewis Holtby,Holstein Kiel,Bundesliga,M S,M,True,34.8,500000.0,1990-09-18,2025-06-30,lewis holtby,0.0,0.0658230341535497,0.0658230341535497,0.0779220779220779,0.1567014837516592,0.5454545454545454,1.5584415584415583,0.5053676808277121,0.4073927935648274,73.90029325513197,76.83284457478005,67.44868035190615,79.17888563049853,41.348973607038126,14.66275659824047,75.36656891495602,73.31378299120234,28.005865102639298,60.43988269794721
55735,2022,31,2003,3,2.82254454959184,2,2.478509237989784,35,19,4,0,3,2.82254454959184,14.569757852703331,10.76952838152647,Henrikh Mkhitaryan,Inter,Serie_A,M S,M,True,34.4,6000000.0,1989-01-21,2023-06-30,henrikh mkhitaryan,0.1347978032950574,0.1268242683291391,0.1268242683291391,0.0898652021967049,0.1113658669091765,1.5726410384423366,0.853719420868697,0.6546571176951071,0.4839029227845144,59.11949685534591,40.56603773584906,90.88050314465409,91.19496855345912,73.27044025157232,76.72955974842768,49.84276729559748,91.0377358490566,75.0,71.80817610062893
55735,2023,36,2847,2,3.4876577770337462,8,5.048100844025612,39,40,4,0,2,3.4876577770337462,26.45776951685548,19.62764586508274,Henrikh Mkhitaryan,Inter,Serie_A,M S,M,True,35.4,6000000.0,1989-01-21,2024-06-30,henrikh mkhitaryan,0.0632244467860906,0.1102526167660826,0.1102526167660826,0.2528977871443625,0.1595816915919582,1.2328767123287672,1.2644889357218123,0.8363889204485399,0.6204735257665777,74.45482866043614,65.73208722741433,94.0809968847352,94.39252336448598,65.10903426791276,54.51713395638629,70.09345794392523,94.23676012461058,59.813084112149525,75.4595015576324
55735,2024,32,2441,1,1.7231267150491476,4,3.286845152266324,23,29,4,0,1,1.7231267150491476,16.204422222450376,12.255357168614864,Henrikh Mkhitaryan,Inter,Serie_A,M S,M,True,36.4,4000000.0,1989-01-21,2025-06-30,henrikh mkhitaryan,0.0368701351904957,0.0635319149342168,0.0635319149342168,0.1474805407619828,0.1211864251142847,0.8480131093814011,1.0692339205243753,0.5974592380256181,0.4518566756146406,59.530791788856305,56.89149560117303,79.76539589442815,86.51026392961877,39.882697947214076,34.01759530791789,58.21114369501467,83.13782991202346,36.950146627565985,60.557184750733136
57280,2022,30,1915,5,4.329681234434247,1,3.3441189378499985,49,34,4,0,5,4.329681234434247,8.122741304337978,3.141593115404248,Giacomo Bonaventura,Fiorentina,Serie_A,M S,M,True,33.9,2500000.0,1989-08-22,2023-06-30,giacomo bonaventura,0.2349869451697128,0.2034837133676669,0.2034837133676669,0.0469973890339425,0.1571648586979111,2.3028720626631856,1.597911227154047,0.381747633102046,0.147646673831009,78.30188679245283,82.38993710691824,51.57232704402516,14.779874213836477,91.19496855345912,94.65408805031447,80.34591194968553,33.17610062893082,92.9245283018868,67.61006289308176
57280,2023,31,2325,8,5.703772021457553,3,3.079216778278351,52,40,6,0,8,4.942473186179996,11.38205629400909,5.078366011381149,Giacomo Bonaventura,Fiorentina,Serie_A,M S,M,True,34.9,3000000.0,1989-08-22,2024-06-30,giacomo bonaventura,0.3096774193548387,0.2207911750241633,0.1913215426908385,0.1161290322580645,0.11919548819142,2.0129032258064514,1.5483870967741935,0.4405957275100293,0.1965819101179799,62.30529595015576,76.94704049844236,61.059190031152646,28.34890965732087,87.53894080996885,86.29283489096574,69.62616822429906,44.704049844236756,86.9158878504673,66.09034267912772
58358,2023,31,1675,5,5.793734209612012,9,10.090841444209218,35,51,0,0,5,5.793734209612012,23.43874228745699,10.763331964612007,Thomas Müller,Bayern Munich,Bundesliga,M S,M,True,34.8,8000000.0,1989-09-13,2024-06-30,thomas muller,0.2686567164179104,0.3113051217104961,0.3113051217104961,0.4835820895522387,0.5421944656590028,1.8805970149253728,2.7402985074626867,1.2593951079827634,0.5783282846657197,99.68847352024922,96.88473520249221,100.0,92.5233644859813,96.26168224299066,83.48909657320873,98.2866043613707,96.26168224299064,89.8753894080997,95.05451713395638
59344,2022,24,1082,1,0.8316995371133089,0,0.3370774667710066,12,10,5,0,1,0.8316995371133089,5.127846831455827,4.199352655559778,Asier Illarramendi,Real Sociedad,La_Liga,M S,M,True,33.3,2000000.0,1990-03-08,2023-06-30,asier illarramendi,0.0831792975970425,0.0691801833088704,0.0691801833088704,0.0,0.0280378669218027,0.99815157116451,0.8317929759704252,0.4265306976257156,0.3492992042517375,9.748427672955975,39.308176100628934,59.74842767295597,74.21383647798741,48.113207547169814,43.08176100628931,24.528301886792455,66.98113207547169,45.59748427672956,45.70754716981131
59561,2022,37,3295,3,4.973938208073378,4,4.121287411078811,30,49,6,0,1,2.000826846808195,21.936499398201704,20.45923517085612,Daniel Parejo,Villarreal,La_Liga,M,M,True,34.2,6000000.0,1989-04-16,2023-06-30,daniel parejo,0.0819423368740516,0.135858706745555,0.0546508091692678,0.1092564491654021,0.1125693071311359,0.8194233687405159,1.338391502276176,0.5991760078416247,0.5588258468519123,59.74842767295597,69.81132075471697,86.47798742138365,94.65408805031447,37.42138364779874,31.761006289308174,64.77987421383648,90.56603773584905,34.59119496855346,64.74842767295597
59561,2023,33,2602,3,2.7543703578412533,5,3.763231922872365,12,35,4,0,0,0.5245375297963619,13.774897009134293,12.096920046955349,Daniel Parejo,Villarreal,La_Liga,M S,M,True,35.2,2500000.0,1989-04-16,2024-06-30,daniel parejo,0.1037663335895465,0.0952703044603046,0.0181431120990286,0.1729438893159108,0.1301655930278681,0.415065334358186,1.2106072252113758,0.4764568527371585,0.4184176803328137,65.42056074766354,62.928348909657316,67.28971962616822,80.99688473520249,9.968847352024921,8.09968847352025,64.17445482866043,74.14330218068535,9.034267912772584,51.12149532710281
59561,2024,36,2279,3,2.6434455886483192,3,1.2766990754753351,14,23,8,0,2,1.156890369951725,12.423127504065633,11.499670285731554,Daniel Parejo,Villarreal,La_Liga,M S,M,True,36.2,1500000.0,1989-04-16,2025-06-30,daniel parejo,0.1184730144800351,0.1043923225003724,0.0456867631837012,0.1184730144800351,0.0504181293518122,0.5528740675734972,0.9082931110136024,0.4906017882254967,0.4541335347590346,20.821114369501466,47.50733137829912,63.63636363636363,87.09677419354838,26.97947214076246,15.835777126099707,34.16422287390029,75.366568914956,21.407624633431084,44.758064516129025
60444,2022,18,1258,0,0.3972757617011666,0,1.4019673261791468,10,17,2,0,0,0.3972757617011666,8.877402268350124,7.261743916198611,Thiago Alcántara,Liverpool,EPL,M S,M,True,32.2,15000000.0,1991-04-11,2023-06-30,thiago alcantara,0.0,0.0284219543347416,0.0284219543347416,0.0,0.1002997292179039,0.7154213036565977,1.2162162162162162,0.6351082703907084,0.5195206299347178,54.088050314465406,62.893081761006286,88.9937106918239,93.08176100628931,18.867924528301888,24.528301886792452,58.490566037735846,91.03773584905662,21.69811320754717,58.84433962264151
60542,2022,25,1478,1,0.7014426738023758,0,0.602795516140759,6,9,3,0,1,0.7014426738023758,4.757131959311664,4.130613234825432,Maxime Gonalons,Clermont Foot,Ligue_1,M S,M,True,34.3,900000.0,1989-03-10,2023-06-30,maxime gonalons,0.060893098782138,0.042713018025855,0.042713018025855,0.0,0.0367060869097891,0.3653585926928281,0.5480378890392422,0.2896765063180309,0.2515258397390317,13.836477987421384,16.352201257861633,31.446540880503143,52.83018867924528,27.358490566037734,7.861635220125786,15.09433962264151,42.13836477987421,17.61006289308176,25.314465408805027
60542,2023,21,1339,1,0.4426813926547766,0,0.2250664476305246,13,7,4,0,1,0.4426813926547766,2.982993684709072,2.592447716742754,Maxime Gonalons,Clermont Foot,Ligue_1,M S,M,True,35.3,700000.0,1989-03-10,2024-06-30,maxime gonalons,0.0672143390589992,0.0297545372210081,0.0297545372210081,0.0,0.0151276925218425,0.8737864077669902,0.4705003734129948,0.2004999489348891,0.1742496598258759,2.1806853582554515,9.034267912772584,6.230529595015576,18.06853582554517,18.06853582554517,32.398753894081,5.607476635514018,12.149532710280372,25.233644859813083,13.78504672897196
61651,2022,35,2084,0,0.8594531016424298,2,3.592609709128737,23,31,2,0,0,0.8594531016424298,13.003664009273052,10.28102646395564,Jordan Henderson,Liverpool,EPL,M S,M,True,33.0,10000000.0,1990-06-17,2023-06-30,jordan henderson,0.0,0.0371164967120051,0.0371164967120051,0.0863723608445297,0.1551510910852142,0.993282149712092,1.338771593090211,0.5615785800549782,0.4439982637984682,77.35849056603774,70.12578616352201,83.01886792452831,88.36477987421384,23.270440251572328,42.138364779874216,73.74213836477988,85.69182389937107,32.704402515723274,65.61320754716981
63494,2022,28,1965,3,2.5871706064790487,0,1.3829733729362488,26,10,4,0,3,2.5871706064790487,9.550727393478155,6.900384275242686,Etienne Capoue,Villarreal,La_Liga,M S,M,True,35.0,3000000.0,1988-07-11,2023-06-30,etienne capoue,0.1374045801526717,0.1184963636555289,0.1184963636555289,0.0,0.0633422918902098,1.1908396946564883,0.4580152671755725,0.4374378958844956,0.3160481347439398,31.446540880503143,10.69182389937107,61.32075471698113,68.23899371069182,70.44025157232704,58.490566037735846,21.069182389937104,64.77987421383648,64.46540880503144,49.38679245283018
63494,2023,32,1407,1,1.383053512312472,1,0.934924954548478,14,9,8,0,1,1.383053512312472,7.873502869158983,6.262989364564419,Etienne Capoue,Villarreal,La_Liga,M S,M,True,36.0,1500000.0,1988-07-11,2024-06-30,etienne capoue,0.0639658848614072,0.0884682417257444,0.0884682417257444,0.0639658848614072,0.0598033019967043,0.8955223880597015,0.5756929637526652,0.5036355779845831,0.4006176565819457,31.464174454828658,16.510903426791277,71.33956386292834,78.50467289719626,55.140186915887845,33.33333333333333,23.98753894080997,74.9221183800623,44.23676012461058,47.88940809968847
65230,2022,30,2359,0,0.354838153347373,4,2.581171413883567,9,25,6,1,0,0.354838153347373,18.166228680871427,16.97447824385017,Sergio Busquets,Barcelona,La_Liga,M S,M,True,35.0,5000000.0,1988-07-16,2023-06-30,sergio busquets,0.0,0.0135376997885814,0.0135376997885814,0.1526070368800339,0.0984762302880546,0.3433658329800763,0.953793980500212,0.6930735825682189,0.6476062068446441,53.77358490566038,45.28301886792453,91.82389937106919,98.42767295597484,8.80503144654088,6.918238993710692,49.528301886792455,95.12578616352201,7.861635220125786,52.9874213836478
66100,2022,33,2955,2,1.9547390500083568,0,0.7906981129199266,24,20,8,1,2,1.9547390500083568,13.820885868743062,12.802528554573655,Oriol Romeu,Girona,La_Liga,M,M,True,31.8,5000000.0,1991-09-24,2023-06-30,oriol romeu,0.0609137055837563,0.0595351994926403,0.0595351994926403,0.0,0.024082176028018,0.7309644670050762,0.6091370558375634,0.4209406863576567,0.3899247275504666,7.232704402515723,21.38364779874214,58.17610062893082,79.87421383647799,40.88050314465409,25.471698113207548,14.30817610062893,69.0251572327044,33.17610062893082,39.11949685534591
66100,2023,28,932,0,0.4870307557284832,1,1.0925833769142628,10,7,4,0,0,0.4870307557284832,6.967861384153366,5.97800425440073,Oriol Romeu,Barcelona,La_Liga,M S,M,True,32.8,2000000.0,1991-09-24,2024-06-30,oriol romeu,0.0,0.0470308669694887,0.0470308669694887,0.0965665236051502,0.1055069784573858,0.965665236051502,0.6759656652360515,0.6728621508302607,0.5772750889442765,57.943925233644855,26.168224299065418,85.66978193146417,92.21183800623052,30.8411214953271,38.31775700934579,42.05607476635514,88.94080996884735,34.57943925233644,56.222741433021795
66100,2024,25,1357,0,0.202604528516531,0,0.550816060975194,5,8,5,0,0,0.202604528516531,7.159846590831876,6.569908503443003,Oriol Romeu,Girona,La_Liga,M S,M,True,33.8,1200000.0,1991-09-24,2025-06-30,oriol romeu,0.0,0.0134372937114869,0.0134372937114869,0.0,0.0365316473749207,0.3316138540899042,0.5305821665438467,0.4748608645356439,0.4357345359689538,14.369501466275661,16.129032258064516,60.997067448680355,84.4574780058651,5.865102639296188,5.278592375366569,15.249266862170089,72.72727272727272,5.571847507331379,32.46334310850439
66106,2022,31,2432,4,4.655821478925645,3,5.269131166860461,39,56,2,2,3,3.912543452344835,12.74706557393074,5.691056125797331,Sergio Canales,Real Betis,La_Liga,M S,M,True,32.4,15000000.0,1991-02-16,2023-06-30,sergio canales,0.1480263157894736,0.1722960251247155,0.1447898481542085,0.1110197368421052,0.1949925185104611,1.4432565789473686,2.0723684210526314,0.4717252885089501,0.2106065178132236,88.9937106918239,93.08176100628931,67.9245283018868,36.79245283018868,78.9308176100629,69.49685534591194,91.03773584905662,52.35849056603774,74.21383647798743,72.45283018867926
68864,2023,27,1222,0,0.070931889116764,2,1.914120340719819,1,22,4,0,0,0.070931889116764,2.846030632033944,1.7782558668404818,Kevin Strootman,Genoa,Serie_A,M S,M,True,34.4,800000.0,1990-02-13,2024-06-30,kevin strootman,0.0,0.0052241162197289,0.0052241162197289,0.1472995090016366,0.1409744931790374,0.0736497545008183,1.620294599018003,0.2096094573511088,0.1309681080324413,68.53582554517133,80.37383177570094,7.476635514018691,7.476635514018691,0.9345794392523363,0.6230529595015576,74.45482866043614,7.476635514018691,0.7788161993769469,28.90965732087227
69633,2023,22,1130,1,0.6886363411322236,2,2.3459482928738,13,27,1,0,1,0.6886363411322236,5.237064341083169,3.57036822848022,Christian Eriksen,Manchester United,EPL,M S,M,True,32.4,8000000.0,1992-02-14,2024-06-30,christian eriksen,0.079646017699115,0.0548471422140709,0.0548471422140709,0.1592920353982301,0.1868454392554353,1.0353982300884956,2.150442477876106,0.4171113192013143,0.2843656111178936,81.61993769470405,90.96573208722741,55.140186915887845,58.56697819314641,37.38317757009346,40.809968847352025,86.29283489096574,56.85358255451713,39.096573208722745,61.83021806853583
69633,2024,23,1043,1,1.3317703362554312,2,3.2394327828660607,15,29,4,0,0,0.5706015210598707,7.565414318814874,6.649325430393219,Christian Eriksen,Manchester United,EPL,M S,M,True,33.4,4000000.0,1992-02-14,2025-06-30,christian eriksen,0.0862895493767977,0.1149178621888675,0.0492369481259715,0.1725790987535954,0.2795291950699381,1.2943432406519657,2.5023969319271333,0.6528161924193084,0.5737672950483123,93.841642228739,97.94721407624634,85.63049853372434,94.72140762463343,31.085043988269796,62.4633431085044,95.89442815249268,90.17595307917888,46.774193548387096,79.15689149560117
72121,2022,31,2616,4,1.2634342797100544,3,1.3593187276273966,19,28,7,0,4,1.2634342797100544,8.045721002854407,6.54304342251271,Johan Gastien,Clermont Foot,Ligue_1,M S,M,True,35.4,700000.0,1988-01-25,2023-06-30,johan gastien,0.1376146788990825,0.0434667756780982,0.0434667756780982,0.1032110091743119,0.0467655525559884,0.6536697247706422,0.963302752293578,0.2768023280798534,0.2251047049029602,19.81132075471698,46.540880503144656,26.41509433962264,42.76729559748428,28.30188679245283,21.069182389937108,33.17610062893082,34.59119496855346,24.68553459119497,31.12421383647799
72121,2023,28,2315,0,0.2187802344560623,0,2.0714834621176124,11,32,7,0,0,0.2187802344560623,7.304157186299562,6.238963967189193,Johan Gastien,Clermont Foot,Ligue_1,M,M,True,36.4,500000.0,1988-01-25,2024-06-30,johan gastien,0.0,0.0085054950760456,0.0085054950760456,0.0,0.0805328343803823,0.427645788336933,1.244060475161987,0.2839629143701773,0.242551514923122,42.99065420560748,64.797507788162,23.98753894080997,43.925233644859816,2.1806853582554515,8.411214953271028,53.89408099688474,33.95638629283489,5.29595015576324,32.33644859813084
73547,2023,27,1413,1,0.9864262714982032,0,0.6933921938762069,15,16,8,0,0,0.2252942509949207,2.788633189164102,2.4070543106645346,Oliver Norwood,Sheffield United,EPL,M S,M,True,33.2,1000000.0,1991-04-12,2024-06-30,oliver norwood,0.0636942675159235,0.0628296988215416,0.0143499522926701,0.0,0.0441651078902042,0.9554140127388534,1.019108280254777,0.1776199483544014,0.1533155611888238,19.314641744548286,53.271028037383175,3.115264797507788,13.395638629283487,6.853582554517133,37.38317757009346,36.29283489096573,8.255451713395638,22.118380062305295,22.227414330218068
74229,2022,33,2581,0,0.9929699571803212,3,1.582923498004675,16,28,4,0,0,0.9929699571803212,16.828235615044832,15.166579578071833,Koke,Atletico Madrid,La_Liga,M S,M,True,31.5,16000000.0,1992-01-08,2023-06-30,koke,0.0,0.034625066310046,0.034625066310046,0.1046106160402944,0.0551968674236422,0.5579232855482371,0.9763657497094148,0.5868040315203544,0.5288617442954145,25.78616352201258,48.113207547169814,85.84905660377359,93.71069182389937,22.0125786163522,16.666666666666664,36.9496855345912,89.77987421383648,19.339622641509433,50.15723270440251
74229,2023,35,2528,0,0.8687992542982101,4,3.3413646891713142,10,26,6,0,0,0.8687992542982101,22.3038531113416,19.22992175258696,Koke,Atletico Madrid,La_Liga,M S,M,True,32.5,12000000.0,1992-01-08,2024-06-30,koke,0.0,0.0309303531989077,0.0309303531989077,0.1424050632911392,0.1189568125100547,0.3560126582278481,0.925632911392405,0.7940454034892184,0.6846095560652004,61.99376947040498,46.728971962616825,92.83489096573209,96.88473520249221,19.626168224299064,4.361370716510903,54.361370716510905,94.85981308411215,11.993769470404985,55.82554517133956
74229,2024,32,1915,1,1.498866917565465,1,1.3334013875573874,11,16,4,0,1,1.498866917565465,11.016456995159388,9.087679360061884,Koke,Atletico Madrid,La_Liga,M S,M,True,33.5,8000000.0,1992-01-08,2025-06-30,koke,0.0469973890339425,0.0704428316349304,0.0704428316349304,0.0469973890339425,0.0626663837494333,0.5169712793733682,0.7519582245430809,0.5177447151772036,0.4270972023005585,28.739002932551323,34.89736070381232,68.91495601173021,82.11143695014663,43.6950146627566,12.903225806451612,31.81818181818182,75.51319648093842,28.299120234604104,46.055718475073306
74683,2022,35,1795,2,0.9273053091019392,2,2.7092387108132243,11,24,5,0,2,0.9273053091019392,9.62061135098338,8.346469797194004,Nemanja Matic,Roma,Serie_A,M S,M,True,34.9,4000000.0,1988-08-01,2023-06-30,nemanja matic,0.1002785515320334,0.0464944166123535,0.0464944166123535,0.1002785515320334,0.1358392668374318,0.5515320334261838,1.2033426183844012,0.4823704855646263,0.4184859508342398,70.12578616352201,61.94968553459119,70.44025157232704,84.59119496855347,31.132075471698112,16.352201257861633,66.0377358490566,77.51572327044025,23.742138364779873,57.366352201257854
74683,2023,28,2294,0,0.7257280210033059,0,1.1526501569896936,11,19,9,0,0,0.7257280210033059,10.500774018466473,9.543940342962742,Nemanja Matic,"Lyon,Rennes",Ligue_1,M S,M,True,35.9,3000000.0,1988-08-01,2024-06-30,nemanja matic,0.0,0.0284723286357007,0.0284723286357007,0.0,0.0452216713727429,0.4315605928509154,0.7454228421970357,0.4119745691638982,0.3744353229584337,21.18380062305296,31.775700934579437,53.58255451713395,75.70093457943925,17.133956386292834,8.722741433021806,26.479750778816197,64.6417445482866,12.92834890965732,35.77102803738317
74683,2024,29,2084,0,0.0667729210108518,1,1.4166410081088543,2,17,1,0,0,0.0667729210108518,11.463382076472044,11.054130282253029,Nemanja Matic,Lyon,Ligue_1,M S,M,True,36.9,2000000.0,1988-08-01,2025-06-30,nemanja matic,0.0,0.0028836674140962,0.0028836674140962,0.0431861804222648,0.0611793141697681,0.0863723608445297,0.7341650671785028,0.495059686603879,0.477385664780601,28.445747800586513,33.137829912023456,65.98240469208211,89.14956011730204,0.2932551319648094,0.2932551319648094,30.791788856304983,77.56598240469208,0.2932551319648094,38.01319648093841
74842,2022,32,2766,3,3.3162593068555,1,4.618421275168657,26,42,6,0,3,3.3162593068555,20.433497086167336,14.922903863247484,Mario Götze,Eintracht Frankfurt,Bundesliga,M,M,True,31.1,12000000.0,1992-06-03,2023-06-30,mario gotze,0.0976138828633405,0.1079043158412852,0.1079043158412852,0.0325379609544468,0.1502740111226244,0.8459869848156182,1.3665943600867678,0.6648643303525164,0.4855608632293107,75.47169811320755,72.0125786163522,91.50943396226415,91.50943396226415,67.29559748427673,32.70440251572327,73.74213836477988,91.50943396226415,50.0,72.8380503144654
74869,2023,17,910,0,0.1641912348568439,0,0.0949985831975936,3,1,4,0,0,0.1641912348568439,4.41907699033618,4.271606404334307,Francis Coquelin,Villarreal,La_Liga,M S,M,True,33.1,1500000.0,1991-05-13,2024-06-30,francis coquelin,0.0,0.0162386935572702,0.0162386935572702,0.0,0.0093954642722894,0.2967032967032967,0.0989010989010989,0.437051570472809,0.4224665674616347,0.9345794392523363,0.3115264797507788,60.43613707165109,81.61993769470405,8.722741433021806,3.115264797507788,0.6230529595015576,71.02803738317758,5.919003115264797,26.853582554517136
75942,2022,34,2574,0,0.6065906286239624,2,1.3521954249590635,11,21,7,1,0,0.6065906286239624,4.380091402679682,3.3188716899603605,Tomás Rincón,Sampdoria,Serie_A,M S,M,True,35.5,800000.0,1988-01-13,2023-06-30,tomas rincon,0.0,0.0212094625392993,0.0212094625392993,0.0699300699300699,0.0472795603132539,0.3846153846153846,0.7342657342657343,0.1531500490447441,0.1160444646839286,20.125786163522015,29.874213836477985,3.1446540880503147,6.60377358490566,13.836477987421384,9.433962264150944,25.0,4.8742138364779874,11.635220125786164,13.946540880503145
79377,2022,22,1266,0,0.3769866013899445,2,0.674909807741642,11,15,1,0,0,0.3769866013899445,3.559324758127332,2.855396682396531,Genki Haraguchi,"Union Berlin,VfB Stuttgart",Bundesliga,M S,M,True,32.1,1000000.0,1991-05-09,2023-06-30,genki haraguchi,0.0,0.0267999953594747,0.0267999953594747,0.1421800947867298,0.0479793702186001,0.7819905213270142,1.066350710900474,0.2530325657436492,0.2029902854784263,20.440251572327046,53.459119496855344,21.38364779874214,33.9622641509434,16.9811320754717,30.18867924528302,36.9496855345912,27.67295597484277,23.58490566037736,29.693396226415096
84301,2022,34,2928,1,1.5989809278398752,1,1.7262095864862204,24,21,12,0,1,1.5989809278398752,15.926808960735798,14.1873773727566,Benjamin André,Lille,Ligue_1,M S,M,True,32.9,9000000.0,1990-08-03,2023-06-30,benjamin andre,0.0307377049180327,0.0491490039295043,0.0491490039295043,0.0307377049180327,0.0530597208960928,0.7377049180327869,0.6454918032786885,0.4895535541209774,0.4360874192445676,23.89937106918239,24.21383647798742,72.32704402515722,87.42138364779875,34.90566037735849,26.41509433962264,24.056603773584904,79.87421383647799,30.660377358490564,45.57389937106918
84301,2023,30,2576,4,3.674980757758021,0,1.4772163350135088,23,20,8,0,4,3.674980757758021,11.224076591432096,8.860409907996655,Benjamin André,Lille,Ligue_1,M S,M,True,33.9,8000000.0,1990-08-03,2024-06-30,benjamin andre,0.139751552795031,0.1283960668471358,0.1283960668471358,0.0,0.0516108191580806,0.8035714285714285,0.6987577639751553,0.3921455330857487,0.3095640107607527,26.168224299065418,28.971962616822427,50.77881619937694,65.10903426791276,70.40498442367601,29.595015576323984,27.570093457943923,57.94392523364485,50.0,44.92990654205607
84301,2024,30,2697,0,1.371054551564157,3,2.627308584749698,16,20,11,0,0,1.371054551564157,13.42137890867889,10.625332277268171,Benjamin André,Lille,Ligue_1,M,M,True,34.9,5000000.0,1990-08-03,2025-06-30,benjamin andre,0.0,0.0457526546684368,0.0457526546684368,0.100111234705228,0.0876743687903125,0.5339265850945495,0.6674082313681869,0.4478769379981832,0.3545717111435429,45.74780058651026,29.03225806451613,55.13196480938416,70.67448680351906,27.27272727272727,14.076246334310852,37.3900293255132,62.90322580645161,20.67448680351906,41.304985337243394
85288,2023,29,2377,8,9.666563872247934,5,8.340999964624643,63,81,10,0,6,8.180008582770824,19.04085874557495,7.847405590116978,Isco,Real Betis,La_Liga,M S,M,True,32.2,8000000.0,1992-04-21,2024-06-30,isco,0.3029028186790071,0.3660036804805696,0.3097184570674692,0.1893142616743794,0.3158140499857879,2.385359697097181,3.0668910391249478,0.7209412230129346,0.2971251590704787,95.6386292834891,98.75389408099689,86.91588785046729,62.616822429906534,95.95015576323988,92.83489096573209,97.19626168224299,74.7663551401869,94.39252336448598,88.50467289719626
85288,2024,22,1565,9,8.83439864218235,8,5.053291022777557,44,61,5,0,4,4.374732851982117,11.564061842858791,5.605048647150397,Isco,Real Betis,La_Liga,M S,M,True,33.2,6000000.0,1992-04-21,2025-06-30,isco,0.5175718849840255,0.5080484842149594,0.2515820809446584,0.4600638977635783,0.2906045955590927,2.5303514376996805,3.5079872204472844,0.6650259206755854,0.3223350659703103,94.72140762463343,100.0,86.51026392961877,62.75659824046921,90.9090909090909,95.89442815249268,97.36070381231671,74.633431085044,93.4017595307918,88.21847507331377
88755,2022,32,2448,7,4.7582743894308805,16,16.31964398175478,65,97,1,0,7,4.7582743894308805,29.12851269170642,16.633560817688704,Kevin De Bruyne,Manchester City,EPL,M S,M,True,32.0,70000000.0,1991-06-28,2023-06-30,kevin de bruyne,0.2573529411764705,0.1749365584349588,0.1749365584349588,0.5882352941176471,0.5999869110939258,2.389705882352941,3.566176470588235,1.0709012019009714,0.6115279712385553,100.0,99.68553459119497,99.05660377358491,97.48427672955975,87.42138364779875,95.9119496855346,99.84276729559748,98.27044025157232,91.66666666666667,96.83962264150944
88755,2023,18,1233,4,2.578734993934632,10,11.979073725640774,44,58,2,0,4,2.578734993934632,15.635810784995556,7.777100384235382,Kevin De Bruyne,Manchester City,EPL,M S,M,True,33.0,50000000.0,1991-06-28,2024-06-30,kevin de bruyne,0.291970802919708,0.1882288316740607,0.1882288316740607,0.7299270072992701,0.8743849434774288,3.2116788321167884,4.233576642335766,1.1413000572989456,0.5676715608930936,100.0,100.0,99.06542056074767,91.27725856697819,85.98130841121495,99.37694704049844,100.0,95.17133956386293,92.67912772585669,96.11370716510903
89731,2022,25,936,1,0.8198017943650484,1,0.6473222970962524,7,11,6,0,1,0.8198017943650484,3.394554014317692,2.8378803161904216,Íñigo Eguaras,Almeria,La_Liga,M S,M,True,31.3,1200000.0,1992-03-07,2023-06-30,inigo eguaras,0.0961538461538461,0.0788270956120238,0.0788270956120238,0.0961538461538461,0.0622425285669473,0.6730769230769231,1.0576923076923077,0.3263994244536242,0.272873107326002,31.132075471698112,53.144654088050316,40.25157232704403,59.43396226415094,52.83018867924528,22.0125786163522,42.138364779874216,49.84276729559748,37.42138364779874,43.41981132075471
93844,2023,29,1600,1,3.068262171931565,2,3.054721027612686,31,26,8,0,1,3.068262171931565,9.704018617980182,4.66505157481879,Leonardo Bittencourt,Werder Bremen,Bundesliga,M S,M,True,30.5,2500000.0,1993-12-19,2024-06-30,leonardo bittencourt,0.05625,0.1725897471711505,0.1725897471711505,0.1125,0.1718280578032136,1.74375,1.4625,0.5458510472613852,0.2624091510835569,78.19314641744548,74.14330218068535,77.25856697819314,52.64797507788161,83.48909657320873,79.43925233644859,76.16822429906541,64.95327102803738,81.46417445482865,73.83177570093457
93844,2024,27,954,2,1.8689279910176992,1,1.6297570504248142,27,14,3,0,2,1.8689279910176992,5.892129752784967,3.599821927025914,Leonardo Bittencourt,Werder Bremen,Bundesliga,M S,M,True,31.5,1500000.0,1993-12-19,2025-06-30,leonardo bittencourt,0.1886792452830188,0.1763139614167641,0.1763139614167641,0.0943396226415094,0.1537506651344164,2.547169811320755,1.3207547169811322,0.5558612974325441,0.339605842172256,72.43401759530792,67.30205278592375,74.7800586510264,66.56891495601172,80.64516129032258,96.18768328445748,69.86803519061584,70.67448680351906,88.41642228739002,75.71480938416421
94307,2022,32,2212,3,2.4797603050246835,0,1.680413001216948,26,33,9,0,3,2.4797603050246835,7.397339068353176,3.782193936407566,Filip Djuricic,Sampdoria,Serie_A,M S,M,True,31.4,1800000.0,1992-01-30,2023-06-30,filip djuricic,0.1220614828209765,0.1008944066239699,0.1008944066239699,0.0,0.0683712342267293,1.057866184448463,1.3426763110307414,0.3009767252042431,0.1538867333981378,34.59119496855346,70.75471698113208,34.276729559748425,16.666666666666664,63.20754716981132,48.42767295597484,52.672955974842765,25.471698113207545,55.81761006289308,44.09591194968553
95641,2022,25,1004,1,1.1449092347174885,1,0.7720240876078606,11,7,5,0,1,1.1449092347174885,3.8700461611151695,2.861416894942522,Darko Brasanac,Osasuna,La_Liga,M S,M,True,31.4,2000000.0,1992-02-12,2023-06-30,darko brasanac,0.0896414342629482,0.10263130590097,0.10263130590097,0.0896414342629482,0.0692053464987126,0.9860557768924304,0.6274900398406374,0.3469164885461805,0.2565015144868794,34.90566037735849,22.32704402515723,44.65408805031446,54.40251572327044,63.83647798742138,41.19496855345912,28.61635220125786,49.52830188679245,52.51572327044025,43.105345911949684
95641,2024,30,1606,1,2.05446045473218,2,0.3227075841277838,12,9,4,0,1,2.05446045473218,3.912908762693405,1.896696176379919,Darko Brasanac,Leganes,La_Liga,M S,M,True,33.4,500000.0,1992-02-12,2025-06-30,darko brasanac,0.0560398505603985,0.1151316568654397,0.1151316568654397,0.112079701120797,0.0180844847892282,0.6724782067247821,0.5043586550435866,0.2192788223178122,0.1062905702828099,3.519061583577713,13.78299120234604,8.211143695014663,3.519061583577713,66.56891495601172,21.700879765395893,8.651026392961876,5.865102639296188,44.13489736070381,18.321114369501466
99343,2023,23,1010,0,0.7731333766132593,3,1.467544499784708,14,12,4,0,0,0.7731333766132593,4.63287403061986,3.9313354566693306,Ander Herrera,Athletic Club,La_Liga,M S,M,True,34.9,2000000.0,1989-08-14,2024-06-30,ander herrera,0.0,0.0688930731635577,0.0688930731635577,0.2673267326732673,0.1307712920600235,1.2475247524752475,1.0693069306930694,0.4128303591641459,0.3503170208913265,65.73208722741433,56.38629283489096,54.20560747663551,73.20872274143302,44.85981308411215,56.074766355140184,61.05919003115264,63.707165109034264,50.467289719626166,58.80841121495327
100131,2022,33,2478,3,3.331784239038825,0,1.4937704876065254,26,22,6,1,3,3.331784239038825,11.703816525638103,7.958751594647765,William Carvalho,Real Betis,La_Liga,M S,M,True,31.2,14000000.0,1992-04-07,2023-06-30,william carvalho,0.1089588377723971,0.1210091127980202,0.1210091127980202,0.0,0.0542531654094379,0.9443099273607748,0.7990314769975787,0.4250780820449674,0.2890587746240108,24.842767295597483,36.94968553459119,59.11949685534591,62.893081761006286,71.38364779874213,38.05031446540881,30.896226415094336,61.00628930817609,54.716981132075475,48.58097484276729
102017,2022,32,2138,2,1.7956794500350952,1,0.5555977635085583,11,12,4,0,0,0.273341417312622,11.183870004490018,10.591356659308076,Jorginho,"Arsenal,Chelsea",EPL,M S,M,True,31.5,25000000.0,1991-12-20,2023-06-30,jorginho,0.0841908325537885,0.0755898739490919,0.0115064207474911,0.0420954162768942,0.0233881191374042,0.4630495790458372,0.5051449953227315,0.4707896634256789,0.44584756751063,6.60377358490566,14.465408805031446,67.61006289308176,88.67924528301887,6.289308176100629,12.578616352201259,10.534591194968552,78.14465408805032,9.433962264150944,33.867924528301884
102017,2023,24,911,0,0.0800427403301,2,1.5529427882283926,4,10,1,0,0,0.0800427403301,6.152929972857237,5.498104698956013,Jorginho,Arsenal,EPL,M S,M,True,32.5,12000000.0,1991-12-20,2024-06-30,jorginho,0.0,0.0079076252795927,0.0079076252795927,0.1975850713501646,0.1534191558074153,0.3951701427003293,0.9879253567508234,0.607863553849782,0.5431717046169497,72.58566978193146,51.71339563862928,81.30841121495327,90.34267912772586,1.8691588785046727,6.853582554517133,62.14953271028037,85.82554517133957,4.361370716510903,53.09968847352025
102558,2022,29,2231,0,0.9661631491035224,0,2.947818536311388,8,32,10,1,0,0.9661631491035224,23.935828402638435,22.03197993338108,Marco Verratti,Paris Saint Germain,Ligue_1,M S,M,True,30.6,40000000.0,1992-11-05,2023-06-30,marco verratti,0.0,0.0389756537065517,0.0389756537065517,0.0,0.1189169288516472,0.3227252353204841,1.2909009412819363,0.965586981729027,0.888784488572074,63.20754716981132,67.9245283018868,98.11320754716981,100.0,25.471698113207548,5.9748427672955975,65.56603773584905,99.0566037735849,15.723270440251573,62.33490566037735
106270,2022,32,2421,6,5.869831685908139,10,10.14009902253747,54,70,4,1,3,3.596501019783318,15.10276055894792,7.218805201351643,Florian Kainz,FC Cologne,Bundesliga,M S,M,True,30.7,5000000.0,1992-10-24,2023-06-30,florian kainz,0.2230483271375464,0.2182093563534624,0.1336989226685248,0.3717472118959107,0.3769553539976755,2.007434944237918,2.6022304832713754,0.5614409129720417,0.2683570706822172,99.05660377358491,97.79874213836479,82.70440251572327,57.54716981132076,74.52830188679245,89.937106918239,98.42767295597486,70.12578616352201,82.23270440251572,83.66352201257861
106872,2022,32,2628,5,4.000088684260845,3,5.305860780179501,47,66,3,0,2,1.7267590463161469,10.61543259397149,6.861154751852155,Kevin Stöger,Bochum,Bundesliga,M S,M,True,29.8,3000000.0,1993-08-27,2023-06-30,kevin stoger,0.1712328767123287,0.1369893385020837,0.0591355837779502,0.1027397260273972,0.1817075609650514,1.6095890410958904,2.2602739726027394,0.3635422121223113,0.2349710531456217,86.47798742138365,95.9119496855346,48.42767295597484,47.16981132075472,40.25157232704403,77.9874213836478,91.19496855345912,47.79874213836478,59.119496855345915,66.38364779874213
106872,2023,32,2714,7,6.653226168826222,9,10.590811729431152,75,126,8,0,3,3.62211948633194,13.064226008951664,7.3393242647871375,Kevin Stöger,Bochum,Bundesliga,M,M,True,30.8,5000000.0,1993-08-27,2024-06-30,kevin stoger,0.2321296978629329,0.2206301971976271,0.1201145002836678,0.2984524686809137,0.3512059895537228,2.4871039056742816,4.178334561532793,0.4332278337530028,0.2433821605861615,98.4423676012461,99.68847352024922,59.50155763239875,44.23676012461059,68.53582554517133,93.76947040498442,99.06542056074767,51.86915887850467,81.15264797507788,77.17289719626167
106872,2024,31,1531,3,4.505672687664628,3,5.05398212838918,26,52,3,0,1,2.990119319409132,11.945396466180682,6.950540175661445,Kevin Stöger,Borussia M.Gladbach,Bundesliga,M S,M,True,31.8,3500000.0,1993-08-27,2025-06-30,kevin stoger,0.1763553233180927,0.2648664545328651,0.1757744864446909,0.1763553233180927,0.2970988840986454,1.5284128020901373,3.0568256041802746,0.7022114186520323,0.4085882533047224,95.60117302052787,99.12023460410558,89.73607038123167,79.76539589442815,80.35190615835776,71.8475073313783,97.36070381231673,84.75073313782991,76.09970674486803,86.56891495601172
106987,2023,25,1971,4,3.610703623853624,3,3.098209276795388,47,22,3,1,3,2.852926946245134,15.105567989870906,10.236786777153611,Marcel Sabitzer,Borussia Dortmund,Bundesliga,M S,M,True,30.3,20000000.0,1994-03-17,2024-06-30,marcel sabitzer,0.182648401826484,0.1648723115914896,0.1302706368148463,0.136986301369863,0.1414707432326661,2.146118721461187,1.004566210045662,0.689751963007804,0.4674331861713977,69.1588785046729,52.64797507788161,86.6043613707165,85.35825545171339,71.65109034267913,89.09657320872275,60.903426791277255,85.98130841121494,80.37383177570094,75.52180685358255
106987,2024,26,1615,1,2.2293640561401844,0,1.5033905114978552,21,11,3,0,1,2.2293640561401844,11.464248105883598,8.460188139230013,Marcel Sabitzer,Borussia Dortmund,Bundesliga,M S,M,True,31.3,8000000.0,1994-03-17,2025-06-30,marcel sabitzer,0.0557275541795665,0.1242370062245303,0.1242370062245303,0.0,0.083780276182543,1.1702786377708978,0.6130030959752323,0.6388745074486215,0.4714655928982669,42.81524926686217,22.58064516129032,84.1642228739003,88.85630498533725,68.62170087976538,53.95894428152492,32.697947214076244,86.51026392961877,61.29032258064515,60.109970674486796
111051,2023,16,1066,0,0.160887960344553,1,1.630225621163845,7,8,2,0,0,0.160887960344553,6.371999038383365,5.253630412742496,Nampalys Mendy,Lens,Ligue_1,M S,M,True,32.0,3000000.0,1992-06-23,2024-06-30,nampalys mendy,0.0,0.0135834112861254,0.0135834112861254,0.0844277673545966,0.1376363094791238,0.5909943714821764,0.6754221388367729,0.5379736523963441,0.4435522862540569,67.601246105919,25.85669781931464,76.01246105919003,82.86604361370716,5.919003115264798,16.1993769470405,46.728971962616825,79.43925233644859,11.059190031152648,47.476635514018696
111266,2022,31,2734,2,2.477033652365208,2,2.012193087488413,27,14,6,1,2,2.477033652365208,5.3180101076141,3.194928647018969,Anthony Losilla,Bochum,Bundesliga,M,M,True,37.3,500000.0,1986-03-10,2023-06-30,anthony losilla,0.0658376005852231,0.0815409761202884,0.0815409761202884,0.0658376005852231,0.0662389823972045,0.888807607900512,0.4608632040965618,0.1750625126866382,0.105173218080361,33.64779874213836,11.320754716981133,5.9748427672955975,4.716981132075472,54.71698113207547,33.64779874213836,22.48427672955975,5.345911949685535,44.18238993710692,22.995283018867923
111266,2023,31,2622,1,2.157300296239555,2,1.6021368727087977,27,19,10,0,1,2.157300296239555,6.348509636707604,3.719168961048126,Anthony Losilla,Bochum,Bundesliga,M,M,True,38.3,500000.0,1986-03-10,2024-06-30,anthony losilla,0.034324942791762,0.0740492092530739,0.0740492092530739,0.068649885583524,0.0549932565003019,0.9267734553775744,0.6521739130434783,0.2179122300929383,0.1276602618208739,30.218068535825545,24.299065420560748,9.034267912772584,6.230529595015576,48.598130841121495,35.202492211838006,27.258566978193144,7.63239875389408,41.900311526479754,24.781931464174455
111266,2024,20,1146,0,0.1023350022733211,0,0.4794825538992882,5,7,1,0,0,0.1023350022733211,3.181420609354973,2.7296648547053337,Anthony Losilla,Bochum,Bundesliga,M S,M,True,39.3,500000.0,1986-03-10,2025-06-30,anthony losilla,0.0,0.0080367802832451,0.0080367802832451,0.0,0.0376556979502058,0.3926701570680628,0.5497382198952879,0.2498497860749979,0.2143715854480628,15.542521994134898,17.595307917888565,13.78299120234604,32.25806451612903,1.7595307917888565,7.038123167155426,16.56891495601173,23.020527859237536,4.398826979472141,15.175953079178885
111455,2022,37,3039,7,5.785433189943433,7,4.802904064767063,40,46,4,0,7,5.785433189943433,21.03214856982231,14.246417433023453,Granit Xhaka,Arsenal,EPL,M S,M,True,30.8,20000000.0,1992-09-27,2023-06-30,granit xhaka,0.2073050345508391,0.1713356324761135,0.1713356324761135,0.2073050345508391,0.1422380275844144,1.1846001974333662,1.3622902270483712,0.622867183706485,0.4219077225969433,73.27044025157232,71.69811320754717,88.0503144654088,85.22012578616352,85.84905660377359,57.861635220125784,72.48427672955975,86.63522012578616,71.85534591194968,77.24842767295597
111455,2023,33,2842,3,1.4065664550289512,0,2.9251911845058203,45,41,5,0,3,1.4065664550289512,27.56088880449533,24.80232505127788,Granit Xhaka,Bayer Leverkusen,Bundesliga,M S,M,True,31.8,20000000.0,1992-09-27,2024-06-30,granit xhaka,0.0950035186488388,0.0445429208137247,0.0445429208137247,0.0,0.0926344850828725,1.4250527797325827,1.298381421534131,0.8727938045054819,0.7854360501812135,51.4018691588785,67.91277258566979,96.26168224299066,99.68847352024922,28.037383177570092,68.53582554517133,59.65732087227414,97.97507788161994,48.28660436137071,69.65732087227414
111455,2024,33,2905,2,0.8061828929930925,7,4.030918525531888,21,50,3,0,2,0.8061828929930925,19.094832016155124,16.296785784885287,Granit Xhaka,Bayer Leverkusen,Bundesliga,M,M,True,32.8,12000000.0,1992-09-27,2025-06-30,granit xhaka,0.0619621342512908,0.024976406323366,0.024976406323366,0.2168674698795181,0.1248821574175111,0.6506024096385542,1.5490533562822717,0.5915782724454255,0.5048918143337955,60.997067448680355,76.53958944281524,79.17888563049853,90.6158357771261,11.143695014662756,20.234604105571847,68.7683284457478,84.89736070381231,15.6891495601173,58.48973607038123
113707,2022,32,2541,7,9.227190824225543,10,12.130325701087711,42,101,2,0,7,9.227190824225543,24.437430448830128,9.880712203681467,Rémy Cabella,Lille,Ligue_1,M S,M,True,33.3,5000000.0,1990-03-08,2023-06-30,remy cabella,0.2479338842975206,0.3268190374578114,0.3268190374578114,0.3541912632821724,0.4296455384092459,1.487603305785124,3.577331759149941,0.8655524362041368,0.3499661937549516,99.37106918238993,100.0,96.22641509433963,74.52830188679245,98.42767295597484,71.69811320754717,99.68553459119497,85.37735849056604,85.062893081761,90.29088050314465
117674,2022,32,2793,5,4.634974149055779,3,5.049588920548558,35,44,5,0,2,0.8460893603041768,10.55605716817081,8.64874707069248,Maximilian Arnold,Wolfsburg,Bundesliga,M,M,True,29.1,14000000.0,1994-05-27,2023-06-30,maximilian arnold,0.1611170784103115,0.1493546986806373,0.0272638891612516,0.0966702470461868,0.1627150028103724,1.1278195488721805,1.4178302900107411,0.3401522180935814,0.2786921719879424,81.13207547169812,75.78616352201259,43.39622641509434,60.37735849056604,17.61006289308176,53.459119496855344,78.45911949685535,51.88679245283019,35.534591194968556,56.2814465408805
117674,2023,30,2498,2,0.9359495984390378,1,4.071343323215842,32,48,9,0,2,0.9359495984390378,8.472179770469666,7.077213104814291,Maximilian Arnold,Wolfsburg,Bundesliga,M S,M,True,30.1,7000000.0,1994-05-27,2024-06-30,maximilian arnold,0.0720576461168935,0.0337211624737843,0.0337211624737843,0.0360288230584467,0.1466857082023322,1.1529223378702962,1.7293835068054442,0.3052426658696036,0.2549836587002747,70.40498442367601,83.48909657320873,28.971962616822427,49.84423676012461,21.49532710280374,48.28660436137071,76.94704049844236,39.40809968847352,34.890965732087224,51.19158878504672
117674,2024,28,2356,3,1.1958508677780628,5,4.061138896271586,27,45,7,1,3,1.1958508677780628,9.191960662603378,8.58002938516438,Maximilian Arnold,Wolfsburg,Bundesliga,M S,M,True,31.1,5000000.0,1994-05-27,2025-06-30,maximilian arnold,0.1146010186757215,0.0456819092105372,0.0456819092105372,0.1910016977928692,0.1551368848321064,1.031409168081494,1.7190152801358234,0.3511360185205025,0.327760035935821,73.60703812316716,82.11143695014663,36.950146627565985,64.22287390029325,26.68621700879765,44.868035190615835,77.85923753665689,50.58651026392962,35.77712609970674,55.6891495601173
118278,2022,34,2395,4,1.1616068901494143,2,2.342132257297635,26,21,3,0,4,1.1616068901494143,5.373875334858894,3.4164938032627106,Xavier Chavalerin,Troyes,Ligue_1,M S,M,True,32.3,1500000.0,1991-03-07,2023-06-30,xavier chavalerin,0.1503131524008351,0.0436511983772222,0.0436511983772222,0.0751565762004175,0.0880133207335228,0.977035490605428,0.789144050104384,0.2019410355479334,0.1283859884315841,45.911949685534594,35.53459119496855,9.748427672955975,9.433962264150944,28.61635220125786,40.56603773584906,40.72327044025157,9.59119496855346,34.59119496855346,27.9874213836478
118284,2022,34,2786,1,0.6096926834434271,2,3.328971842303872,14,31,5,1,1,0.6096926834434271,12.20363947749138,9.205636084079742,Jordan Ferri,Montpellier,Ligue_1,M S,M,True,31.3,5000000.0,1992-03-12,2023-06-30,jordan ferri,0.0323043790380473,0.0196957435426807,0.0196957435426807,0.0646087580760947,0.1075403682007711,0.4522613065326633,1.0014357501794688,0.39423099532456,0.2973823573464382,57.54716981132076,50.943396226415096,53.144654088050316,64.46540880503144,13.20754716981132,11.949685534591195,54.24528301886792,58.80503144654088,12.578616352201259,43.34119496855346
118284,2023,30,2045,1,0.8777746018022299,1,1.811488753184676,9,27,5,0,1,0.8777746018022299,7.435606284067035,5.903371775522828,Jordan Ferri,Montpellier,Ligue_1,M S,M,True,32.3,4500000.0,1992-03-12,2024-06-30,jordan ferri,0.0440097799511002,0.0386306670719807,0.0386306670719807,0.0440097799511002,0.0797232214115505,0.3960880195599022,1.1882640586797066,0.3272393963648083,0.2598060928102956,42.36760124610592,61.37071651090342,34.890965732087224,52.024922118380054,25.85669781931464,7.165109034267912,51.86915887850467,43.457943925233636,16.510903426791277,38.31775700934579
118284,2024,25,1804,0,0.3772363653406501,2,1.1186382779851556,13,13,6,1,0,0.3772363653406501,4.9344646986573935,4.248800406232476,Jordan Ferri,Montpellier,Ligue_1,M S,M,True,33.3,2000000.0,1992-03-12,2025-06-30,jordan ferri,0.0,0.0188199960535801,0.0188199960535801,0.0997782705099778,0.0558078963518093,0.6485587583148559,0.6485587583148559,0.2461761767622868,0.2119689781379838,24.633431085043988,26.24633431085044,13.196480938416421,31.085043988269796,7.9178885630498534,19.64809384164223,25.439882697947212,22.14076246334311,13.782991202346041,20.788123167155426
119277,2022,29,1884,6,5.957216642796993,4,1.8561384845525024,26,21,3,0,6,5.957216642796993,11.160714483819902,4.984407410956919,Yannick Gerhardt,Wolfsburg,Bundesliga,M S,M,True,29.3,6000000.0,1994-03-13,2023-06-30,yannick gerhardt,0.286624203821656,0.2845804128724678,0.2845804128724678,0.1910828025477706,0.088669035886266,1.2420382165605095,1.003184713375796,0.5331551505009507,0.2381086342813815,47.16981132075472,51.57232704402516,79.87421383647799,49.685534591194966,96.85534591194968,62.57861635220125,49.37106918238994,64.77987421383648,79.71698113207546,63.867924528301884
120095,2024,25,1208,0,0.1375535074621439,3,0.8891085628420115,5,13,4,0,0,0.1375535074621439,2.551904497668147,2.465941285714507,José Campaña,Las Palmas,La_Liga,M S,M,True,32.1,900000.0,1993-05-31,2025-06-30,jose campana,0.0,0.0102481917811199,0.0102481917811199,0.2235099337748344,0.0662415319998187,0.3725165562913907,0.968543046357616,0.1901253350911699,0.1837207911542265,30.791788856304986,51.31964809384164,3.225806451612903,22.58064516129032,3.225806451612903,6.451612903225806,41.05571847507331,12.903225806451612,4.838709677419354,20.33724340175953
123275,2022,33,929,2,1.549193875864148,0,1.6246961504220965,21,12,2,0,2,1.549193875864148,5.840297954156995,3.505937293171882,Tom Cairney,Fulham,EPL,M S,M,True,32.4,2000000.0,1991-01-20,2023-06-30,tom cairney,0.193756727664155,0.1500833679523932,0.1500833679523932,0.0,0.1573979047771675,2.034445640473628,1.16254036598493,0.5657985100905593,0.3396494686603545,78.61635220125787,59.43396226415094,83.9622641509434,72.95597484276729,80.81761006289308,91.19496855345912,69.0251572327044,78.45911949685535,86.0062893081761,77.42138364779873
123275,2023,34,1427,1,1.009905599988997,4,3.1143901832401752,17,25,3,0,1,1.009905599988997,9.088703569956124,7.377049610950053,Tom Cairney,Fulham,EPL,M S,M,True,33.4,2000000.0,1991-01-20,2024-06-30,tom cairney,0.0630693763139453,0.0636941163272668,0.0636941163272668,0.2522775052557813,0.1964226464552317,1.0721793973370708,1.5767344078486334,0.5732188656594612,0.4652659179996529,84.42367601246106,77.57009345794393,79.12772585669782,85.04672897196261,41.74454828660436,42.36760124610592,80.99688473520249,82.08722741433021,42.05607476635514,69.69626168224298
123551,2024,33,2767,1,0.2957767499610781,1,1.4169819168746471,13,24,9,0,1,0.2957767499610781,9.255466464906933,8.384842346422374,Sam Morsy,Ipswich,EPL,M S,M,True,33.8,500000.0,1991-09-10,2025-06-30,sam morsy,0.0325262016624503,0.0096204942162981,0.0096204942162981,0.0325262016624503,0.0460890395803101,0.422840621611854,0.7806288398988074,0.3010451687176089,0.2727270730675871,18.475073313782993,36.950146627565985,24.926686217008797,45.45454545454545,2.932551319648094,9.090909090909092,27.71260997067449,35.19061583577712,6.011730205278592,23.819648093841643
124410,2022,33,2895,2,1.660578920505941,0,0.4030138533562422,24,8,8,0,2,1.660578920505941,7.075296450406313,5.897386433556676,Rani Khedira,Union Berlin,Bundesliga,M,M,True,29.4,10000000.0,1994-01-27,2023-06-30,rani khedira,0.0621761658031088,0.0516242151452624,0.0516242151452624,0.0,0.0125289280836137,0.7461139896373057,0.2487046632124352,0.219957402603305,0.1833384383489122,2.20125786163522,2.515723270440252,11.635220125786164,27.044025157232703,35.84905660377358,26.729559748427672,2.358490566037736,19.339622641509433,31.289308176100626,16.981132075471695
124410,2023,20,1377,0,0.225515853613615,0,0.1485211551189422,3,5,5,1,0,0.225515853613615,2.2159358859062195,2.081237137317657,Rani Khedira,Union Berlin,Bundesliga,M S,M,True,30.4,5000000.0,1994-01-27,2024-06-30,rani khedira,0.0,0.0147395982753996,0.0147395982753996,0.0,0.0097072650404537,0.196078431372549,0.326797385620915,0.1448324108435437,0.1360285710665135,1.2461059190031152,3.7383177570093453,1.8691588785046727,8.411214953271028,7.165109034267912,1.2461059190031152,2.4922118380062304,5.14018691588785,4.205607476635514,3.9330218068535814
124410,2024,32,2737,1,1.349864898249507,1,1.164187591522932,14,12,7,0,1,1.349864898249507,5.2213902566581964,3.95057432539761,Rani Khedira,Union Berlin,Bundesliga,M S,M,True,31.4,2500000.0,1994-01-27,2025-06-30,rani khedira,0.0328827183047131,0.0443872271985588,0.0443872271985588,0.0328827183047131,0.038281652625891,0.4603580562659847,0.3945926196565583,0.1716935049686656,0.1299056226838819,15.835777126099707,7.9178885630498534,1.466275659824047,7.331378299120235,26.099706744868033,10.263929618768328,11.87683284457478,4.398826979472141,18.18181818181818,11.151026392961876
125783,2022,29,1621,1,0.7870734063908458,1,0.9086707830429076,28,12,3,1,1,0.7870734063908458,6.597656741738319,5.684974016621709,Sanjin Prcic,Strasbourg,Ligue_1,M S,M,True,29.6,3000000.0,1993-11-20,2023-06-30,sanjin prcic,0.0555212831585441,0.043699325462786,0.043699325462786,0.0555212831585441,0.0504505678432212,1.554595928439235,0.6662553979025293,0.3663103681409307,0.3156370521258197,22.32704402515723,25.78616352201258,48.742138364779876,67.9245283018868,28.930817610062892,74.84276729559748,24.056603773584904,58.333333333333336,51.886792452830186,44.40251572327044
125858,2022,25,1549,4,2.4878762275911868,3,2.874298401176929,31,32,5,0,4,2.4878762275911868,9.032792079262435,5.607281791046262,Kerem Demirbay,Bayer Leverkusen,Bundesliga,M S,M,True,30.0,6000000.0,1993-07-03,2023-06-30,kerem demirbay,0.2324080051646223,0.1445505877877384,0.1445505877877384,0.1743060038734667,0.1670024894163483,1.801162040025823,1.8592640413169783,0.524823297052046,0.3257942938632431,83.33333333333334,87.73584905660378,77.9874213836478,70.12578616352201,78.30188679245283,84.90566037735849,85.53459119496856,74.0566037735849,81.60377358490567,80.33805031446539
126414,2022,33,2390,3,2.911560695618391,6,4.5331272557377815,56,70,3,0,2,2.150262078270316,13.082031950354576,10.034150578081608,Hakan Calhanoglu,Inter,Serie_A,M S,M,True,29.4,40000000.0,1994-02-08,2023-06-30,hakan calhanoglu,0.1129707112970711,0.1096403609228682,0.0809722121524386,0.2259414225941422,0.1707035368269457,2.1087866108786613,2.6359832635983262,0.4926288182141891,0.3778550426892655,84.90566037735849,98.11320754716981,72.95597484276729,77.35849056603774,54.40251572327044,93.08176100628931,91.50943396226415,75.15723270440252,73.74213836477988,80.45597484276729
126414,2023,32,2618,13,9.97734544146806,3,4.402719554491341,62,51,5,0,3,2.3643571361899376,21.514875929802656,18.073472432792187,Hakan Calhanoglu,Inter,Serie_A,M,M,True,30.4,45000000.0,1994-02-08,2024-06-30,hakan calhanoglu,0.4469060351413292,0.3429950686524543,0.0812804210302117,0.1031321619556913,0.1513539953797634,2.131398013750955,1.7532467532467533,0.7396252229496711,0.6213187620134824,72.27414330218068,83.8006230529595,88.1619937694704,94.70404984423676,51.09034267912772,88.1619937694704,78.03738317757009,91.43302180685359,69.62616822429906,80.202492211838
126414,2024,29,1999,5,4.414205387234688,6,7.045005705207586,46,49,5,0,2,1.3690101206302645,13.450780309736729,11.181228714063764,Hakan Calhanoglu,Inter,Serie_A,M S,M,True,31.4,30000000.0,1994-02-08,2025-06-30,hakan calhanoglu,0.225112556278139,0.1987386117314266,0.0616362735651444,0.2701350675337668,0.3171838486586707,2.0710355177588795,2.206103051525763,0.6055879078920988,0.5034069956306847,97.94721407624634,94.72140762463343,80.93841642228739,90.32258064516128,38.41642228739003,88.26979472140762,96.33431085043989,85.63049853372434,63.34310850439883,82.69061583577712
126737,2022,22,926,4,4.853912426158786,0,1.2066011186689138,19,4,3,0,4,4.853912426158786,7.613409383222461,2.110602483153343,Juanmi,Real Betis,La_Liga,M S,M,True,30.1,12000000.0,1993-05-20,2023-06-30,juanmi,0.3887688984881209,0.4717625468188885,0.4717625468188885,0.0,0.117272246954862,1.8466522678185744,0.3887688984881209,0.7399641949136301,0.2051341506304545,61.94968553459119,5.660377358490567,93.08176100628931,35.53459119496855,100.0,86.47798742138365,33.80503144654088,64.30817610062893,93.23899371069183,62.311320754716974
126751,2022,30,2466,0,0.2418800955638289,1,1.5140083599835634,10,18,12,0,0,0.2418800955638289,6.167393011972308,5.01645334623754,Inigo Ruiz de Galarreta,Mallorca,La_Liga,M S,M,True,29.9,3000000.0,1993-08-06,2023-06-30,inigo ruiz de galarreta,0.0,0.0088277407140083,0.0088277407140083,0.0364963503649635,0.0552557795614439,0.364963503649635,0.656934306569343,0.2250873362033689,0.1830822389137788,26.10062893081761,24.842767295597483,12.264150943396226,26.729559748427672,3.1446540880503147,7.547169811320755,25.471698113207545,19.49685534591195,5.345911949685535,17.342767295597483
126751,2023,29,2140,1,0.3331029573455453,1,2.6309501454234123,11,27,7,0,1,0.3331029573455453,10.054476633667946,8.725870177149773,Inigo Ruiz de Galarreta,Athletic Club,La_Liga,M S,M,True,30.9,5000000.0,1993-08-06,2024-06-30,inigo ruiz de galarreta,0.0420560747663551,0.0140090028790182,0.0140090028790182,0.0420560747663551,0.1106474360224799,0.4626168224299065,1.1355140186915889,0.4228518210421099,0.3669758485717194,60.43613707165109,59.19003115264797,55.7632398753894,74.45482866043614,6.230529595015576,9.657320872274143,59.813084112149525,65.10903426791276,7.94392523364486,46.105919003115254
126751,2024,26,1502,0,0.3707461981102824,4,3.4690806306898594,11,28,5,0,0,0.3707461981102824,8.672065565362573,7.616073386743665,Inigo Ruiz de Galarreta,Athletic Club,La_Liga,M S,M,True,31.9,3000000.0,1993-08-06,2025-06-30,inigo ruiz de galarreta,0.0,0.0222151516843711,0.0222151516843711,0.2396804260985353,0.2078676809334802,0.6591211717709721,1.677762982689747,0.5196310924651342,0.456355928633109,86.51026392961877,80.35190615835776,70.08797653958945,87.3900293255132,9.67741935483871,20.821114369501466,83.43108504398828,78.73900293255133,15.249266862170089,61.33431085043989
127142,2023,31,1176,0,0.6068249363452196,1,1.3834041431546211,10,15,5,0,0,0.6068249363452196,5.374452080577612,4.071699779480696,Jonas Martin,Brest,Ligue_1,M S,M,True,34.2,1000000.0,1990-04-09,2024-06-30,jonas martin,0.0,0.0464406839039708,0.0464406839039708,0.0765306122448979,0.1058727660577516,0.7653061224489797,1.1479591836734695,0.4113101082074702,0.3116096770010736,58.87850467289719,59.50155763239875,53.271028037383175,66.04361370716511,30.218068535825545,27.102803738317753,59.190031152647975,59.65732087227414,28.66043613707165,50.19470404984423
127156,2022,30,2581,12,7.741758173331618,4,5.890501879155636,64,57,4,3,6,3.1812487710267305,9.469331884756684,6.19848925806582,Téji Savanier,Montpellier,Ligue_1,M,M,True,31.5,10000000.0,1991-12-22,2023-06-30,teji savanier,0.4184424641611778,0.2699566972490684,0.1109307979048453,0.1394808213870592,0.2054030101216611,2.2316931421929485,1.9876017047655947,0.3301975473181331,0.216142593268471,90.25157232704403,90.88050314465409,41.19496855345912,38.9937106918239,68.23899371069182,94.33962264150944,90.56603773584905,40.09433962264151,81.28930817610063,70.11792452830188
127156,2023,32,2802,9,9.534016711637378,7,8.263342382386327,82,96,8,1,2,4.213350744917989,13.434316385537386,7.70728618465364,Téji Savanier,Montpellier,Ligue_1,M,M,True,32.5,9000000.0,1991-12-22,2024-06-30,teji savanier,0.2890792291220557,0.3062318001596588,0.1353324650401923,0.2248394004282655,0.2654178495413167,2.633832976445396,3.0835117773019274,0.4315090916125498,0.2475573720980826,92.83489096573209,99.06542056074767,58.87850467289719,45.794392523364486,73.5202492211838,94.39252336448598,95.95015576323988,52.33644859813084,83.95638629283489,77.08722741433021
127156,2024,31,2382,2,4.179523415863514,5,8.051546461880207,47,70,4,1,0,2.6593331219628453,9.311374999582767,4.115337830036879,Téji Savanier,Montpellier,Ligue_1,M S,M,True,33.5,,1991-12-22,2025-06-30,teji savanier,0.0755667506297229,0.1579165018588229,0.1004785814343644,0.1889168765743073,0.3042146018342647,1.7758186397984883,2.644836272040302,0.3518151763066537,0.1554913537797309,96.7741935483871,98.24046920821115,37.24340175953079,15.542521994134898,60.117302052785924,80.93841642228739,97.50733137829913,26.392961876832842,70.52785923753666,64.52346041055718
127187,2022,25,1519,5,3.214016545563936,2,2.4725133273750544,20,22,6,1,5,3.214016545563936,5.765182003378868,1.7658195812255144,Abdoulaye Doucouré,Everton,EPL,M S,M,True,30.5,12000000.0,1993-01-01,2023-06-30,abdoulaye doucoure,0.2962475312705727,0.190428893417218,0.190428893417218,0.1184990125082291,0.1464951938536898,1.184990125082291,1.30348913759052,0.3415841871653049,0.104623938321459,73.89937106918238,68.23899371069182,43.710691823899374,4.40251572327044,89.62264150943396,58.17610062893082,71.0691823899371,24.056603773584907,73.8993710691824,55.463836477987414
127187,2023,32,2678,7,10.20444649644196,1,2.55271128565073,47,33,7,0,7,10.20444649644196,13.33745107613504,5.22493714094162,Abdoulaye Doucouré,Everton,EPL,M,M,True,31.5,10000000.0,1993-01-01,2024-06-30,abdoulaye doucoure,0.2352501867064974,0.3429425633606335,0.3429425633606335,0.0336071695294996,0.085789400936731,1.5795369678864826,1.1090365944734877,0.4482339794070775,0.1755953482766041,46.728971962616825,57.943925233644855,62.616822429906534,18.69158878504673,98.13084112149532,73.83177570093457,52.33644859813084,40.654205607476634,85.98130841121494,58.3411214953271
127187,2024,33,2619,3,4.050999755039811,2,2.317836028058082,31,27,3,1,3,4.050999755039811,9.89785410836339,4.922197850421071,Abdoulaye Doucouré,Everton,EPL,M S,M,True,32.5,7000000.0,1993-01-01,2025-06-30,abdoulaye doucoure,0.1030927835051546,0.1392096135752512,0.1392096135752512,0.0687285223367697,0.0796507226136797,1.0652920962199313,0.9278350515463918,0.3401324435863708,0.1691476924543323,39.882697947214076,48.68035190615836,32.84457478005865,19.06158357771261,72.72727272727273,46.9208211143695,44.28152492668622,25.95307917888563,59.82404692082112,42.52932551319648
127189,2022,20,995,0,0.4258688949048519,2,0.8495348133146763,11,5,4,0,0,0.4258688949048519,3.622524436563253,3.202851418405772,Geoffrey Kondogbia,Atletico Madrid,La_Liga,M S,M,True,30.4,14000000.0,1993-02-15,2023-06-30,geoffrey kondogbia,0.0,0.0385208045642579,0.0385208045642579,0.1809045226130653,0.0768423449229355,0.9949748743718594,0.4522613065326633,0.3276655269253193,0.2897051534236377,39.937106918238996,9.119496855345911,40.56603773584906,63.52201257861635,24.842767295597483,42.45283018867924,24.528301886792455,52.0440251572327,33.64779874213836,36.89465408805031
127189,2023,26,1442,0,0.3745703939348459,0,0.7353154523298144,8,10,3,0,0,0.3745703939348459,4.445752723142505,4.012066396418959,Geoffrey Kondogbia,Marseille,Ligue_1,M S,M,True,31.4,12000000.0,1993-02-15,2024-06-30,geoffrey kondogbia,0.0,0.0233781799265853,0.0233781799265853,0.0,0.0458934748333448,0.4993065187239944,0.6241331484049931,0.2774741644125003,0.250406363160684,21.49532710280374,21.18380062305296,23.05295950155763,47.35202492211838,13.707165109034266,11.526479750778815,21.33956386292835,35.202492211838006,12.616822429906541,23.574766355140188
128220,2022,35,2446,6,4.823557456955314,7,6.157469410449266,47,66,4,0,5,3.3009556103497744,16.062379522249103,10.72712817043066,Luis Alberto,Lazio,Serie_A,M S,M,True,30.8,18000000.0,1992-09-28,2023-06-30,luis alberto,0.2207686017988552,0.1774816725780778,0.1214578924495011,0.2575633687653311,0.2265626520606843,1.7293540474243665,2.428454619787408,0.5910115114482499,0.3947021812505149,91.82389937106919,96.85534591194968,86.16352201257862,80.50314465408806,72.32704402515722,82.70440251572327,94.33962264150944,83.33333333333334,77.51572327044025,85.44025157232704
128220,2023,33,2341,5,5.471688620746136,7,6.289189122617245,56,64,7,0,5,5.471688620746136,16.42470671236515,8.889257160015404,Luis Alberto,Lazio,Serie_A,M S,M,True,31.8,11000000.0,1992-09-28,2024-06-30,luis alberto,0.1922255446390431,0.2103596650436361,0.2103596650436361,0.2691157624946604,0.2417885608866091,2.1529260999572832,2.460486971379752,0.6314496386641878,0.341748459804095,90.65420560747664,94.39252336448598,82.55451713395638,72.27414330218068,89.40809968847351,89.40809968847351,92.52336448598132,77.41433021806853,89.40809968847351,86.3006230529595
130765,2022,32,1408,2,2.106476968154311,1,2.606352062895894,23,18,6,0,2,2.106476968154311,6.877064095810056,2.4147079661488533,Stuart Armstrong,Southampton,EPL,M S,M,True,31.2,4500000.0,1992-03-30,2023-06-30,stuart armstrong,0.1278409090909091,0.1346469652939545,0.1346469652939545,0.0639204545454545,0.1665992085657887,1.4701704545454546,1.150568181818182,0.4395850629424041,0.1543492307907647,83.01886792452831,58.80503144654088,61.94968553459119,16.9811320754717,74.84276729559748,69.81132075471697,70.9119496855346,39.465408805031444,72.32704402515722,60.33018867924528
131731,2022,37,2833,1,1.535386499017477,3,4.140788058750331,33,36,3,0,1,1.535386499017477,7.516895891167223,4.082218916155398,Mehdi Bourabia,Spezia,Serie_A,M S,M,True,31.9,1300000.0,1991-08-07,2023-06-30,mehdi bourabia,0.031768443346276,0.0487768390086738,0.0487768390086738,0.0953053300388281,0.1315463908533462,1.048358630427109,1.143663960465937,0.238800081258401,0.1296857403649791,69.18238993710692,58.17610062893082,17.61006289308176,10.377358490566039,33.64779874213836,47.16981132075472,63.67924528301887,13.9937106918239,40.40880503144654,39.30817610062893
131978,2023,32,2627,5,4.483209175989032,4,4.823556295596063,66,43,6,0,5,4.483209175989032,11.16435156017542,5.912003388628364,Ross Barkley,Luton,EPL,M S,M,True,30.6,8000000.0,1993-12-05,2024-06-30,ross barkley,0.1712980586220022,0.1535930056486535,0.1535930056486535,0.1370384468976018,0.1652531658179085,2.26113437381043,1.4731633041492196,0.3824863496063144,0.2025429406077475,76.63551401869158,74.76635514018692,47.0404984423676,29.595015576323984,77.88161993769471,91.27725856697819,75.70093457943925,38.31775700934579,84.57943925233644,65.28037383177569
138055,2024,22,1792,0,0.1032319217920303,1,0.2792173726484179,3,4,1,0,0,0.1032319217920303,3.4150968957692385,3.0657623186707497,Haris Belkebla,Angers,Ligue_1,M S,M,True,31.4,2000000.0,1994-01-28,2025-06-30,haris belkebla,0.0,0.0051846389292872,0.0051846389292872,0.0502232142857142,0.0140231939388156,0.1506696428571428,0.2008928571428571,0.1715171432026961,0.1539724378796693,0.8797653958944283,0.5865102639296188,1.1730205278592376,14.076246334310852,0.8797653958944283,0.8797653958944283,0.7331378299120235,7.624633431085045,0.8797653958944283,3.1891495601173028
138171,2022,23,1317,2,1.9607252003625035,2,1.4323750138282776,23,25,0,0,1,1.2006302000954747,3.42346639931202,1.8508519269526005,Mathias Autret,Auxerre,Ligue_1,M S,M,True,32.3,800000.0,1991-03-01,2023-06-30,mathias autret,0.1366742596810934,0.1339903325988043,0.082047621874406,0.1366742596810934,0.0978843973003378,1.571753986332574,1.7084282460136675,0.2339498678345343,0.1264819084477859,53.144654088050316,85.22012578616352,15.723270440251572,8.49056603773585,55.0314465408805,76.41509433962264,69.18238993710692,12.10691823899371,65.72327044025157,48.16823899371069
139435,2022,35,2149,3,2.897675169631839,6,3.044348869472742,25,26,8,0,3,2.897675169631839,7.1755600441247225,3.861684357747436,Dani Rodríguez,Mallorca,La_Liga,M S,M,True,35.1,1200000.0,1988-06-06,2023-06-30,dani rodriguez,0.1256398324802233,0.1213544742982156,0.1213544742982156,0.2512796649604467,0.1274971606573042,1.0469986040018613,1.088878548161936,0.3005120539652047,0.1617271252662956,68.23899371069182,54.71698113207547,33.64779874213836,19.18238993710692,72.0125786163522,46.540880503144656,61.477987421383645,26.41509433962264,59.27672955974843,48.545597484276726
142021,2023,36,2130,2,1.7865178659558296,5,5.888831946998835,32,51,4,0,2,1.7865178659558296,7.913182632997632,3.5740005373954773,Sergi Darder,Mallorca,La_Liga,M S,M,True,30.5,6000000.0,1993-12-22,2024-06-30,sergi darder,0.0845070422535211,0.0754866703924998,0.0754866703924998,0.2112676056338028,0.2488238850844578,1.352112676056338,2.1549295774647885,0.3343598295632802,0.1510141072138934,91.27725856697819,91.27725856697819,36.7601246105919,11.838006230529595,49.22118380062305,62.928348909657316,91.27725856697819,24.299065420560748,56.074766355140184,57.27414330218068
142021,2024,38,2811,2,1.8862759750336409,6,4.959239151328802,36,54,4,0,2,1.8862759750336409,10.42331206612289,7.28883396461606,Sergi Darder,Mallorca,La_Liga,M S,M,True,31.5,4000000.0,1993-12-22,2025-06-30,sergi darder,0.064034151547492,0.0603930408228486,0.0603930408228486,0.192102454642476,0.158780335688222,1.152614727854856,1.7289220917822838,0.3337239722344575,0.2333671493473658,75.0733137829912,82.69794721407625,31.378299120234605,36.070381231671554,37.5366568914956,51.90615835777126,78.88563049853373,33.72434017595308,44.72140762463343,52.82991202346041
142031,2024,32,1994,1,0.855449890717864,0,0.0827271491289138,9,2,5,1,1,0.855449890717864,3.2351455856114626,2.4790145875886083,Omar Mascarell,Mallorca,La_Liga,M S,M,True,32.4,900000.0,1993-02-02,2025-06-30,omar mascarell,0.0451354062186559,0.0386110783172556,0.0386110783172556,0.0,0.0037339234812448,0.4062186559679037,0.0902708124373119,0.146019610183065,0.1118913304327857,0.2932551319648094,0.2932551319648094,0.5865102639296188,4.69208211143695,21.114369501466275,7.624633431085044,0.2932551319648094,2.6392961876832848,14.36950146627566,5.3372434017595305
143812,2022,32,1669,2,2.786401204764843,0,0.4745106063783169,26,9,6,0,2,2.786401204764843,6.403920682147145,4.3888915199786425,Matías Vecino,Lazio,Serie_A,M S,M,True,31.8,4500000.0,1991-08-24,2023-06-30,matias vecino,0.1078490113840623,0.1502553076266242,0.1502553076266242,0.0,0.0255877498945767,1.40203714799281,0.4853205512282804,0.3453282572757598,0.2366688057507955,8.176100628930817,12.89308176100629,44.339622641509436,48.42767295597484,81.13207547169812,67.61006289308176,10.534591194968552,46.38364779874214,74.37106918238993,42.23270440251572
143812,2023,31,1100,6,4.235215881839395,1,0.4754638131707907,33,7,8,0,6,4.235215881839395,8.142204336822033,5.13212438300252,Matías Vecino,Lazio,Serie_A,M S,M,True,32.9,2500000.0,1991-08-24,2024-06-30,matias vecino,0.4909090909090909,0.3465176630595868,0.3465176630595868,0.0818181818181818,0.0389015847139737,2.7,0.5727272727272728,0.6661803548308937,0.4199010858820243,15.57632398753894,15.57632398753894,85.04672897196261,81.30841121495327,98.4423676012461,95.6386292834891,15.57632398753894,83.17757009345794,97.0404984423676,63.67601246105919
146310,2022,33,2929,5,5.163596375845373,4,4.437882576137781,45,45,3,0,5,5.163596375845373,12.159647703170776,7.895517183467746,Wataru Endo,VfB Stuttgart,Bundesliga,M,M,True,30.4,6500000.0,1993-02-09,2023-06-30,wataru endo,0.1536360532604984,0.1586629135630193,0.1586629135630193,0.1229088426083987,0.1363637527662684,1.3827244793444862,1.3827244793444862,0.3736320564306487,0.2426072197036862,70.75471698113208,73.58490566037736,50.943396226415096,50.62893081761006,82.38993710691824,67.29559748427673,72.16981132075472,50.78616352201258,74.84276729559748,65.4874213836478
146310,2023,29,1718,1,0.4377728682011366,0,1.4933863505721092,10,16,10,0,1,0.4377728682011366,12.217629071325064,11.228149242699146,Wataru Endo,Liverpool,EPL,M S,M,True,31.4,13000000.0,1993-02-09,2024-06-30,wataru endo,0.0523864959254947,0.0229333865763109,0.0229333865763109,0.0,0.0782332779694352,0.5238649592549477,0.8381839348079162,0.6400387755641769,0.5882033945535059,40.18691588785047,39.56386292834891,83.48909657320873,92.83489096573209,12.77258566978193,12.77258566978193,39.87538940809969,88.1619937694704,12.77258566978193,48.6448598130841
148252,2022,28,2178,0,0.3386984970420599,0,0.4867018014192581,8,12,5,0,0,0.3386984970420599,4.259000528603792,3.825942753814161,Remo Freuler,Nottingham Forest,EPL,M S,M,True,31.2,8000000.0,1992-04-15,2023-06-30,remo freuler,0.0,0.013995805662895,0.013995805662895,0.0,0.0201116446867462,0.3305785123966942,0.4958677685950413,0.1759917573803219,0.1580968080088496,5.031446540880504,13.836477987421384,6.289308176100629,18.553459119496853,9.119496855345911,6.289308176100629,9.433962264150944,12.421383647798741,7.70440251572327,9.96069182389937
148252,2023,32,2657,1,1.5866257585585115,1,1.158876609057188,14,20,9,0,1,1.5866257585585115,11.166541524231434,9.252567537128924,Remo Freuler,Bologna,Serie_A,M S,M,True,32.2,6500000.0,1992-04-15,2024-06-30,remo freuler,0.0338727888596161,0.0537434393188807,0.0537434393188807,0.0338727888596161,0.039254382692942,0.4742190440346255,0.6774557771923221,0.3782419033424272,0.3134102665945062,15.887850467289718,26.479750778816197,46.728971962616825,66.35514018691589,37.07165109034268,10.2803738317757,21.183800623052957,56.54205607476636,23.676012461059187,34.30685358255452
148252,2024,37,3230,1,1.4950652588158846,2,1.9593567317351697,17,36,6,0,1,1.4950652588158846,11.353501968085766,8.221530951559544,Remo Freuler,Bologna,Serie_A,M,M,True,33.2,5000000.0,1992-04-15,2025-06-30,remo freuler,0.0278637770897832,0.0416581651063249,0.0416581651063249,0.0557275541795665,0.054595079212435,0.4736842105263157,1.0030959752321982,0.3163514480271575,0.2290829057710089,24.04692082111437,54.252199413489734,26.68621700879765,35.483870967741936,23.46041055718475,10.850439882697946,39.14956011730205,31.085043988269796,17.15542521994135,29.72873900293255
148367,2022,22,1794,1,1.347744394093752,3,3.110040994361043,19,12,6,0,1,1.347744394093752,5.920882418751717,5.308457598090172,Christian Nørgaard,Brentford,EPL,M S,M,True,29.3,16000000.0,1994-03-10,2023-06-30,christian norgaard,0.0501672240802675,0.0676125950214256,0.0676125950214256,0.1505016722408027,0.1560221234629285,0.9531772575250836,0.6020066889632107,0.2970342350544339,0.2663105818439885,77.67295597484278,20.125786163522015,32.70440251572327,56.60377358490566,47.79874213836478,39.308176100628934,48.89937106918239,44.65408805031446,43.55345911949686,45.80974842767296
148367,2023,31,2556,2,3.172293212264776,1,2.970704079605639,36,24,8,0,2,3.172293212264776,9.006961837410927,6.332392172887921,Christian Nørgaard,Brentford,EPL,M S,M,True,30.3,18000000.0,1994-03-10,2024-06-30,christian norgaard,0.0704225352112676,0.1117004652205907,0.1117004652205907,0.0352112676056338,0.1046022563241422,1.267605633802817,0.8450704225352113,0.3171465435708073,0.2229715553833775,57.009345794392516,40.18691588785047,32.398753894081,36.13707165109034,66.04361370716511,57.009345794392516,48.59813084112149,34.26791277258567,61.52647975077881,47.46105919003114
148367,2024,34,2870,5,5.773721532896161,4,1.9166031386703253,39,18,8,1,5,5.773721532896161,14.599624687805772,11.122066244482994,Christian Nørgaard,Brentford,EPL,M,M,True,31.3,11000000.0,1994-03-10,2025-06-30,christian norgaard,0.156794425087108,0.1810574696727019,0.1810574696727019,0.1254355400696864,0.060102537449592,1.2229965156794425,0.5644599303135889,0.457827951882411,0.3487755965168883,27.27272727272727,18.7683284457478,57.478005865102645,68.32844574780059,81.52492668621701,57.77126099706745,23.020527859237536,62.903225806451616,69.64809384164224,50.96774193548387
148928,2023,34,1321,1,1.536744553595781,4,3.2573720682412386,16,13,8,1,1,1.536744553595781,7.874309295788407,3.537319257855416,Saúl Ñíguez,Atletico Madrid,La_Liga,M S,M,True,29.6,7500000.0,1994-11-21,2024-06-30,saul niguez,0.0681302043906131,0.1046987205326421,0.1046987205326421,0.2725208175624526,0.2219254247855499,1.0900832702498109,0.8856926570779713,0.5364783017569695,0.2409982840325416,86.91588785046729,43.30218068535825,75.38940809968847,42.99065420560748,62.30529595015576,44.23676012461059,65.10903426791276,59.190031152647975,53.271028037383175,59.48598130841121
148928,2024,24,1556,1,3.654159884899855,6,2.11052093282342,42,22,8,1,1,3.654159884899855,5.336512237787247,1.7422028593719006,Saúl Ñíguez,Sevilla,La_Liga,M S,M,True,30.6,3000000.0,1994-11-21,2025-06-30,saul niguez,0.0578406169665809,0.2113588622371381,0.2113588622371381,0.3470437017994858,0.1220738328753906,2.429305912596401,1.2724935732647815,0.308667160283324,0.1007700882670122,60.117302052785924,64.80938416422288,25.513196480938415,2.346041055718475,87.09677419354838,95.30791788856305,62.463343108504404,13.929618768328446,91.20234604105572,54.09824046920821
153084,2022,27,1754,3,4.879844713956118,2,2.9064023923128843,40,21,5,0,3,4.879844713956118,18.998094856739044,14.380298979580402,Leon Goretzka,Bayern Munich,Bundesliga,M S,M,True,28.4,45000000.0,1995-02-06,2023-06-30,leon goretzka,0.153933865450399,0.2503911198723207,0.2503911198723207,0.1026225769669327,0.1491312516010031,2.0524515393386547,1.0775370581527937,0.9748167258303956,0.737871669419747,74.84276729559748,54.088050314465406,98.42767295597484,99.37106918238993,94.9685534591195,91.82389937106919,64.46540880503144,98.8993710691824,93.39622641509435,85.19654088050315
153084,2023,30,2253,6,4.689053881913424,7,5.581948401406407,56,32,3,0,6,4.689053881913424,22.46926599740982,15.75047143921256,Leon Goretzka,Bayern Munich,Bundesliga,M S,M,True,29.4,30000000.0,1995-02-06,2024-06-30,leon goretzka,0.2396804260985353,0.1873124054026667,0.1873124054026667,0.2796271637816245,0.2229806285515209,2.237017310252996,1.2782956058588548,0.8975738747300861,0.6291799509672128,87.53894080996885,66.35514018691589,96.88473520249221,95.01557632398755,85.66978193146417,90.65420560747664,76.94704049844236,95.95015576323988,88.1619937694704,86.96261682242991
153084,2024,26,1303,4,3.44148750603199,1,1.7927624322474005,32,12,2,0,4,3.44148750603199,14.095879878848791,11.131647668778896,Leon Goretzka,Bayern Munich,Bundesliga,M S,M,True,30.4,22000000.0,1995-02-06,2025-06-30,leon goretzka,0.2762854950115119,0.2377082697949954,0.2377082697949954,0.0690713737528779,0.1238285640078787,2.210283960092095,0.8288564850345357,0.9736217874876372,0.7688781966155799,60.410557184750736,40.76246334310851,98.24046920821115,99.12023460410558,90.32258064516128,91.49560117302052,50.586510263929625,98.68035190615836,90.9090909090909,79.51612903225806
156617,2022,28,1771,3,2.0772709641605616,5,2.104796350002289,25,23,9,0,3,2.0772709641605616,12.804172411561012,10.28125450387597,Marcelo Brozovic,Inter,Serie_A,M S,M,True,30.6,25000000.0,1992-11-16,2023-06-30,marcelo brozovic,0.1524562394127611,0.1055643064790799,0.1055643064790799,0.2540937323546019,0.1069631120836849,1.2704686617730097,1.168831168831169,0.6506919915530723,0.5224804660354813,57.23270440251572,60.062893081761004,89.937106918239,93.39622641509435,65.72327044025157,63.83647798742138,58.64779874213836,91.66666666666667,64.77987421383648,72.04402515723271
159088,2022,29,2414,2,1.495253399014473,2,1.1337046343833208,30,18,7,0,2,1.495253399014473,8.447318887338042,7.092177907004952,Robert Andrich,Bayer Leverkusen,Bundesliga,M S,M,True,28.8,11000000.0,1994-09-22,2023-06-30,robert andrich,0.0745650372825186,0.0557468127221634,0.0557468127221634,0.0745650372825186,0.0422673641650782,1.1184755592377795,0.6710853355426678,0.3149373238858425,0.2644142550250396,17.61006289308176,26.41509433962264,37.735849056603776,56.289308176100626,38.36477987421384,52.20125786163522,22.0125786163522,47.0125786163522,45.283018867924525,37.7437106918239
159098,2022,30,1856,4,3.18263483978808,1,1.4752704845741391,23,16,5,0,4,3.18263483978808,8.242781639099121,4.8491828199476,Brecht Dejaegere,Toulouse,Ligue_1,M S,M,True,32.1,1800000.0,1991-05-29,2023-06-30,brecht dejaegere,0.1939655172413793,0.1543303532224823,0.1543303532224823,0.0484913793103448,0.0715379006528408,1.115301724137931,0.7758620689655172,0.3997038510339014,0.2351435634672866,36.79245283018868,33.64779874213836,54.40251572327044,47.79874213836478,81.44654088050315,51.886792452830186,35.22012578616352,51.10062893081761,66.66666666666667,50.2122641509434
162056,2022,27,1919,4,2.9841087525710464,3,1.6417159559205174,24,19,5,0,3,2.2408267920836806,7.187590108253062,4.5795428566634655,Gonzalo Melero,Almeria,La_Liga,M S,M,True,29.5,4000000.0,1994-01-02,2023-06-30,gonzalo melero,0.1875977071391349,0.1399529899590381,0.1050934920727103,0.1406982803543512,0.0769955372761055,1.1255862428348098,0.8910891089108911,0.3370938560410503,0.2147779349138676,40.25157232704403,42.76729559748428,42.76729559748428,38.36477987421384,65.40880503144653,53.144654088050316,41.509433962264154,40.56603773584906,59.276729559748425,46.50943396226415
164771,2022,38,2862,4,3.627913746982813,3,4.039231155067682,31,35,4,0,3,2.867818597704172,18.368678813800216,15.559907203540206,Jordan Veretout,Marseille,Ligue_1,M S,M,True,30.3,16000000.0,1993-03-01,2023-06-30,jordan veretout,0.1257861635220125,0.1140853379554343,0.0901829747705714,0.0943396226415094,0.1270198476436378,0.9748427672955974,1.10062893081761,0.5776314092390005,0.4893052579729624,67.9245283018868,55.0314465408805,84.90566037735849,91.82389937106919,58.490566037735846,40.25157232704403,61.477987421383645,88.36477987421384,49.37106918238994,67.2562893081761
164771,2023,29,2181,1,2.1600702428258955,2,5.629450068809092,36,48,4,0,1,2.1600702428258955,12.616389954928309,9.140395939350128,Jordan Veretout,Marseille,Ligue_1,M S,M,True,31.3,15000000.0,1993-03-01,2024-06-30,jordan veretout,0.0412654745529573,0.0891363236379324,0.0891363236379324,0.0825309491059147,0.2323019285615856,1.485557083906465,1.9807427785419531,0.5206213186352809,0.3771827760392075,88.78504672897196,88.1619937694704,73.5202492211838,76.01246105919003,55.45171339563863,71.65109034267913,88.47352024922118,74.76635514018692,63.55140186915888,76.19937694704049
164771,2024,27,1581,2,2.7985544838011265,0,1.353621557354927,21,14,3,0,2,2.7985544838011265,9.783903039991856,7.303794119507074,Jordan Veretout,Lyon,Ligue_1,M S,M,True,32.3,4000000.0,1993-03-01,2025-06-30,jordan veretout,0.1138519924098671,0.1593105019241628,0.1593105019241628,0.0,0.0770562556369028,1.1954459203036054,0.7969639468690702,0.5569584273240146,0.4157757563286759,37.5366568914956,38.41642228739003,75.0733137829912,80.05865102639295,77.12609970674487,56.01173020527859,37.976539589442815,77.56598240469208,66.56891495601172,60.41055718475073
164913,2022,31,2383,0,0.4154317565262317,2,0.5776339061558247,17,14,5,0,0,0.4154317565262317,4.274687374010682,3.672938199713826,Soualiho Meité,Cremonese,Serie_A,M S,M,True,29.3,3500000.0,1994-03-17,2023-06-30,soualiho meite,0.0,0.0156898271453465,0.0156898271453465,0.0755350398657154,0.0218158000646345,0.6420478388585816,0.5287452790600085,0.1614443406046837,0.1387177666698465,6.289308176100629,15.40880503144654,3.7735849056603774,12.89308176100629,10.69182389937107,20.754716981132077,10.849056603773585,8.333333333333334,15.723270440251573,11.430817610062892
165007,2022,18,953,0,0.6810945952311158,0,1.3064945377409458,4,16,2,0,0,0.6810945952311158,3.707442445680499,2.872228702530265,Denis Suárez,Espanyol,La_Liga,M S,M,True,29.5,5000000.0,1994-01-06,2023-06-30,denis suarez,0.0,0.0643216301897171,0.0643216301897171,0.0,0.1233835345190819,0.3777544596012592,1.5110178384050368,0.3501257293927018,0.2712493003438865,65.72327044025157,79.55974842767296,45.59748427672956,58.17610062893082,44.65408805031446,8.80503144654088,72.64150943396226,51.88679245283019,26.729559748427672,51.60377358490566
165793,2024,31,2269,6,9.756513360887766,3,6.754444919526577,56,40,4,0,6,9.756513360887766,22.925799012184143,7.210842279717326,Takumi Minamino,Monaco,Ligue_1,M S,M,True,30.5,15000000.0,1995-01-16,2025-06-30,takumi minamino,0.2379903040987219,0.3869925969501538,0.3869925969501538,0.1189951520493609,0.2679154000693662,2.221242838254738,1.5866020273248127,0.9093529797693136,0.2860184244929746,92.96187683284457,77.12609970674487,96.48093841642229,50.146627565982406,97.94721407624634,92.08211143695014,85.04398826979471,73.31378299120234,95.01466275659824,83.92961876832844
166237,2022,25,943,1,0.5949164545163512,0,1.7278349669650197,16,21,7,0,1,0.5949164545163512,3.782791016623378,3.390579277649522,Leandro Paredes,Juventus,Serie_A,M S,M,True,29.0,12000000.0,1994-06-29,2023-06-30,leandro paredes,0.0954400848356309,0.0567788768891533,0.0567788768891533,0.0,0.1649047158291111,1.5270413573700956,2.0042417815482505,0.3610298955419979,0.3235971739008027,82.38993710691824,91.19496855345912,47.79874213836478,69.18238993710692,38.67924528301887,73.58490566037736,86.79245283018868,58.490566037735846,56.132075471698116,67.68867924528301
166237,2023,34,2680,3,3.0285770436748862,5,2.5797851774841547,32,27,15,1,0,0.744680586270988,12.670357435941696,11.149565836414697,Leandro Paredes,Roma,Serie_A,M S,M,True,30.0,8000000.0,1994-06-29,2024-06-30,leandro paredes,0.1007462686567164,0.1017059454965446,0.025007930135966,0.167910447761194,0.0866345768558111,1.0746268656716418,0.9067164179104478,0.4254970780726689,0.3744257183870607,47.35202492211838,44.85981308411215,57.943925233644855,75.38940809968847,14.953271028037381,42.99065420560748,46.10591900311526,66.66666666666666,28.97196261682243,48.1619937694704
166237,2024,22,1370,3,2.1564809433184564,1,1.6625222507864237,26,21,4,0,1,0.6338833100162446,10.667602295055984,9.504389160312712,Leandro Paredes,Roma,Serie_A,M S,M,True,31.0,5000000.0,1994-06-29,2025-06-30,leandro paredes,0.1970802919708029,0.1416666313128912,0.0416419692711401,0.0656934306569343,0.1092167901976482,1.708029197080292,1.3795620437956204,0.7007913916460136,0.6243759302395212,55.42521994134897,70.67448680351906,89.44281524926686,96.18768328445748,23.16715542521994,79.76539589442815,63.049853372434015,92.81524926686217,51.46627565982405,69.99266862170087
167472,2022,26,1059,0,0.6328072194010019,0,1.0752098131924868,19,10,1,0,0,0.6328072194010019,2.7706363406032324,1.915400369092822,Youssouf M&#039;Changama,Auxerre,Ligue_1,M S,M,True,32.8,900000.0,1990-08-29,2023-06-30,youssouf mchangama,0.0,0.0537796503740228,0.0537796503740228,0.0,0.0913776045206079,1.6147308781869687,0.8498583569405099,0.235464844810473,0.1627819010560472,48.742138364779876,40.25157232704403,16.352201257861633,20.754716981132077,36.79245283018868,79.24528301886792,44.49685534591195,18.553459119496857,58.0188679245283,39.47327044025157
167799,2022,35,3137,4,1.5295524531975389,5,3.1992804715409875,33,30,5,0,4,1.5295524531975389,15.63659394159913,11.95062574185431,Pierre-Emile Højbjerg,Tottenham,EPL,M,M,True,27.9,45000000.0,1995-08-05,2023-06-30,pierre emile hojbjerg,0.1147593241950908,0.0438826014624732,0.0438826014624732,0.1434491552438635,0.0917868162061488,0.9467644246094996,0.8606949314631813,0.448611238362742,0.3428614334609142,49.056603773584904,40.88050314465409,64.15094339622641,73.58490566037736,29.874213836477985,38.67924528301887,44.9685534591195,68.86792452830188,34.27672955974843,50.12578616352201
167799,2023,36,1212,0,0.544023672118783,0,1.134924995712936,19,8,4,0,0,0.544023672118783,11.555909689515827,10.493784312158825,Pierre-Emile Højbjerg,Tottenham,EPL,M S,M,True,28.9,18000000.0,1995-08-05,2024-06-30,pierre emile hojbjerg,0.0,0.040397797434563,0.040397797434563,0.0,0.0842766085925447,1.4108910891089108,0.594059405940594,0.8581121056571159,0.7792414093187247,44.54828660436137,18.06853582554517,95.32710280373831,99.37694704049844,26.479750778816197,66.35514018691589,31.30841121495327,97.35202492211837,46.41744548286604,58.95638629283488
170481,2022,24,1387,1,1.6303711291402578,1,1.3280059713870287,14,6,7,2,1,1.6303711291402578,3.646242944523692,2.0158139765262604,Jean-Daniel Akpa-Akpro,Empoli,Serie_A,M S,M,True,30.7,1500000.0,1992-10-11,2023-06-30,jean daniel akpa akpro,0.0648882480173035,0.1057919261879042,0.1057919261879042,0.0648882480173035,0.0861719808398216,0.9084354722422494,0.3893294881038212,0.2365983165155964,0.1308026372655829,45.28301886792453,5.9748427672955975,16.9811320754717,11.0062893081761,66.0377358490566,35.53459119496855,25.628930817610065,13.9937106918239,50.78616352201257,29.10377358490566
170934,2022,19,1325,0,0.2064824542030692,1,0.1570493020117283,9,3,2,1,0,0.2064824542030692,1.87073758803308,1.601245256140828,Mario Lemina,Wolverhampton Wanderers,EPL,M S,M,True,29.8,10000000.0,1993-09-01,2023-06-30,mario lemina,0.0,0.0140252233043594,0.0140252233043594,0.0679245283018867,0.0106674997592872,0.6113207547169811,0.2037735849056604,0.1270689682437563,0.1087638287189996,1.8867924528301887,2.20125786163522,1.257861635220126,5.660377358490567,9.433962264150944,18.867924528301888,2.0440251572327046,3.4591194968553465,14.150943396226417,6.171383647798742
170934,2023,35,3002,4,4.610754423774779,1,1.7865049708634615,48,20,10,1,4,4.610754423774779,8.971558410674334,6.0500337686389685,Mario Lemina,Wolverhampton Wanderers,EPL,M S,M,True,30.8,10000000.0,1993-09-01,2024-06-30,mario lemina,0.1199200532978014,0.1382304790605363,0.1382304790605363,0.0299800133244503,0.0535594428306833,1.4390406395736175,0.5996002664890073,0.2689674406931013,0.1813800929971709,27.725856697819314,18.69158878504673,20.87227414330218,22.429906542056074,75.38940809968847,69.47040498442367,23.20872274143302,21.651090342679126,72.42990654205607,37.429906542056074
174094,2023,29,2005,2,2.4807587498798966,3,4.764164406806231,41,42,4,0,2,2.4807587498798966,10.806192375719547,6.085101960226893,Morgan Sanson,Nice,Ligue_1,M S,M,True,29.9,8000000.0,1994-08-18,2024-06-30,morgan sanson,0.0897755610972568,0.1113557543586986,0.1113557543586986,0.1346633416458852,0.2138527663903046,1.840399002493765,1.885286783042394,0.4850659919275607,0.2731467214066934,85.66978193146417,85.98130841121495,68.53582554517133,56.69781931464174,65.73208722741433,81.30841121495327,85.82554517133957,62.616822429906534,73.5202492211838,74.01090342679127
177779,2022,32,2275,5,2.446650293655693,1,2.097323566675186,32,23,1,0,5,2.446650293655693,8.055939726531506,4.546195590868592,Janik Haberer,Union Berlin,Bundesliga,M S,M,True,29.2,7000000.0,1994-04-02,2023-06-30,janik haberer,0.1978021978021978,0.0967905610676977,0.0967905610676977,0.0395604395604395,0.0829710421981392,1.265934065934066,0.90989010989011,0.3186965166539936,0.1798494959024937,42.45283018867924,43.08176100628931,38.9937106918239,26.41509433962264,61.63522012578616,63.20754716981132,42.76729559748428,32.704402515723274,62.42138364779874,45.14150943396226
178313,2022,30,1321,3,1.1009769449010491,1,1.401987187564373,22,9,4,1,3,1.1009769449010491,6.273453950881958,5.081182343885303,Jean Eudes Aholou,Strasbourg,Ligue_1,M S,M,True,29.3,2500000.0,1994-03-20,2023-06-30,jean eudes aholou,0.2043906131718395,0.0750097842854613,0.0750097842854613,0.0681302043906131,0.0955176736417816,1.49886449659349,0.6131718395155186,0.4274116999086875,0.3461819916348806,51.257861635220124,21.69811320754717,60.062893081761004,73.89937106918238,51.57232704402516,72.64150943396226,36.477987421383645,66.98113207547169,62.10691823899371,54.84276729559748
178313,2024,26,2024,2,2.1293888445943594,0,0.9289217963814737,27,10,7,0,2,2.1293888445943594,4.615285698324442,3.1129951030015945,Jean Eudes Aholou,Angers,Ligue_1,M,M,True,31.3,,1994-03-20,2025-06-30,jean eudes aholou,0.0889328063241106,0.0946862628525159,0.0946862628525159,0.0,0.0413058111039192,1.200592885375494,0.4446640316205533,0.2052251545697627,0.1384236952915729,16.715542521994134,10.557184750733137,7.624633431085044,8.797653958944283,57.77126099706745,56.30498533724341,13.636363636363637,8.211143695014663,57.03812316715543,24.758064516129032
178425,2022,25,1515,0,0.4969134703278541,2,0.5720137730240822,8,10,6,0,0,0.4969134703278541,4.418123384937644,3.894227730110288,Dani García,Athletic Club,La_Liga,M S,M,True,33.1,2000000.0,1990-05-24,2023-06-30,dani garcia,0.0,0.0295196120986844,0.0295196120986844,0.1188118811881188,0.0339810162192524,0.4752475247524752,0.594059405940594,0.2624627753428303,0.2313402611946706,12.264150943396226,18.867924528301888,23.270440251572328,45.911949685534594,19.81132075471698,12.89308176100629,15.566037735849058,34.59119496855346,16.352201257861637,22.46069182389937
179635,2022,25,1306,3,1.3651106618344784,7,4.021769605576992,17,27,4,0,3,1.3651106618344784,5.595948418602347,3.754003750160337,Philipp Förster,Bochum,Bundesliga,M S,M,True,28.4,2800000.0,1995-02-04,2023-06-30,philipp forster,0.2067381316998468,0.0940734759304005,0.0940734759304005,0.4823889739663093,0.2771510447947391,1.1715160796324655,1.8606431852986216,0.385631973716854,0.2586985739007889,96.54088050314465,88.0503144654088,52.83018867924528,55.0314465408805,59.74842767295597,56.289308176100626,92.29559748427673,53.93081761006289,58.018867924528294,68.58490566037734
181136,2022,37,2324,3,2.871987667866051,8,8.54276185669005,53,83,3,0,3,2.871987667866051,15.071963913738728,10.260666150599718,Piotr Zielinski,Napoli,Serie_A,M S,M,True,29.1,35000000.0,1994-05-20,2023-06-30,piotr zielinski,0.1161790017211704,0.11122155340273,0.11122155340273,0.3098106712564544,0.3308298481506473,2.0524956970740105,3.214285714285714,0.5836819071585565,0.3973579834569599,98.11320754716981,99.05660377358491,85.53459119496856,82.0754716981132,68.55345911949685,92.13836477987421,98.58490566037736,83.80503144654088,80.34591194968553,87.94025157232703
181136,2023,28,1979,3,2.7691213600337505,2,3.8941668095067135,30,48,1,0,2,2.007822524756193,11.810004824772475,9.097011776641011,Piotr Zielinski,Napoli,Serie_A,M S,M,True,30.1,22000000.0,1994-05-20,2024-06-30,piotr zielinski,0.136432541687721,0.1259327551303878,0.0913107767701149,0.090955027791814,0.1770970251923214,1.3643254168772108,2.182920667003537,0.5370896585293192,0.4137094794834214,79.75077881619937,91.58878504672897,75.70093457943925,80.68535825545172,56.38629283489096,64.797507788162,85.66978193146417,78.19314641744549,60.59190031152647,75.52959501557632
181136,2024,26,947,2,2.6944100074470043,2,0.618134144693613,17,13,0,0,0,1.1718123368918896,6.736713929101825,5.561824133619666,Piotr Zielinski,Inter,Serie_A,M S,M,True,31.1,10000000.0,1994-05-20,2025-06-30,piotr zielinski,0.1900739176346357,0.25606853291471,0.1113654808028195,0.1900739176346357,0.0587455892528248,1.6156282998944034,1.2354804646251318,0.6402368042441016,0.5285788511359767,26.68621700879765,63.929618768328446,84.4574780058651,91.78885630498533,63.929618768328446,76.53958944281524,45.30791788856305,88.12316715542522,70.23460410557185,67.77126099706744
181382,2023,30,2314,2,2.778659758158028,0,0.6587939606979489,32,13,4,0,0,1.2584694530814886,8.388548022136092,7.483502667397261,Abdoulaye Touré,Le Havre,Ligue_1,M S,M,True,30.3,3000000.0,1994-03-03,2024-06-30,abdoulaye toure,0.0777873811581676,0.1080723328583502,0.0489465215113802,0.0,0.0256229284627551,1.2445980985306828,0.5056179775280899,0.3262615911807469,0.2910610371934976,7.165109034267912,11.993769470404985,34.26791277258567,61.059190031152646,32.71028037383177,55.45171339563863,9.57943925233645,47.66355140186916,44.0809968847352,33.259345794392516
181382,2024,28,2347,10,9.38324426021427,1,0.5837586019188166,47,7,5,0,2,2.542387966997921,7.795632460154593,6.679130156524479,Abdoulaye Touré,Le Havre,Ligue_1,M S,M,True,31.3,3000000.0,1994-03-03,2025-06-30,abdoulaye toure,0.3834682573498082,0.3598176324751956,0.0974925083211814,0.0383468257349808,0.0223852893790769,1.8023008095440989,0.2684277801448658,0.298937759443508,0.2561234401734994,6.158357771260997,2.0527859237536656,24.04692082111437,41.935483870967744,58.94428152492669,81.81818181818183,4.105571847507331,32.99120234604106,70.38123167155426,34.098240469208214
181579,2022,38,3378,9,5.408911099657416,4,6.058508426882327,44,72,6,0,7,2.3642341531813145,10.5485019069165,8.641763718798757,James Ward-Prowse,Southampton,EPL,M,M,True,28.7,38000000.0,1994-11-01,2023-06-30,james ward prowse,0.2397868561278863,0.1441095319624533,0.0629902527490581,0.1065719360568383,0.1614167431673799,1.172291296625222,1.9182948490230909,0.2810435676798357,0.2302423726145317,80.18867924528303,89.62264150943396,28.30188679245283,44.9685534591195,44.0251572327044,56.60377358490566,84.90566037735849,36.63522012578616,50.314465408805034,57.63364779874213
181579,2023,37,3025,7,5.63929136376828,7,8.108484361320734,44,64,4,0,5,4.116953688673675,11.991799759678544,7.065227452665567,James Ward-Prowse,West Ham,EPL,M S,M,True,29.7,30000000.0,1994-11-01,2024-06-30,james ward prowse,0.2082644628099173,0.1677805695005438,0.1224878783407043,0.2082644628099173,0.241244162816154,1.309090909090909,1.904132231404959,0.3567808192962212,0.2102051142941821,90.34267912772586,86.6043613707165,41.74454828660436,33.021806853582554,69.78193146417445,60.12461059190031,88.47352024922118,37.38317757009346,64.95327102803738,63.535825545171335
181579,2024,24,1449,1,1.2941841231659057,2,3.261906538158655,14,24,2,1,1,1.2941841231659057,5.538908100686967,2.914741839282214,James Ward-Prowse,"Nottingham Forest,West Ham",EPL,M S,M,True,30.7,8000000.0,1994-11-01,2025-06-30,james ward prowse,0.062111801242236,0.0803841070289382,0.0803841070289382,0.124223602484472,0.2026028905688605,0.8695652173913043,1.4906832298136647,0.3440315590488799,0.1810398657939263,84.75073313782991,74.7800586510264,34.31085043988269,21.994134897360702,48.38709677419355,35.483870967741936,79.76539589442815,28.152492668621697,41.935483870967744,50.351906158357764
181768,2024,25,1330,3,2.768267986364662,3,2.086292065680027,20,24,7,0,0,0.4843715196475386,3.7652265951037407,2.650100890547037,Hernani,Parma Calcio 1913,Serie_A,M S,M,True,31.3,1600000.0,1994-03-27,2025-06-30,hernani,0.2030075187969925,0.1873264050923455,0.0327770201265251,0.2030075187969925,0.1411776585798514,1.3533834586466165,1.62406015037594,0.2547897695934862,0.1793301354505514,66.86217008797654,78.2991202346041,14.369501466275661,21.407624633431084,17.302052785923756,66.27565982404691,72.58064516129032,17.888563049853374,41.78885630498533,44.20087976539589
182574,2022,21,1048,0,0.3401148924604058,0,0.8573997933417559,5,13,3,0,0,0.3401148924604058,2.883164616767317,2.1692807325162,Jean-Paul Boëtius,Hertha Berlin,Bundesliga,M S,M,True,29.3,1500000.0,1994-03-22,2023-06-30,jean paul boetius,0.0,0.0292083400013707,0.0292083400013707,0.0,0.0736316616419446,0.4293893129770992,1.116412213740458,0.2476000147987199,0.1862931926779179,38.67924528301887,56.60377358490566,20.754716981132077,28.930817610062892,19.18238993710692,11.320754716981133,47.64150943396227,24.842767295597483,15.251572327044027,29.944968553459123
182618,2023,20,1320,2,1.53631126973778,1,0.5140000507235527,12,4,5,0,2,1.53631126973778,5.109879486262798,3.6135247200727454,Tiemoué Bakayoko,Lorient,Ligue_1,M S,M,True,29.9,2000000.0,1994-08-17,2024-06-30,tiemoue bakayoko,0.1363636363636363,0.1047484956639395,0.1047484956639395,0.0681818181818181,0.0350454580038785,0.8181818181818181,0.2727272727272727,0.3484008740633726,0.2463766854595053,13.707165109034266,1.557632398753894,40.18691588785047,44.85981308411215,62.616822429906534,30.529595015576323,7.63239875389408,42.523364485981304,46.57320872274143,31.526479750778808
182893,2022,35,3081,7,8.317651617340744,5,2.907325930893421,85,36,2,0,6,6.797465580515564,18.1595296561718,9.702517166733742,Seko Fofana,Lens,Ligue_1,M S,M,True,28.1,32000000.0,1995-05-07,2023-06-30,seko fofana,0.2044790652385589,0.2429693753848318,0.198562772556443,0.1460564751703992,0.0849267555275585,2.482960077896786,1.0516066212268744,0.5304633784665569,0.2834230915306838,44.0251572327044,52.83018867924528,78.9308176100629,61.63522012578616,90.25157232704403,96.85534591194968,48.42767295597484,70.28301886792454,93.55345911949686,69.61477987421384
182913,2022,32,2756,8,7.234948273748159,4,2.161040493287146,48,31,9,0,8,7.234948273748159,10.3733021132648,6.57682091742754,Adrien Rabiot,Juventus,Serie_A,M S,M,True,28.2,40000000.0,1995-04-03,2023-06-30,adrien rabiot,0.2612481857764877,0.2362646388379297,0.2362646388379297,0.1306240928882438,0.0705709885325991,1.5674891146589258,1.0123367198838895,0.3387507947002293,0.21477281660685,35.84905660377358,52.20125786163522,43.08176100628931,38.05031446540881,93.71069182389937,75.78616352201259,44.0251572327044,40.566037735849065,84.74842767295598,55.03144654088051
182913,2023,31,2650,5,3.885295913554728,3,4.415788423269987,38,26,8,0,5,3.885295913554728,12.9052067771554,7.400138486176729,Adrien Rabiot,Juventus,Serie_A,M S,M,True,29.2,35000000.0,1995-04-03,2024-06-30,adrien rabiot,0.1698113207547169,0.1319534461207266,0.1319534461207266,0.1018867924528302,0.1499701728657731,1.290566037735849,0.8830188679245283,0.4382900414882965,0.2513254580210964,71.65109034267913,42.36760124610592,60.747663551401864,47.97507788161994,72.27414330218068,58.87850467289719,57.00934579439252,54.361370716510905,65.57632398753893,58.65264797507787
182913,2024,29,2476,9,7.286307154223323,5,3.954880988225341,49,29,4,0,9,7.286307154223323,19.92361005023122,10.759618811309338,Adrien Rabiot,Marseille,Ligue_1,M S,M,True,30.2,25000000.0,1995-04-03,2025-06-30,adrien rabiot,0.327140549273021,0.2648496138449511,0.2648496138449511,0.1817447495961227,0.1437557709774962,1.7810985460420037,1.054119547657512,0.7242023039260136,0.3911008453222295,69.20821114369502,56.30498533724341,90.32258064516128,77.41935483870968,92.66862170087975,81.23167155425219,62.756598240469216,83.87096774193549,86.95014662756597,77.40469208211144
183293,2022,20,1028,0,0.1488286033272743,1,1.1982360780239103,3,8,1,0,0,0.1488286033272743,2.398142223246396,2.1275645093992352,Joe Rothwell,Bournemouth,EPL,M S,M,True,28.5,4000000.0,1995-01-11,2023-06-30,joe rothwell,0.0,0.0130297415364345,0.0130297415364345,0.0875486381322957,0.1049039367919765,0.2626459143968871,0.7003891050583657,0.2099540856927778,0.1862653753365089,55.660377358490564,28.30188679245283,10.377358490566039,28.61635220125786,8.49056603773585,2.8301886792452833,41.9811320754717,19.49685534591195,5.660377358490567,23.215408805031444
184129,2023,23,1326,1,0.9263012297451496,1,1.848531438037753,17,12,4,0,1,0.9263012297451496,4.373950673267245,2.606989283114672,Jordan Clark,Luton,EPL,M S,M,True,30.8,1000000.0,1993-09-22,2024-06-30,jordan clark,0.0678733031674208,0.0628711241908472,0.0628711241908472,0.0678733031674208,0.1254659347084447,1.1538461538461535,0.8144796380090499,0.2968744800860121,0.1769449739670592,64.17445482866043,38.31775700934579,27.41433021806853,20.24922118380062,40.809968847352025,48.598130841121495,51.246105919003114,23.83177570093458,44.70404984423676,39.68847352024922
184894,2022,25,1112,1,0.3654387472197413,0,0.7536100428551435,9,14,3,0,1,0.3654387472197413,3.56088852416724,2.939039021730423,Alfred Duncan,Fiorentina,Serie_A,M S,M,True,30.3,4000000.0,1993-03-10,2023-06-30,alfred duncan,0.0809352517985611,0.0295768770231805,0.0295768770231805,0.0,0.0609936185764055,0.7284172661870504,1.1330935251798562,0.2882014093300824,0.2378718632695486,30.18867924528302,57.23270440251572,30.81761006289308,49.37106918238994,20.125786163522015,25.157232704402517,43.71069182389937,40.09433962264151,22.641509433962266,36.124213836477985
184894,2023,30,1922,2,1.7479003816843033,5,1.8096561208367348,23,36,2,0,2,1.7479003816843033,7.860188426449895,5.145171854645014,Alfred Duncan,Fiorentina,Serie_A,M S,M,True,31.3,4000000.0,1993-03-10,2024-06-30,alfred duncan,0.0936524453694068,0.0818475725034273,0.0818475725034273,0.2341311134235171,0.0847393604970375,1.0770031217481788,1.6857440166493236,0.3680629336006714,0.240928963016676,45.17133956386293,82.2429906542056,43.925233644859816,42.679127725856695,51.71339563862928,43.45794392523364,63.707165109034264,43.30218068535825,47.58566978193146,51.72897196261681
184894,2024,16,965,0,0.968411073088646,0,1.9832440372556448,15,11,2,0,0,0.968411073088646,3.4534763414412737,1.5767809636890888,Alfred Duncan,Venezia,Serie_A,M S,M,True,32.3,,1993-03-10,2025-06-30,alfred duncan,0.0,0.0903181311688892,0.0903181311688892,0.0,0.1849657651326508,1.3989637305699485,1.0259067357512954,0.3220858764038493,0.1470572919502777,81.23167155425219,55.13196480938416,27.859237536656888,11.143695014662756,55.13196480938416,67.74193548387096,68.18181818181817,19.501466275659823,61.43695014662756,49.12023460410556
185077,2023,32,2416,8,7.684199303388596,8,8.20120744034648,49,56,3,0,2,3.1375391986221075,12.51849060319364,5.632112881168723,Vincenzo Grifo,Freiburg,Bundesliga,M S,M,True,31.2,9000000.0,1993-04-07,2024-06-30,vincenzo grifo,0.2980132450331126,0.2862491462355023,0.1168785297499957,0.2980132450331126,0.3055085553109202,1.8253311258278144,2.0860927152317883,0.4663345009467829,0.2098055295137355,95.01557632398755,90.65420560747664,66.04361370716511,32.398753894081,67.28971962616822,80.99688473520249,92.83489096573209,49.22118380062305,74.14330218068535,71.96261682242991
187492,2024,30,2354,5,4.579855159856379,10,9.031145641580224,44,61,1,0,5,4.579855159856379,23.14715365692973,13.3252425622195,Julian Brandt,Borussia Dortmund,Bundesliga,M S,M,True,29.2,25000000.0,1996-05-02,2025-06-30,julian brandt,0.1911639762107052,0.175100664565452,0.175100664565452,0.3823279524214104,0.3452859421164911,1.6822429906542056,2.332200509770604,0.8849803862037706,0.509461270433201,98.53372434017595,95.89442815249268,95.01466275659824,91.20234604105572,80.05865102639295,78.88563049853371,97.21407624633432,93.10850439882698,79.47214076246334,90.45454545454545
188077,2023,37,2974,0,2.0325705148279667,5,6.359501954168081,43,53,6,0,0,2.0325705148279667,14.907791091129184,9.681732330471275,Ryan Christie,Bournemouth,EPL,M S,M,True,29.4,12000000.0,1995-02-22,2024-06-30,ryan christie,0.0,0.0615102038784522,0.0615102038784522,0.1513113651647612,0.1924529844906278,1.3012777404169469,1.6039004707464692,0.4511436443179645,0.2929912272166828,83.8006230529595,79.75077881619937,62.928348909657316,61.37071651090342,39.56386292834891,59.813084112149525,81.77570093457943,62.14953271028037,49.68847352024922,65.28037383177569
188077,2024,29,2150,2,1.625680811703205,3,3.819417158141732,33,42,9,0,2,1.625680811703205,9.731656536459925,6.203945886343718,Ryan Christie,Bournemouth,EPL,M S,M,True,30.4,10000000.0,1995-02-22,2025-06-30,ryan christie,0.0837209302325581,0.0680517549085062,0.0680517549085062,0.1255813953488372,0.1598825787129097,1.3813953488372093,1.7581395348837208,0.4073716689680898,0.2597000603585742,75.366568914956,84.1642228739003,49.266862170087975,42.52199413489736,42.22873900293255,66.56891495601172,79.76539589442815,45.894428152492665,54.39882697947213,60.300586510263926
189475,2022,13,967,0,0.0263745998963713,0,0.2204422019422054,2,6,5,0,0,0.0263745998963713,1.5679318085312843,1.3211149126291275,Carlos Gruezo,Augsburg,Bundesliga,M S,M,True,28.2,3000000.0,1995-04-19,2023-06-30,carlos gruezo,0.0,0.0024547197421648,0.0024547197421648,0.0,0.0205168543689746,0.1861427094105481,0.5584281282316442,0.145929537505497,0.1229579546397326,5.345911949685535,16.9811320754717,2.515723270440252,7.547169811320755,0.628930817610063,1.5723270440251573,11.163522012578618,5.031446540880504,1.10062893081761,5.998427672955975
190284,2022,31,2457,1,0.6381404902786016,2,1.6137695387005806,16,24,6,0,1,0.6381404902786016,7.011526858434081,5.197655914351344,Maximilian Eggestein,Freiburg,Bundesliga,M S,M,True,26.6,10000000.0,1996-12-08,2023-06-30,maximilian eggestein,0.0366300366300366,0.0233751095340147,0.0233751095340147,0.0732600732600732,0.0591124373150395,0.5860805860805861,0.8791208791208791,0.256832485656926,0.1903903265330162,29.245283018867923,41.82389937106918,22.32704402515723,30.50314465408805,16.037735849056602,18.238993710691823,35.534591194968556,26.41509433962264,17.138364779874212,26.82389937106918
190284,2023,33,2926,1,2.301129903644324,1,2.667136858217418,39,25,6,0,1,2.301129903644324,11.088446551933885,7.465105237439275,Maximilian Eggestein,Freiburg,Bundesliga,M,M,True,27.6,10000000.0,1996-12-08,2024-06-30,maximilian eggestein,0.0307587149692412,0.0707797988133934,0.0707797988133934,0.0307587149692412,0.0820377024058672,1.19958988380041,0.7689678742310322,0.3410663669426007,0.2296170442137849,43.925233644859816,33.95638629283489,37.69470404984423,38.62928348909657,46.728971962616825,52.336448598130836,38.940809968847354,38.1619937694704,49.532710280373834,41.84579439252336
190284,2024,33,2877,2,2.7688491884619,0,1.511209450662136,36,19,4,0,2,2.7688491884619,11.366839273832738,8.970980004407465,Maximilian Eggestein,Freiburg,Bundesliga,M,M,True,28.6,10000000.0,1996-12-08,2025-06-30,maximilian eggestein,0.0625651720542231,0.0866167629341574,0.0866167629341574,0.0,0.0472745396453223,1.1261730969760166,0.5943691345151199,0.355584127440023,0.2806354537353743,19.64809384164223,21.700879765395893,37.5366568914956,48.09384164222874,52.785923753665685,50.733137829912025,20.67448680351906,42.81524926686217,51.759530791788855,37.74926686217009
190393,2022,30,2059,1,1.6808423968032002,2,5.941287260502577,30,33,3,0,1,1.6808423968032002,18.15995277464389,13.808413870632648,Corentin Tolisso,Lyon,Ligue_1,M S,M,True,28.9,14000000.0,1994-08-03,2023-06-30,corentin tolisso,0.0437105390966488,0.0734705273007712,0.0734705273007712,0.0874210781932977,0.2596968690846196,1.3113161728994658,1.4424477901894122,0.7937813257493687,0.6035732143549968,94.65408805031447,76.41509433962264,94.9685534591195,96.85534591194968,50.62893081761006,66.0377358490566,85.53459119496856,95.9119496855346,58.33333333333333,81.0062893081761
190393,2024,32,2343,7,5.665476999245584,4,4.006495236419141,51,31,4,0,7,5.665476999245584,24.05178974941373,16.688746716827154,Corentin Tolisso,Lyon,Ligue_1,M S,M,True,30.9,12000000.0,1994-08-03,2025-06-30,corentin tolisso,0.2688860435339308,0.2176239564370903,0.2176239564370903,0.1536491677336748,0.1538986646511834,1.9590268886043531,1.1907810499359794,0.9238843693756876,0.6410530108896474,73.02052785923753,62.17008797653959,96.7741935483871,96.7741935483871,87.97653958944281,86.80351906158357,67.59530791788856,96.7741935483871,87.39002932551318,83.74633431085043
191614,2022,35,1207,2,2.2472731824964285,2,2.549862952902913,26,30,6,0,2,2.2472731824964285,12.157874770462511,8.124852128326893,Fred,Manchester United,EPL,M S,M,True,30.3,20000000.0,1993-03-05,2023-06-30,fred,0.1491300745650372,0.1675680086368505,0.1675680086368505,0.1491300745650372,0.1901306261485188,1.9386909693454848,2.236951118475559,0.90655238553573,0.6058299018636457,88.0503144654088,95.59748427672956,96.85534591194968,97.16981132075472,84.90566037735849,88.36477987421384,91.82389937106919,97.0125786163522,86.63522012578616,92.08333333333333
192009,2022,34,1218,1,1.1796559831127524,2,1.0152464844286442,26,21,2,0,1,1.1796559831127524,4.072189535945654,3.128623991273344,Unai López,Rayo Vallecano,La_Liga,M S,M,True,27.7,3500000.0,1995-10-30,2023-06-30,unai lopez,0.0738916256157635,0.087166698259563,0.087166698259563,0.147783251231527,0.0750182131351215,1.9211822660098523,1.5517241379310345,0.3009007046265261,0.2311791126556658,39.62264150943396,80.50314465408806,33.9622641509434,45.59748427672956,56.91823899371069,87.73584905660378,60.06289308176101,39.77987421383648,72.32704402515724,56.643081761006286
192009,2023,35,2184,1,0.8788710786029696,2,2.645142774097621,32,31,8,0,1,0.8788710786029696,6.50930130854249,4.759890879504383,Unai López,Rayo Vallecano,La_Liga,M S,M,True,28.7,3000000.0,1995-10-30,2024-06-30,unai lopez,0.0412087912087912,0.0362172147775949,0.0362172147775949,0.0824175824175824,0.1090031362952316,1.3186813186813189,1.2774725274725274,0.2682404385388389,0.1961493494301256,59.813084112149525,66.04361370716511,19.626168224299064,27.725856697819314,23.364485981308412,61.37071651090342,62.928348909657316,23.676012461059187,42.36760124610592,43.02180685358255
192009,2024,32,1740,3,1.5628475891426206,1,0.9076807517558336,26,19,9,1,3,1.5628475891426206,6.345573823899031,4.654164179228246,Unai López,Rayo Vallecano,La_Liga,M S,M,True,29.7,2500000.0,1995-10-30,2025-06-30,unai lopez,0.1551724137931034,0.0808369442659976,0.0808369442659976,0.0517241379310344,0.0469490044011638,1.3448275862068966,0.9827586206896552,0.3282193357189154,0.2407326299600816,19.06158357771261,52.19941348973607,29.61876832844575,37.24340175953079,48.97360703812317,65.6891495601173,35.630498533724335,33.43108504398827,57.33137829912023,41.37096774193548
192557,2024,29,2610,0,3.682750564068556,6,4.798954357858747,41,33,2,0,0,3.682750564068556,9.905083059333265,4.877807507291436,Jackson Irvine,St. Pauli,Bundesliga,M,M,True,32.3,2000000.0,1993-03-07,2025-06-30,jackson irvine,0.0,0.1269913987609847,0.1269913987609847,0.2068965517241379,0.1654811847537499,1.4137931034482758,1.137931034482759,0.3415545882528712,0.1682002588721184,76.53958944281524,59.530791788856305,33.43108504398827,18.7683284457478,68.91495601173021,68.32844574780059,68.03519061583577,26.099706744868037,68.6217008797654,53.53372434017595
192565,2022,32,1997,8,9.470278967171907,7,5.158201150596142,79,35,4,0,8,9.470278967171907,23.99955504760146,11.749857423827052,Leroy Sané,Bayern Munich,Bundesliga,M S,M,True,27.5,65000000.0,1996-01-11,2023-06-30,leroy sane,0.3605408112168252,0.4268027576592246,0.4268027576592246,0.3154732098147221,0.2324677534069368,3.560340510766149,1.5773660490736103,1.0816023807131354,0.5295378909085802,92.76729559748428,81.13207547169812,99.37106918238993,94.0251572327044,99.37106918238993,100.0,86.9496855345912,96.69811320754717,99.68553459119497,94.1823899371069
192565,2023,27,2139,8,10.463140001520514,11,11.30691079236567,73,72,4,0,8,10.463140001520514,29.35667160153389,12.488253947347404,Leroy Sané,Bayern Munich,Bundesliga,M S,M,True,28.5,70000000.0,1996-01-11,2024-06-30,leroy sane,0.3366058906030855,0.4402443198395728,0.4402443198395728,0.4628330995792426,0.4757465971542358,3.071528751753156,3.02945301542777,1.235203573697078,0.5254524802530465,99.37694704049844,98.13084112149532,99.68847352024922,88.78504672897196,100.0,98.75389408099689,98.75389408099687,94.23676012461058,99.37694704049844,97.35981308411213
192565,2024,30,1638,11,10.864085894078016,5,6.123259458690882,67,37,2,0,11,10.864085894078016,21.53510593622923,8.566130949184299,Leroy Sané,Bayern Munich,Bundesliga,M S,M,True,29.5,32000000.0,1996-01-11,2025-06-30,leroy sane,0.6043956043956045,0.596927796377913,0.596927796377913,0.2747252747252747,0.3364428274005979,3.6813186813186816,2.032967032967033,1.183247578913694,0.470666535669467,98.24046920821115,91.49560117302052,99.70674486803519,88.56304985337243,100.0,99.70674486803519,94.86803519061584,94.1348973607038,99.85337243401759,96.10703812316716
192638,2022,24,1158,1,1.121543249115348,1,0.9257133156061172,8,9,2,0,1,1.121543249115348,2.567320127040148,0.7479743994772434,Nicolas Haas,Empoli,Serie_A,M S,M,True,27.4,2000000.0,1996-01-23,2023-06-30,nicolas haas,0.077720207253886,0.0871665737654415,0.0871665737654415,0.077720207253886,0.0719466307465894,0.6217616580310881,0.6994818652849741,0.1995326523606332,0.0581327253479722,37.10691823899371,27.9874213836478,8.80503144654088,0.3144654088050315,56.60377358490566,19.81132075471698,32.54716981132076,4.559748427672956,38.20754716981132,24.449685534591197
192735,2022,38,3117,1,0.5055775418877602,1,1.1335803046822548,11,17,2,0,1,0.5055775418877602,16.427517177537084,14.99005044810474,Stanislav Lobotka,Napoli,Serie_A,M S,M,True,28.6,40000000.0,1994-11-25,2023-06-30,stanislav lobotka,0.0288739172281039,0.0145980040968554,0.0145980040968554,0.0288739172281039,0.0327309038888042,0.3176130895091434,0.4908565928777671,0.4743267712474615,0.4328214758836787,11.320754716981133,13.20754716981132,68.55345911949685,86.79245283018868,9.748427672955975,5.345911949685535,12.264150943396228,77.67295597484276,7.547169811320755,33.74213836477987
192735,2023,38,3324,0,0.6276283888146281,1,1.4858915386721492,14,23,4,0,0,0.6276283888146281,16.704255057498813,15.061229022219775,Stanislav Lobotka,Napoli,Serie_A,M,M,True,29.6,28000000.0,1994-11-25,2024-06-30,stanislav lobotka,0.0,0.016993548433609,0.016993548433609,0.0270758122743682,0.0402317203611592,0.3790613718411552,0.6227436823104693,0.4522812741200039,0.4077950096268892,16.510903426791277,20.5607476635514,63.55140186915887,79.43925233644859,9.034267912772584,4.984423676012461,18.53582554517134,71.49532710280373,7.009345794392523,33.613707165109034
192735,2024,32,2678,0,0.2537906588986516,1,1.2683991631492972,7,17,3,0,0,0.2537906588986516,13.80389129370451,13.176433347165585,Stanislav Lobotka,Napoli,Serie_A,M S,M,True,30.6,25000000.0,1994-11-25,2025-06-30,stanislav lobotka,0.0,0.0085291856986103,0.0085291856986103,0.0336071695294996,0.0426273057070338,0.2352501867064974,0.5713218820014937,0.4639097148743114,0.442822629292346,17.302052785923756,19.06158357771261,58.06451612903226,85.04398826979472,2.346041055718475,1.466275659824047,18.181818181818183,71.5542521994135,1.906158357771261,31.979472140762464
193116,2022,34,2692,1,1.9473767010495069,3,3.408585306257009,42,18,7,0,1,1.9473767010495069,10.670297458767893,6.900125402957201,John McGinn,Aston Villa,EPL,M S,M,True,28.7,27000000.0,1994-10-18,2023-06-30,john mcginn,0.0334323922734026,0.0651054617735719,0.0651054617735719,0.100297176820208,0.1139571610561407,1.4041604754829122,0.6017830609212481,0.3567335703154198,0.2306876992073358,60.691823899371066,19.81132075471698,47.48427672955975,45.28301886792453,45.28301886792453,67.9245283018868,40.25157232704402,46.383647798742146,56.60377358490567,47.30345911949686
193116,2023,35,3053,6,4.672283694148064,4,5.626847393810749,40,45,9,1,6,4.672283694148064,20.780676677823067,13.845141869038343,John McGinn,Aston Villa,EPL,M,M,True,29.7,30000000.0,1994-10-18,2024-06-30,john mcginn,0.1768752047166721,0.1377351891494679,0.1377351891494679,0.117916803144448,0.1658749641149582,1.179168031444481,1.326564035375041,0.6125977402568215,0.4081437170695876,76.94704049844236,69.78193146417445,81.61993769470405,79.75077881619937,74.76635514018692,50.77881619937694,73.3644859813084,80.68535825545172,62.77258566978193,72.74922118380061
193116,2024,34,2247,1,3.7942231353372335,4,3.4790949057787657,31,30,7,0,1,3.7942231353372335,11.842593720182776,7.252999009564519,John McGinn,Aston Villa,EPL,M S,M,True,30.7,16000000.0,1994-10-18,2025-06-30,john mcginn,0.0400534045393858,0.1519715541523591,0.1519715541523591,0.1602136181575434,0.1393495956920734,1.2416555407209613,1.2016021361815754,0.4743361970700712,0.2905073034538525,65.98240469208211,63.049853372434015,60.70381231671554,51.90615835777126,75.65982404692082,58.65102639296188,64.51612903225806,56.3049853372434,67.15542521994135,62.43401759530791
193867,2022,25,989,0,0.4745572470128536,1,2.013968663290143,12,18,9,0,0,0.4745572470128536,4.68303988315165,3.968433963134885,Liam Henderson,Empoli,Serie_A,M S,M,True,27.2,2500000.0,1996-04-25,2023-06-30,liam henderson,0.0,0.0431851893136065,0.0431851893136065,0.0910010111223458,0.1832731847281222,1.0920121334681496,1.6380182002022246,0.4261613644930723,0.3611315032175325,86.79245283018868,83.33333333333334,59.43396226415094,75.15723270440252,27.67295597484277,50.0,85.06289308176102,67.29559748427673,38.83647798742138,64.97641509433961
193867,2024,36,2358,0,0.5047031184658408,4,4.136965589597821,22,32,10,0,0,0.5047031184658408,7.070838793180883,4.5941177373752,Liam Henderson,Empoli,Serie_A,M S,M,True,29.2,,1996-04-25,2025-06-30,liam henderson,0.0,0.0192634778040397,0.0192634778040397,0.1526717557251908,0.1578994499846496,0.8396946564885497,1.2213740458015268,0.2698793432511787,0.1753480052433282,74.48680351906158,63.63636363636363,16.715542521994134,20.821114369501466,8.211143695014663,33.137829912023456,69.06158357771261,18.768328445747798,20.67448680351906,36.94281524926686
195335,2022,27,1402,0,0.4735700115561485,1,1.772659558802843,12,25,2,0,0,0.4735700115561485,4.723732424899936,3.4107125028967857,Michele Castagnetti,Cremonese,Serie_A,M S,M,True,33.5,700000.0,1989-12-27,2023-06-30,michele castagnetti,0.0,0.0304003573752163,0.0304003573752163,0.0641940085592011,0.1137941228903394,0.7703281027104137,1.6048502139800287,0.3032353197154024,0.2189473076039306,60.37735849056604,82.70440251572327,35.22012578616352,40.25157232704403,20.440251572327046,29.559748427672954,71.54088050314465,37.735849056603776,25.0,45.746855345911946
196792,2022,23,1892,1,0.9302280703559518,0,0.5656399503350258,8,6,6,0,0,0.1725317994132638,7.779653295874596,7.725211024284363,Julian Weigl,Borussia M.Gladbach,Bundesliga,M S,M,True,27.8,10000000.0,1995-09-08,2023-06-30,julian weigl,0.047568710359408,0.0442497496469533,0.008207115194077,0.0,0.0269067629651967,0.3805496828752643,0.2854122621564482,0.3700680743280727,0.3674783256794887,9.433962264150944,3.1446540880503147,50.0,76.10062893081762,2.515723270440252,9.119496855345911,6.289308176100629,63.05031446540881,5.817610062893081,26.014150943396224
196792,2023,31,2774,2,2.3818776588886976,3,2.265138564631343,19,24,10,0,0,0.866324270144105,11.471323980018497,9.569174846634269,Julian Weigl,Borussia M.Gladbach,Bundesliga,M,M,True,28.8,6000000.0,1995-09-08,2024-06-30,julian weigl,0.0648882480173035,0.077277934138422,0.02810713205226,0.0973323720259553,0.0734904364876787,0.6164383561643836,0.7786589762076424,0.3721770577511408,0.3104634953846734,36.7601246105919,35.202492211838006,45.482866043613704,65.42056074766354,16.822429906542055,18.38006230529595,35.981308411214954,55.45171339563862,17.601246105919003,37.28193146417445
196792,2024,33,2908,0,0.6710613574832678,2,1.152547612786293,19,12,8,0,0,0.6710613574832678,11.702455198392272,10.190631384029984,Julian Weigl,Borussia M.Gladbach,Bundesliga,M,M,True,29.8,6000000.0,1995-09-08,2025-06-30,julian weigl,0.0,0.0207687490280241,0.0207687490280241,0.061898211829436,0.0356703181398784,0.5880330123796423,0.3713892709766161,0.3621805253972849,0.3153909300421935,13.78299120234604,6.451612903225806,40.17595307917888,60.997067448680355,9.090909090909092,18.181818181818183,10.117302052785924,50.58651026392962,13.636363636363637,25.337243401759526
197473,2022,25,1186,0,0.4959374535828829,0,0.2717163655906915,10,6,3,0,0,0.4959374535828829,1.7717564776539805,1.3973325937986374,Alberto Grassi,Empoli,Serie_A,M S,M,True,28.3,2000000.0,1995-03-07,2023-06-30,alberto grassi,0.0,0.0376343767474363,0.0376343767474363,0.0,0.0206192857530878,0.7588532883642496,0.4553119730185497,0.1344503229248383,0.1060370433742642,5.9748427672955975,9.748427672955975,1.8867924528301887,5.031446540880504,23.89937106918239,28.61635220125786,7.861635220125786,3.4591194968553465,26.257861635220124,11.839622641509433
197473,2023,27,1837,0,0.9090436110273004,1,0.8388190064579248,23,6,4,1,0,0.9090436110273004,4.838489793241024,4.473317813128233,Alberto Grassi,Empoli,Serie_A,M S,M,True,29.3,1800000.0,1995-03-07,2024-06-30,alberto grassi,0.0,0.0445367038608911,0.0445367038608911,0.0489929232444202,0.0410961951993539,1.1268372346216655,0.2939575394665215,0.2370517590591683,0.2191609162664893,17.75700934579439,2.1806853582554515,14.018691588785046,35.202492211838006,27.725856697819314,46.41744548286604,9.968847352024921,24.610591900311526,37.07165109034268,23.22429906542056
197473,2024,28,2245,1,1.165816916152835,0,0.7257651910185814,11,7,8,0,1,1.165816916152835,6.6722745527513325,4.9939055615104735,Alberto Grassi,Empoli,Serie_A,M S,M,True,30.3,1800000.0,1995-03-07,2025-06-30,alberto grassi,0.0400890868596882,0.0467365356141448,0.0467365356141448,0.0,0.0290952637824821,0.4409799554565701,0.2806236080178174,0.2674853940969354,0.2002011138244733,9.090909090909092,2.346041055718475,16.422287390029325,27.56598240469208,28.445747800586513,9.67741935483871,5.718475073313783,21.994134897360702,19.06158357771261,15.417888563049852
199248,2024,30,2046,4,2.4521201327443123,2,1.721342091448605,30,18,8,0,4,2.4521201327443123,10.653758198022842,8.618931483477354,Bryan Cristante,Roma,Serie_A,M S,M,True,30.3,7000000.0,1995-03-03,2025-06-30,bryan cristante,0.1759530791788856,0.1078645219682248,0.1078645219682248,0.0879765395894428,0.0757188603276512,1.3196480938416424,0.7917888563049854,0.4686403899423538,0.3791318834374203,36.950146627565985,37.5366568914956,59.2375366568915,74.48680351906158,62.75659824046921,64.51612903225806,37.2434017595308,66.86217008797654,63.63636363636364,55.52785923753666
199733,2022,29,1986,0,0.1727507980540394,1,1.0014556162059307,6,16,5,0,0,0.1727507980540394,7.759812088683248,7.513631049543619,Danilo Cataldi,Lazio,Serie_A,M S,M,True,28.9,10000000.0,1994-08-06,2023-06-30,danilo cataldi,0.0,0.0078285860145335,0.0078285860145335,0.0453172205438066,0.0453831850244379,0.2719033232628399,0.7250755287009063,0.3516531158013556,0.3404968753569616,19.18238993710692,29.245283018867923,46.22641509433962,73.27044025157232,2.20125786163522,3.1446540880503147,24.21383647798742,59.74842767295597,2.6729559748427674,30.188679245283016
199733,2023,28,1355,1,0.3127561341971159,0,0.9586758268997072,12,11,8,0,1,0.3127561341971159,4.39442494045943,3.7201632326468825,Danilo Cataldi,Lazio,Serie_A,M S,M,True,29.9,5500000.0,1994-08-06,2024-06-30,danilo cataldi,0.066420664206642,0.0207734701680741,0.0207734701680741,0.0,0.0636758851815303,0.7970479704797048,0.7306273062730627,0.2918806233515488,0.2470957128695346,33.64485981308411,31.15264797507788,25.85669781931464,45.17133956386293,12.461059190031152,28.66043613707165,32.398753894081,35.51401869158879,20.5607476635514,29.937694704049846
199733,2024,25,1762,3,0.7924351925030351,0,0.5937809273600578,13,14,1,0,3,0.7924351925030351,7.411614859476685,6.710566373541951,Danilo Cataldi,Fiorentina,Serie_A,M S,M,True,30.9,3500000.0,1994-08-06,2025-06-30,danilo cataldi,0.1532349602724177,0.0404762584138894,0.0404762584138894,0.0,0.0303293322715126,0.6640181611804767,0.7150964812712826,0.3785728361821234,0.3427644572183743,10.263929618768328,32.25806451612903,43.401759530791786,67.74193548387096,22.58064516129032,21.114369501466275,21.26099706744868,55.57184750733137,21.847507331378296,33.4457478005865
202886,2023,29,2111,6,3.988019663840532,1,2.216939765959978,41,25,5,0,6,3.988019663840532,11.732238488271832,6.346873274073005,Ruben Loftus-Cheek,AC Milan,Serie_A,M S,M,True,28.4,25000000.0,1996-01-23,2024-06-30,ruben loftus cheek,0.255802936996684,0.1700245238018227,0.1700245238018227,0.0426338228327806,0.0945166172128839,1.7479867361440071,1.0658455708195167,0.5001901771409119,0.2705914707089391,52.64797507788161,55.7632398753894,70.7165109034268,56.074766355140184,82.86604361370716,79.75077881619937,54.20560747663551,63.39563862928349,81.30841121495327,65.55295950155762
202886,2024,19,1022,0,0.7318667685613036,0,1.7056302540004251,9,16,3,0,0,0.7318667685613036,5.9890375174582005,4.160362552851439,Ruben Loftus-Cheek,AC Milan,Serie_A,M S,M,True,29.4,10000000.0,1996-01-23,2025-06-30,ruben loftus cheek,0.0,0.064450106820467,0.064450106820467,0.0,0.1502022728571803,0.7925636007827788,1.4090019569471623,0.5274103488955362,0.3663724361610856,71.5542521994135,71.8475073313783,71.5542521994135,73.02052785923753,40.469208211143695,29.03225806451613,71.7008797653959,72.28739002932551,34.75073313782991,60.82111436950146
202984,2022,29,1631,2,1.2065193159505725,1,0.8873448986560106,26,18,8,1,2,1.2065193159505725,5.951599834486842,4.353925374336541,Roque Mesa,Real Valladolid,La_Liga,M S,M,True,34.1,2500000.0,1989-06-07,2023-06-30,roque mesa,0.1103617412630288,0.0665767862878918,0.0665767862878918,0.0551808706315144,0.0489644640582715,1.434702636419375,0.9932556713672596,0.328414460517361,0.2402533928205326,21.69811320754717,50.0,40.88050314465409,50.0,46.22641509433962,68.86792452830188,35.84905660377358,45.44025157232704,57.54716981132076,45.715408805031444
203394,2022,33,2765,4,6.426880993880332,6,4.836930306628346,62,60,8,0,3,5.665711977519095,10.15508385375142,4.31409253180027,Andreas Pereira,Fulham,EPL,M,M,True,27.5,18000000.0,1996-01-01,2023-06-30,andreas pereira,0.1301989150090416,0.2091932330738625,0.1844173880566794,0.1952983725135623,0.1574407694743403,2.0180831826401446,1.952983725135624,0.3305452248960679,0.1404225417222511,78.9308176100629,90.25157232704403,41.509433962264154,13.20754716981132,88.9937106918239,90.56603773584906,84.59119496855347,27.358490566037737,89.77987421383648,66.11635220125785
203394,2023,37,2756,3,5.155889482237399,7,6.918029231950641,52,83,7,0,3,5.155889482237399,15.476547078229489,7.726291726343334,Andreas Pereira,Fulham,EPL,M S,M,True,28.5,20000000.0,1996-01-01,2024-06-30,andreas pereira,0.0979680696661828,0.1683708466623243,0.1683708466623243,0.2285921625544267,0.2259153232494766,1.6981132075471697,2.71044992743106,0.5054024807839819,0.2523099620358853,88.47352024922118,96.57320872274143,71.65109034267913,48.598130841121495,82.2429906542056,77.25856697819314,92.5233644859813,60.12461059190031,79.75077881619937,77.35202492211837
203394,2024,33,2063,2,4.448508242145181,4,5.718298438005149,39,57,7,0,2,3.68733941949904,12.638287663459778,7.434910722076893,Andreas Pereira,Fulham,EPL,M S,M,True,29.5,18000000.0,1996-01-01,2025-06-30,andreas pereira,0.0872515753756665,0.1940696760994019,0.1608630866480434,0.174503150751333,0.2494652735920811,1.7014057198254968,2.4866698982064954,0.5513552543438585,0.3243538366393215,90.9090909090909,97.65395894428153,74.19354838709677,63.34310850439883,77.41935483870968,79.47214076246334,94.28152492668622,68.7683284457478,78.4457478005865,80.60117302052785
203460,2023,20,975,3,2.38350597023964,1,2.7743227388709784,22,26,6,0,3,2.38350597023964,11.642571322619917,7.49614975694567,Jack Grealish,Manchester City,EPL,M S,M,True,28.8,60000000.0,1995-09-10,2024-06-30,jack grealish,0.2769230769230769,0.2200159357144283,0.2200159357144283,0.0923076923076923,0.2560913297419365,2.030769230769231,2.4000000000000004,1.0746988913187616,0.6919522852565233,92.21183800623052,93.76947040498442,98.75389408099689,97.19626168224299,90.96573208722741,86.91588785046729,92.99065420560747,97.97507788161994,88.94080996884735,93.5202492211838
203496,2022,15,963,2,2.491073722019792,2,2.637178413569927,25,23,4,1,1,1.7477963026612997,4.751465296372771,1.970035683363676,Nabil Fekir,Real Betis,La_Liga,M S,M,True,29.9,20000000.0,1993-07-18,2023-06-30,nabil fekir,0.1869158878504672,0.2328106282261487,0.1633454488468504,0.1869158878504672,0.2464652722962549,2.336448598130841,2.149532710280374,0.4440621772311001,0.1841154844265118,93.39622641509435,94.0251572327044,63.20754716981132,27.67295597484277,83.64779874213836,94.9685534591195,93.71069182389937,45.44025157232704,89.30817610062894,75.49528301886792
203938,2022,35,2900,5,5.849431732669473,8,8.642554869875312,52,90,6,0,1,2.809048028662801,16.0132272914052,10.93378983065486,Branco van den Boomen,Toulouse,Ligue_1,M S,M,True,27.9,12000000.0,1995-07-21,2023-06-30,branco van den boomen,0.1551724137931034,0.1815340882552595,0.0871773526136731,0.2482758620689654,0.2682172200995786,1.6137931034482758,2.793103448275862,0.496962226284989,0.3393245119858404,95.59748427672956,98.42767295597484,74.21383647798741,72.64150943396226,57.23270440251572,78.30188679245283,97.0125786163522,73.42767295597483,67.76729559748428,79.98427672955974
204047,2024,29,2488,5,5.083340181037784,1,4.167451893910766,32,51,10,0,5,4.325563503429294,9.487992012873292,3.92092651501298,Matús Bero,Bochum,Bundesliga,M S,M,True,29.8,3000000.0,1995-09-06,2025-06-30,matus bero,0.1808681672025723,0.1838828843622992,0.1564713485967188,0.0361736334405144,0.1507518771913058,1.157556270096463,1.844855305466238,0.3432151451602075,0.1418341585012733,71.8475073313783,86.80351906158357,33.724340175953074,10.263929618768328,76.83284457478005,52.785923753665685,79.32551319648093,21.994134897360702,64.80938416422288,54.904692082111424
205562,2022,27,1264,1,1.1992077436298132,3,1.881858471781016,13,27,1,0,1,1.1992077436298132,7.184601306915283,4.554188309237361,Thomas Lemar,Atletico Madrid,La_Liga,M S,M,True,27.6,22000000.0,1995-11-12,2023-06-30,thomas lemar,0.0712025316455696,0.0853866273154139,0.0853866273154139,0.2136075949367088,0.133993087389471,0.925632911392405,1.92246835443038,0.5115618019164363,0.3242697372083564,69.81132075471697,89.937106918239,76.41509433962264,69.81132075471697,55.9748427672956,37.42138364779874,79.87421383647799,73.11320754716981,46.698113207547166,67.55503144654088
205938,2024,34,1973,3,7.044077763333917,4,3.9745980985462666,46,32,1,0,3,6.282778928056359,19.13353493064642,11.964951280504463,Mario Pasalic,Atalanta,Serie_A,M S,M,True,30.4,10000000.0,1995-02-09,2025-06-30,mario pasalic,0.1368474404460213,0.3213213374049936,0.2865940717309034,0.1824632539280284,0.1813045255292265,2.0983274201723265,1.4597060314242272,0.8727917606478346,0.5457909859327936,80.35190615835776,73.90029325513197,94.72140762463343,92.66862170087975,95.30791788856305,88.85630498533725,77.12609970674487,93.69501466275659,92.08211143695016,87.41202346041055
207014,2023,30,1924,0,0.3010205570608377,1,1.7067030258476734,8,21,6,0,0,0.3010205570608377,5.737615456804633,5.330458853393793,Will Hughes,Crystal Palace,EPL,M S,M,True,29.2,9000000.0,1995-04-17,2024-06-30,will hughes,0.0,0.0140810031889165,0.0140810031889165,0.0467775467775467,0.0798353806269701,0.3742203742203742,0.9823284823284824,0.2683915754222541,0.2493457883604165,42.679127725856695,50.77881619937694,19.937694704049843,46.41744548286604,6.5420560747663545,4.672897196261682,46.72897196261682,33.177570093457945,5.607476635514018,29.649532710280372
207014,2024,33,2160,0,0.9225301016122104,3,3.364077143371105,22,33,11,0,0,0.9225301016122104,9.026491666212678,7.883489057421684,Will Hughes,Crystal Palace,EPL,M S,M,True,30.2,7000000.0,1995-04-17,2025-06-30,will hughes,0.0,0.0384387542338421,0.0384387542338421,0.125,0.140169880973796,0.9166666666666669,1.375,0.3761038194255282,0.3284787107259035,66.56891495601172,70.08797653958945,43.10850439882698,64.80938416422288,20.821114369501466,38.70967741935484,68.32844574780059,53.95894428152493,29.765395894428153,51.73020527859237
212723,2022,32,2664,4,1.9447151282802224,0,1.1121019199490547,28,18,9,0,4,1.9447151282802224,14.30460869986564,11.94368753861636,Djibril Sow,Eintracht Frankfurt,Bundesliga,M S,M,True,26.4,22000000.0,1997-02-06,2023-06-30,djibril sow,0.1351351351351351,0.0656998354148723,0.0656998354148723,0.0,0.0375710108090896,0.945945945945946,0.6081081081081081,0.4832638074278932,0.4035029573856878,14.779874213836477,21.069182389937108,70.75471698113208,83.64779874213836,45.911949685534594,38.36477987421384,17.92452830188679,77.20125786163521,42.138364779874216,45.935534591194966
212723,2023,24,1499,1,1.6027095206081867,1,1.044075457379222,18,15,6,0,1,1.6027095206081867,6.618328319862485,4.244942573830485,Djibril Sow,Sevilla,La_Liga,M S,M,True,27.4,9000000.0,1997-02-06,2024-06-30,djibril sow,0.0600400266844563,0.0962267223847476,0.0962267223847476,0.0600400266844563,0.0626863183216344,1.0807204803202135,0.9006004002668445,0.3973646089310364,0.2548664654067669,33.021806853582554,43.925233644859816,51.4018691588785,49.532710280373834,58.25545171339564,43.925233644859816,38.47352024922118,50.467289719626166,51.09034267912773,46.456386292834885
212723,2024,30,2095,2,2.67853897344321,1,2.0170963145792484,22,21,5,0,2,2.67853897344321,8.381441345438361,4.899879834614694,Djibril Sow,Sevilla,La_Liga,M S,M,True,28.4,7500000.0,1997-02-06,2025-06-30,djibril sow,0.0859188544152744,0.1150685000524529,0.1150685000524529,0.0429594272076372,0.0866533022969605,0.9451073985680192,0.902147971360382,0.3600619193744404,0.2104960310812995,45.16129032258064,46.33431085043988,39.29618768328446,30.205278592375368,66.27565982404691,40.17595307917888,45.74780058651026,34.75073313782991,53.2258064516129,44.14222873900293
212804,2022,15,1014,3,2.7101613134145737,0,0.6447865827940404,13,17,2,0,0,0.429876297712326,4.542303742840886,4.114405067637563,Florian Tardieu,Troyes,Ligue_1,M S,M,True,31.2,2000000.0,1992-04-22,2023-06-30,florian tardieu,0.2662721893491124,0.2405468621373881,0.0381547009803839,0.0,0.0572295783545006,1.1538461538461535,1.5088757396449703,0.4031630540983035,0.3651838817429789,27.67295597484277,79.24528301886792,54.71698113207547,75.47169811320755,24.528301886792452,54.40251572327044,53.459119496855344,65.09433962264151,39.465408805031444,53.33333333333333
212804,2024,24,1245,2,0.8061909656971693,4,1.1583695001900196,16,21,0,0,2,0.8061909656971693,6.92399025708437,5.788582857698202,Florian Tardieu,Saint-Etienne,Ligue_1,M S,M,True,33.2,600000.0,1992-04-22,2025-06-30,florian tardieu,0.144578313253012,0.0582788649901568,0.0582788649901568,0.2891566265060241,0.0837375542306038,1.1566265060240963,1.5180722891566265,0.5005294161747738,0.4184517728456532,42.52199413489736,75.0733137829912,66.56891495601172,80.64516129032258,36.65689149560117,52.49266862170088,58.79765395894428,73.60703812316714,44.57478005865103,59.71407624633431
213670,2022,33,2522,1,1.4639334250241518,0,0.2208085553720593,28,9,10,0,1,1.4639334250241518,8.007108753547072,7.272000323981047,Lucas Torró,Osasuna,La_Liga,M S,M,True,28.9,8000000.0,1994-07-19,2023-06-30,lucas torro,0.035685963521015,0.0522418748026065,0.0522418748026065,0.0,0.0078797660521353,0.999206978588422,0.3211736716891356,0.2857413908878812,0.2595083382863974,1.257861635220126,4.088050314465408,30.50314465408805,55.34591194968554,36.477987421383645,43.39622641509434,2.6729559748427674,42.924528301886795,39.937106918238996,27.940251572327043
213670,2023,28,1791,1,1.4957571886479857,0,0.6539105530828238,30,9,5,0,1,1.4957571886479857,5.143669301643968,3.7087611369788647,Lucas Torró,Osasuna,La_Liga,M S,M,True,29.9,4000000.0,1994-07-19,2024-06-30,lucas torro,0.050251256281407,0.0751636778215068,0.0751636778215068,0.0,0.0328598267880815,1.507537688442211,0.4522613065326633,0.2584758443037169,0.1863699063808475,12.149532710280374,8.411214953271028,18.06853582554517,24.299065420560748,48.90965732087228,72.58566978193146,10.280373831775702,21.18380062305296,60.74766355140187,29.23676012461059
213670,2024,35,2983,3,2.6740165650844574,0,0.9804754853248596,30,10,10,0,3,2.6740165650844574,6.212580701336265,5.214350013062358,Lucas Torró,Osasuna,La_Liga,M,M,True,30.9,3000000.0,1994-07-19,2025-06-30,lucas torro,0.0905129064699966,0.080677670418237,0.080677670418237,0.0,0.0295818952997778,0.9051290646999663,0.3017096882333221,0.1874395786524518,0.1573219916780463,9.970674486803519,3.812316715542522,2.932551319648094,15.835777126099707,48.68035190615836,38.12316715542522,6.891495601173021,9.3841642228739,43.40175953079179,18.71700879765396
215977,2023,29,1186,1,4.732723202556372,2,4.164455230347812,30,30,2,1,1,4.732723202556372,10.8868455812335,4.301206756383181,Adrien Thomasson,Lens,Ligue_1,M S,M,True,30.6,5000000.0,1993-12-10,2024-06-30,adrien thomasson,0.0758853288364249,0.3591442565177685,0.3591442565177685,0.1517706576728499,0.3160210545795135,2.2765598650927488,2.2765598650927488,0.8261518569232841,0.3263984891015904,96.26168224299066,92.5233644859813,93.14641744548287,69.47040498442367,98.75389408099689,91.90031152647975,94.39252336448598,81.30841121495327,95.32710280373831,90.09345794392523
215977,2024,33,2640,3,6.380997622385621,7,6.008343517780304,42,55,7,0,3,6.380997622385621,20.11201234906912,11.505189450457692,Adrien Thomasson,Lens,Ligue_1,M S,M,True,31.6,5000000.0,1993-12-10,2025-06-30,adrien thomasson,0.1022727272727272,0.2175340098540552,0.2175340098540552,0.2386363636363636,0.2048298926516013,1.4318181818181817,1.875,0.6856367846273563,0.3922223676292395,85.33724340175954,87.68328445747801,88.56304985337243,77.71260997067448,87.68328445747801,68.91495601173021,86.51026392961877,83.13782991202345,78.29912023460412,82.866568914956
216179,2022,28,1644,3,1.1833414314314723,1,1.9892846830189228,18,24,8,0,3,1.1833414314314723,8.968694441020489,7.108810056000948,Stefano Sensi,Monza,Serie_A,M S,M,True,27.9,8000000.0,1995-08-05,2023-06-30,stefano sensi,0.1642335766423357,0.0647814652243506,0.0647814652243506,0.0547445255474452,0.1089024461506709,0.9854014598540146,1.313868613138686,0.4909869219536764,0.3891684337226797,58.490566037735846,68.86792452830188,72.64150943396226,79.24528301886792,44.9685534591195,40.88050314465409,63.679245283018865,75.94339622641509,42.924528301886795,61.74528301886792
221025,2022,26,1627,3,1.0416504386812449,2,1.0010944940149784,18,14,6,0,3,1.0416504386812449,7.853011544793844,6.820285569876432,André Gomes,Lille,Ligue_1,M S,M,True,29.9,16000000.0,1993-07-30,2023-06-30,andre gomes,0.1659496004917025,0.0576204913837197,0.0576204913837197,0.1106330669944683,0.0553770771120762,0.995697602950215,0.7744314689612785,0.4344013761717554,0.3772745551867725,26.41509433962264,33.33333333333333,61.0062893081761,77.04402515723271,39.937106918238996,42.76729559748428,29.874213836477985,69.0251572327044,41.35220125786164,47.020440251572325
221025,2024,20,1301,0,0.479223015718162,0,0.878221869468689,11,10,3,0,0,0.479223015718162,8.499505270272493,7.9929901622235775,André Gomes,Lille,Ligue_1,M S,M,True,31.9,6000000.0,1993-07-30,2025-06-30,andre gomes,0.0,0.0331514768751995,0.0331514768751995,0.0,0.060753242315282,0.7609531129900077,0.6917755572636433,0.5879749994808028,0.5529355223675034,28.152492668621704,30.205278592375368,78.2991202346041,93.25513196480938,19.06158357771261,26.68621700879765,29.178885630498534,85.77712609970675,22.873900293255133,47.096774193548384
222855,2024,37,3201,0,1.0215017618611455,3,1.6782602947205305,13,21,9,0,0,1.0215017618611455,8.539285136386752,6.683409044519067,Jesper Karlström,Udinese,Serie_A,M S,M,True,30.0,4000000.0,1995-06-21,2025-06-30,jesper karlstrom,0.0,0.0287207618142777,0.0287207618142777,0.0843486410496719,0.0471863250624329,0.3655107778819119,0.5904404873477038,0.2400923655966284,0.1879121568280899,19.35483870967742,21.114369501466275,12.023460410557185,24.34017595307918,13.78299120234604,6.158357771260997,20.234604105571847,18.18181818181818,9.970674486803517,16.436950146627563
222859,2022,19,1082,1,1.132766862399876,2,1.7470840271562338,22,23,3,0,1,1.132766862399876,3.918362338095904,2.244378689676523,Florent Mollet,Nantes,Ligue_1,M S,M,True,31.6,2000000.0,1991-11-19,2023-06-30,florent mollet,0.0831792975970425,0.0942227519556273,0.0942227519556273,0.166358595194085,0.1453212222218678,1.8299445471349356,1.9131238447319776,0.3259266270135225,0.1866858429490638,73.58490566037736,89.30817610062893,39.937106918238996,29.245283018867923,60.37735849056604,85.84905660377359,81.44654088050314,34.59119496855346,73.11320754716982,62.54716981132076
223967,2022,21,1482,3,3.229747664183378,0,2.0900166016072035,20,16,8,0,3,3.229747664183378,8.843641895800829,3.87061969190836,Konrad Laimer,RasenBallsport Leipzig,Bundesliga,M S,M,True,26.1,28000000.0,1997-05-27,2023-06-30,konrad laimer,0.1821862348178137,0.1961385221163994,0.1961385221163994,0.0,0.1269240851178463,1.2145748987854252,0.97165991902834,0.5370632730243419,0.2350578760268234,67.61006289308176,47.48427672955975,80.50314465408806,47.48427672955975,89.937106918239,60.37735849056604,57.54716981132076,63.99371069182391,75.15723270440252,65.08647798742139
223979,2022,22,1504,1,0.5458100996911526,1,0.973279032856226,5,8,2,0,1,0.5458100996911526,10.896394051611423,9.585913009941578,Xaver Schlager,RasenBallsport Leipzig,Bundesliga,M S,M,True,25.8,22000000.0,1997-09-28,2023-06-30,xaver schlager,0.0598404255319148,0.0326615086251354,0.0326615086251354,0.0598404255319148,0.0582414314874071,0.2992021276595745,0.4787234042553191,0.6520448568118539,0.5736251136268231,28.930817610062892,12.264150943396226,90.56603773584906,95.28301886792453,21.38364779874214,4.40251572327044,20.59748427672956,92.9245283018868,12.89308176100629,43.60062893081761
223979,2023,29,2499,0,1.0008859485387802,5,2.174327801913023,21,27,7,0,0,1.0008859485387802,21.959266629070044,20.25843463279307,Xaver Schlager,RasenBallsport Leipzig,Bundesliga,M,M,True,26.8,28000000.0,1997-09-28,2024-06-30,xaver schlager,0.0,0.036046312672465,0.036046312672465,0.1800720288115246,0.0783071237183561,0.7563025210084033,0.9723889555822328,0.7908499386219703,0.7295954849745402,40.809968847352025,49.84423676012461,92.5233644859813,98.13084112149532,23.05295950155763,26.479750778816197,45.32710280373831,95.32710280373831,24.766355140186914,56.658878504672884
225693,2022,36,2691,0,0.6533067272976041,2,2.687867143191397,18,17,11,0,0,0.6533067272976041,15.346531419083476,13.409233009442689,Fabinho,Liverpool,EPL,M S,M,True,29.7,42000000.0,1993-10-23,2023-06-30,fabinho,0.0,0.0218497233209901,0.0218497233209901,0.0668896321070234,0.0898952221803142,0.6020066889632107,0.568561872909699,0.5132619203706849,0.4484693314194879,47.79874213836478,17.29559748427673,76.72955974842768,89.62264150943396,15.09433962264151,18.553459119496853,32.54716981132076,83.17610062893081,16.82389937106918,45.5503144654088
225873,2022,32,1885,1,1.0267626643180847,0,0.8224842958152294,16,21,8,0,1,1.0267626643180847,7.398998703807592,6.066998152062297,Karol Linetty,Torino,Serie_A,M S,M,True,28.4,3500000.0,1995-02-02,2023-06-30,karol linetty,0.0477453580901856,0.0490231510815,0.0490231510815,0.0,0.0392698072272523,0.7639257294429708,1.0026525198938991,0.3532678426221132,0.2896709993027091,15.40880503144654,51.257861635220124,46.855345911949684,63.20754716981132,34.276729559748425,28.930817610062892,33.33333333333333,55.0314465408805,31.60377358490566,40.40880503144653
225873,2023,28,1856,0,0.5407502222806215,0,1.1149951126426458,16,15,12,0,0,0.5407502222806215,5.900664731860161,4.934686308726668,Karol Linetty,Torino,Serie_A,M S,M,True,29.4,3500000.0,1995-02-02,2024-06-30,karol linetty,0.0,0.0262217241407629,0.0262217241407629,0.0,0.0540676509363351,0.7758620689655172,0.7273706896551725,0.2861313716958052,0.2392897455740302,28.34890965732087,30.8411214953271,24.922118380062305,41.43302180685358,15.57632398753894,28.037383177570092,29.595015576323988,33.177570093457945,21.806853582554517,28.512461059190027
225873,2024,28,1548,1,0.8516321126371622,0,0.7127992520108819,17,10,6,0,1,0.8516321126371622,3.1275448435917497,2.5471969498321414,Karol Linetty,Torino,Serie_A,M S,M,True,30.4,1800000.0,1995-02-02,2025-06-30,karol linetty,0.0581395348837209,0.0495134949207652,0.0495134949207652,0.0,0.0414418169773768,0.9883720930232558,0.5813953488372092,0.181834002534404,0.1480928459204733,17.008797653958943,20.527859237536656,2.346041055718475,11.730205278592376,31.378299120234605,42.22873900293255,18.768328445747798,7.038123167155425,36.80351906158358,20.0733137829912
226025,2023,29,2229,5,2.270628267899156,0,1.240358730778098,49,12,4,1,5,2.270628267899156,8.944092478603125,6.5332458689808846,Luca Mazzitelli,Frosinone,Serie_A,M S,M,True,28.6,4000000.0,1995-11-15,2024-06-30,luca mazzitelli,0.2018842530282638,0.0916808183539363,0.0916808183539363,0.0,0.0500817791700443,1.9784656796769853,0.4845222072678331,0.3611342858117009,0.2637918924218392,25.85669781931464,10.59190031152648,42.679127725856695,53.271028037383175,56.69781931464174,85.04672897196261,18.22429906542056,47.97507788161994,70.87227414330218,44.431464174454824
226097,2022,18,989,0,0.3220673054456711,0,0.1665801964700222,6,4,4,0,0,0.3220673054456711,1.909492107108236,1.4408858120441437,Ivan Sunjic,Hertha Berlin,Bundesliga,M S,M,True,26.7,1500000.0,1996-10-09,2023-06-30,ivan sunjic,0.0,0.0293084504450054,0.0293084504450054,0.0,0.015158966311731,0.5460060667340748,0.3640040444893832,0.1737657124769881,0.1311220658078593,2.8301886792452833,5.345911949685535,5.345911949685535,11.635220125786164,19.49685534591195,15.723270440251572,4.088050314465409,8.49056603773585,17.61006289308176,9.685534591194969
226261,2022,25,1673,1,0.3396235033869743,0,1.2134180702269075,7,5,6,0,1,0.3396235033869743,4.566949136555195,3.761141125112772,César De la Hoz,Almeria,La_Liga,M S,M,True,31.2,1200000.0,1992-03-30,2023-06-30,cesar de la hoz,0.0537955768081291,0.0182702422622998,0.0182702422622998,0.0,0.0652765249972634,0.3765690376569037,0.2689778840406455,0.2456816630543739,0.2023327562822172,33.33333333333333,2.8301886792452833,20.125786163522015,33.33333333333333,12.578616352201259,8.49056603773585,18.081761006289305,26.729559748427672,10.534591194968554,18.84433962264151
226524,2023,24,1127,2,2.0728363944217563,2,1.581761445850134,13,9,2,0,2,2.0728363944217563,2.8514922419562936,0.8016927363350987,Morten Thorsby,Genoa,Serie_A,M S,M,True,28.2,3000000.0,1996-05-05,2024-06-30,morten thorsby,0.1597160603371783,0.1655326313202822,0.1655326313202822,0.1597160603371783,0.1263163532622112,1.0381543921916594,0.7187222715173025,0.2277145534836437,0.0640216027241871,65.10903426791276,30.529595015576323,12.149532710280374,0.9345794392523363,80.68535825545172,41.1214953271028,47.81931464174454,6.542056074766355,60.903426791277255,37.29750778816199
226973,2022,37,2911,3,2.1825738195329905,4,3.5145126404240727,20,35,5,0,3,2.1825738195329905,10.140563977882266,5.457994266413152,Harrison Reed,Fulham,EPL,M S,M,True,28.4,18000000.0,1995-01-27,2023-06-30,harrison reed,0.0927516317416695,0.067479094386111,0.067479094386111,0.123668842322226,0.1086589273920187,0.6183442116111302,1.082102370319478,0.3135179519097918,0.1687459580821654,58.17610062893082,54.40251572327044,37.42138364779874,22.955974842767297,47.16981132075472,19.49685534591195,56.28930817610063,30.18867924528302,33.333333333333336,40.26729559748428
226973,2023,27,1298,0,0.2859246646985411,2,1.2897144686430693,9,14,6,0,0,0.2859246646985411,4.717917591333389,4.137020692229271,Harrison Reed,Fulham,EPL,M S,M,True,29.4,15000000.0,1995-01-27,2024-06-30,harrison reed,0.0,0.0198252849174643,0.0198252849174643,0.1386748844375963,0.0894255024482867,0.6240369799691834,0.9707241910631742,0.3271283383821302,0.2868504332054194,49.22118380062305,49.22118380062305,34.57943925233645,59.19003115264797,11.526479750778815,18.69158878504673,49.22118380062305,46.88473520249221,15.109034267912772,38.16978193146417
229853,2022,38,3408,2,1.3821472600102425,0,0.1788940895348787,25,6,3,0,2,0.6220522597432137,5.816406063735485,5.221847634762526,Birama Touré,Auxerre,Ligue_1,M,M,True,31.1,1800000.0,1992-06-06,2023-06-30,birama toure,0.0528169014084507,0.0365003677819606,0.0164274364368806,0.0,0.0047243157447591,0.6602112676056338,0.1584507042253521,0.1536022728099159,0.1379009058476019,0.628930817610063,0.628930817610063,3.459119496855346,12.578616352201259,11.320754716981133,21.38364779874214,0.628930817610063,8.018867924528303,16.352201257861637,7.932389937106919
232320,2022,29,1957,0,0.1994857955724001,1,0.5135862026363611,6,14,10,0,0,0.1994857955724001,6.075968971475959,5.649411277845502,Atakan Karazor,VfB Stuttgart,Bundesliga,M S,M,True,26.7,4000000.0,1996-10-13,2023-06-30,atakan karazor,0.0,0.0091741040375656,0.0091741040375656,0.0459887583035258,0.0236191917410692,0.2759325498211548,0.6438426162493612,0.2794262684889301,0.2598094098140496,6.918238993710692,23.89937106918239,27.67295597484277,55.660377358490564,3.459119496855346,3.459119496855346,15.40880503144654,41.666666666666664,3.459119496855346,21.014150943396224
232320,2023,33,2660,0,0.9654796337708832,4,3.105354379862547,19,29,9,0,0,0.9654796337708832,18.897660940885544,15.486275654286146,Atakan Karazor,VfB Stuttgart,Bundesliga,M S,M,True,27.7,12000000.0,1996-10-13,2024-06-30,atakan karazor,0.0,0.0326666041501426,0.0326666041501426,0.1353383458646616,0.1050683812735448,0.6428571428571428,0.9812030075187972,0.6393945431126687,0.523971732663817,57.63239875389408,50.467289719626166,83.17757009345794,88.47352024922118,21.18380062305296,19.626168224299064,54.04984423676012,85.82554517133957,20.404984423676012,55.0778816199377
232320,2024,32,2656,2,2.637512478977442,4,2.457861628383398,15,15,8,1,2,2.637512478977442,15.256661543622611,13.521607171744108,Atakan Karazor,VfB Stuttgart,Bundesliga,M S,M,True,28.7,12000000.0,1996-10-13,2025-06-30,atakan karazor,0.0677710843373494,0.0893735403267958,0.0893735403267958,0.1355421686746988,0.0832859738533531,0.5082831325301205,0.5082831325301205,0.5169802480896216,0.4581869900063892,41.935483870967744,14.076246334310852,68.62170087976538,87.68328445747801,54.54545454545454,12.023460410557185,28.005865102639298,78.1524926686217,33.28445747800586,47.14076246334311
232418,2022,15,1068,0,0.9412492299452424,0,0.4823623951524496,13,5,4,0,0,0.9412492299452424,2.0484263030812144,1.1105312947183847,Ondrej Duda,Verona,Serie_A,M S,M,True,28.6,3400000.0,1994-12-05,2023-06-30,ondrej duda,0.0,0.0793187553324642,0.0793187553324642,0.0,0.0406485164454311,1.0955056179775282,0.4213483146067416,0.1726201940798776,0.0935840978695268,16.666666666666664,7.232704402515723,4.716981132075472,3.1446540880503147,53.77358490566038,50.62893081761006,11.949685534591193,3.9308176100628933,52.20125786163522,21.218553459119494
232418,2023,32,2505,1,2.166810128837824,4,3.7828885642811656,23,54,10,2,1,1.4055112935602665,6.363787721842527,4.314336875453591,Ondrej Duda,Verona,Serie_A,M S,M,True,29.6,4000000.0,1994-12-05,2024-06-30,ondrej duda,0.0359281437125748,0.0778494657067481,0.0504974117446802,0.1437125748502994,0.1359121639861496,0.8263473053892215,1.9401197604790417,0.2286390798266776,0.1550061152857577,66.97819314641744,87.53894080996885,12.461059190031152,14.018691588785046,34.890965732087224,30.8411214953271,77.25856697819314,13.239875389408098,32.86604361370716,41.534267912772584
232418,2024,28,2414,1,0.8872416876256466,3,3.4387308126315475,25,32,10,1,1,0.8872416876256466,8.706737032160163,6.527901178225875,Ondrej Duda,Verona,Serie_A,M S,M,True,30.6,3500000.0,1994-12-05,2025-06-30,ondrej duda,0.0372825186412593,0.0330786047582055,0.0330786047582055,0.1118475559237779,0.1282045456242084,0.932062966031483,1.193040596520298,0.3246090857060541,0.2433765973655048,61.58357771260997,62.4633431085044,28.739002932551323,39.002932551319645,18.181818181818183,39.589442815249264,62.023460410557185,33.87096774193549,28.885630498533722,42.22873900293255
232454,2023,23,1412,1,2.392204888164997,4,5.076409200206399,39,51,5,0,1,1.6344282254576683,7.324724670499563,5.173268396407366,Nadiem Amiri,"Bayer Leverkusen,Mainz 05",Bundesliga,M S,M,True,27.7,7000000.0,1996-10-27,2024-06-30,nadiem amiri,0.0637393767705382,0.152477648679072,0.1041774364668485,0.254957507082153,0.3235671586533823,2.485835694050991,3.2507082152974505,0.4668733855134283,0.3297409034537272,96.57320872274143,99.37694704049844,66.35514018691589,69.78193146417445,61.6822429906542,93.45794392523365,97.97507788161994,68.06853582554517,77.57009345794393,81.38629283489097
232454,2024,30,2501,7,5.710457522422075,5,8.261441332288086,62,62,7,2,5,4.194904129952192,16.05507216975093,10.064808908849956,Nadiem Amiri,Mainz 05,Bundesliga,M,M,True,28.7,20000000.0,1996-10-27,2025-06-30,nadiem amiri,0.2518992403038784,0.2054942730979555,0.1509561662117942,0.1799280287884846,0.2972929707740614,2.2311075569772094,2.2311075569772094,0.5777514975120286,0.3621882454204302,95.89442815249268,95.30791788856305,76.53958944281524,72.43401759530792,75.366568914956,92.66862170087975,95.60117302052787,74.48680351906158,84.01759530791787,84.73607038123167
233782,2023,23,1029,0,0.7682113070040941,3,1.5009211637079716,13,12,2,0,0,0.7682113070040941,4.841209087520838,3.0136834727600217,Aissa Laidouni,Union Berlin,Bundesliga,M S,M,True,27.5,6000000.0,1996-12-13,2024-06-30,aissa laidouni,0.0,0.0671904933239732,0.0671904933239732,0.2623906705539358,0.1312759035313094,1.1370262390670554,1.0495626822157431,0.4234293662554668,0.2635874757516054,66.04361370716511,55.140186915887845,56.38629283489096,52.95950155763239,43.613707165109034,47.97507788161994,60.59190031152647,54.67289719626167,45.794392523364486,54.08099688473519
234029,2022,18,1458,1,2.327514637261629,1,0.9176380978897214,24,8,4,0,1,2.327514637261629,4.912098289467394,2.622373137623072,Grischa Prömel,Hoffenheim,Bundesliga,M S,M,True,28.5,7000000.0,1995-01-09,2023-06-30,grischa promel,0.0617283950617283,0.1436737430408413,0.1436737430408413,0.0617283950617283,0.0566443270302297,1.4814814814814816,0.4938271604938271,0.3032159437942835,0.1618748850384612,27.044025157232703,13.522012578616351,34.90566037735849,19.49685534591195,77.9874213836478,71.0691823899371,20.283018867924525,27.20125786163522,74.52830188679245,38.977987421383645
235931,2023,27,1611,1,2.924027793109417,0,0.9824435133486986,25,10,7,0,1,2.924027793109417,4.589740971103311,2.5830027107149363,Alessandro Deiola,Cagliari,Serie_A,M S,M,True,28.9,1900000.0,1995-08-01,2024-06-30,alessandro deiola,0.0558659217877094,0.1633535079949395,0.1633535079949395,0.0,0.0548851124775809,1.3966480446927374,0.558659217877095,0.2564101101175034,0.1443018274142422,29.906542056074763,15.264797507788161,17.445482866043612,10.2803738317757,79.75077881619937,66.04361370716511,22.58566978193146,13.862928348909655,72.89719626168224,34.626168224299064
235931,2024,29,1439,2,1.4592230711132288,1,0.776571724563837,18,6,6,0,2,1.4592230711132288,4.446037642657757,2.748674392700196,Alessandro Deiola,Cagliari,Serie_A,M S,M,True,29.9,1600000.0,1995-08-01,2025-06-30,alessandro deiola,0.1250868658790827,0.0912648202920018,0.0912648202920018,0.0625434329395413,0.0485694615780023,1.1257817929117444,0.375260597637248,0.2780704571502419,0.1719115325524792,19.941348973607038,6.744868035190615,17.595307917888565,20.234604105571847,56.01173020527859,50.43988269794721,13.343108504398828,18.914956011730204,53.2258064516129,27.25806451612903
236041,2023,31,1619,0,1.1373690329492092,2,1.0918332301080227,13,7,4,0,0,1.1373690329492092,5.701776580885053,4.996312720701098,Alexis Blin,Lecce,Serie_A,M S,M,True,27.8,3000000.0,1996-09-16,2024-06-30,alexis blin,0.0,0.0632261970138535,0.0632261970138535,0.1111797405806053,0.0606948676403471,0.7226683137739346,0.3891290920321186,0.3169610205556855,0.2777443760735632,31.775700934579437,5.607476635514018,31.775700934579437,57.943925233644855,41.1214953271028,23.364485981308412,18.691588785046726,44.85981308411215,32.242990654205606,31.915887850467286
237226,2023,20,1538,3,3.027790492400527,2,1.337923001497984,23,22,3,0,3,3.027790492400527,6.99539487157017,3.0663306284695864,Marvin Mehlem,Darmstadt,Bundesliga,M S,M,True,26.8,2500000.0,1997-09-11,2024-06-30,marvin mehlem,0.1755526657997399,0.1771788974746732,0.1771788974746732,0.1170351105331599,0.0782919831825868,1.3459037711313393,1.287386215864759,0.4093534060086575,0.1794341720170759,40.49844236760124,66.97819314641744,52.95950155763239,21.49532710280374,84.42367601246106,62.616822429906534,53.73831775700934,37.22741433021807,73.5202492211838,53.89408099688473
237658,2023,36,2232,0,0.9749945206567644,1,1.5278925970196724,17,17,8,0,0,0.9749945206567644,7.66948364302516,6.0087677873671055,Michel Aebischer,Bologna,Serie_A,M S,M,True,27.5,9000000.0,1997-01-06,2024-06-30,michel aebischer,0.0,0.0393142951877727,0.0393142951877727,0.0403225806451612,0.0616085724604706,0.6854838709677419,0.6854838709677419,0.3092533727026274,0.2422890236841574,32.398753894081,28.037383177570092,29.595015576323984,43.613707165109034,26.168224299065418,21.18380062305296,30.218068535825545,36.60436137071651,23.676012461059187,30.490654205607473
238626,2022,29,2355,0,0.4392832014709711,1,1.2662980891764164,13,14,5,1,0,0.4392832014709711,7.60255316644907,6.430599004030228,Laurent Abergel,Lorient,Ligue_1,M S,M,True,30.4,3000000.0,1993-02-01,2023-06-30,laurent abergel,0.0,0.016787893049846,0.016787893049846,0.0382165605095541,0.0483935575481433,0.4968152866242037,0.535031847133758,0.2905434331127033,0.2457553759501997,20.754716981132077,15.723270440251572,32.075471698113205,51.57232704402516,11.635220125786164,13.522012578616351,18.238993710691823,41.82389937106918,12.578616352201259,24.795597484276726
238626,2023,33,2863,2,0.9182511237449944,1,2.0591473784297705,26,31,4,0,2,0.9182511237449944,10.164760626852512,8.12498695217073,Laurent Abergel,Lorient,Ligue_1,M S,M,True,31.4,3000000.0,1993-02-01,2024-06-30,laurent abergel,0.0628711142158574,0.0288657356399055,0.0288657356399055,0.0314355571079287,0.0647304450082708,0.8173244848061474,0.9745022703457912,0.3195349131738477,0.2554134913361389,34.57943925233645,50.155763239875384,33.021806853582554,50.77881619937694,17.445482866043612,30.218068535825545,42.36760124610592,41.90031152647975,23.83177570093458,36.64330218068535
240306,2022,37,3326,8,9.385456696152689,8,17.266709440387785,92,118,6,0,6,7.863118812441826,35.418096881359816,17.724953144788742,Bruno Fernandes,Manchester United,EPL,M,M,True,28.8,75000000.0,1994-09-08,2023-06-30,bruno fernandes,0.2164762477450391,0.2539660561195856,0.2127723070113543,0.2164762477450391,0.4672290588198739,2.489476849067949,3.1930246542393266,0.9583970893933804,0.4796289185300622,99.68553459119497,98.74213836477988,97.79874213836479,90.88050314465409,91.50943396226415,97.16981132075472,99.21383647798743,94.33962264150944,94.33962264150944,96.04559748427674
240934,2022,35,2316,2,1.433782471343875,0,2.5123917683959007,24,31,10,0,2,1.433782471343875,5.64882539305836,2.687806284055114,Filippo Bandinelli,Empoli,Serie_A,M S,M,True,28.3,3500000.0,1995-03-29,2023-06-30,filippo bandinelli,0.077720207253886,0.0557169354149174,0.0557169354149174,0.0,0.0976318044713432,0.932642487046632,1.2046632124352332,0.2195139401447549,0.1044484307275303,52.51572327044025,62.264150943396224,11.320754716981133,4.088050314465408,38.05031446540881,37.735849056603776,57.38993710691824,7.70440251572327,37.89308176100629,34.15094339622641
241501,2022,36,3126,2,1.5229041883721948,0,1.8296103160828352,24,22,5,0,2,1.5229041883721948,15.448681933805346,14.232026476413012,Stijn Spierings,Toulouse,Ligue_1,M S,M,True,27.3,6000000.0,1996-03-12,2023-06-30,stijn spierings,0.0575815738963531,0.0438456100299096,0.0438456100299096,0.0,0.0526759208085269,0.690978886756238,0.6333973128598849,0.4447797101863344,0.4097512421232153,23.270440251572328,22.641509433962266,63.52201257861635,83.9622641509434,29.559748427672954,22.955974842767297,22.955974842767297,73.74213836477988,26.257861635220124,41.721698113207545
241501,2023,26,1611,0,0.3210714161396026,1,0.7943557417020202,11,14,7,0,0,0.3210714161396026,6.608952850103378,6.1175940297544,Stijn Spierings,"Lens,Toulouse",Ligue_1,M S,M,True,28.3,4500000.0,1996-03-12,2024-06-30,stijn spierings,0.0,0.0179369506223241,0.0179369506223241,0.0558659217877094,0.044377415737543,0.6145251396648045,0.7821229050279329,0.369215243022535,0.3417650295952179,19.626168224299064,35.51401869158878,44.54828660436137,72.58566978193146,9.657320872274143,17.75700934579439,27.570093457943923,58.56697819314641,13.707165109034268,34.260124610591895
241641,2023,33,2599,6,4.0968160554766655,9,8.528519937768579,34,65,8,0,6,4.0968160554766655,24.37213490717113,15.577253567054868,Bernardo Silva,Manchester City,EPL,M S,M,True,29.9,70000000.0,1994-08-10,2024-06-30,bernardo silva,0.2077722200846479,0.1418674278541361,0.1418674278541361,0.3116583301269719,0.2953315869177268,1.1773759138130049,2.250865717583686,0.8439754296442485,0.5394200927414152,94.70404984423676,91.90031152647975,94.39252336448598,89.7196261682243,76.01246105919003,50.467289719626166,93.30218068535825,92.05607476635514,63.2398753894081,83.8473520249221
241641,2024,33,2660,4,4.793662561103702,4,4.999884040094912,32,53,7,0,4,4.793662561103702,19.4247718974948,13.0239042006433,Bernardo Silva,Manchester City,EPL,M S,M,True,30.9,38000000.0,1994-08-10,2025-06-30,bernardo silva,0.1353383458646616,0.1621915904132831,0.1621915904132831,0.1353383458646616,0.1691690088753917,1.0827067669172934,1.793233082706767,0.6572291243513279,0.4406584128037206,77.41935483870968,85.63049853372434,86.21700879765396,84.75073313782991,78.2991202346041,48.09384164222874,81.52492668621701,85.48387096774194,63.19648093841642,77.41202346041055
242273,2022,26,2062,0,0.5962844016030431,0,1.3811528012156489,16,22,1,0,0,0.5962844016030431,6.344182256609201,4.86217674985528,Pedro Chirivella,Nantes,Ligue_1,M S,M,True,26.1,6000000.0,1997-05-23,2023-06-30,pedro chirivella,0.0,0.026025992310511,0.026025992310511,0.0,0.0602830999560661,0.6983511154219205,0.9602327837051406,0.276904172208937,0.2122191597899976,29.874213836477985,46.22641509433962,26.729559748427672,37.42138364779874,16.666666666666664,23.270440251572328,38.0503144654088,32.075471698113205,19.968553459119498,30.534591194968552
242273,2023,32,2625,1,1.30850313231349,1,0.8502244986593723,17,17,5,0,1,1.30850313231349,9.587031641975043,8.019579717889428,Pedro Chirivella,Nantes,Ligue_1,M S,M,True,27.1,7000000.0,1997-05-23,2024-06-30,pedro chirivella,0.0342857142857142,0.0448629645364625,0.0448629645364625,0.0342857142857142,0.0291505542397499,0.5828571428571429,0.5828571428571429,0.3286982277248586,0.2749570188990661,9.345794392523365,17.445482866043612,35.51401869158878,57.3208722741433,28.34890965732087,15.264797507788161,13.39563862928349,46.41744548286604,21.806853582554517,27.47663551401869
242273,2024,30,2404,0,0.3078327644616365,2,2.257875836454332,8,19,6,0,0,0.3078327644616365,9.50188134610653,7.889349973760545,Pedro Chirivella,Nantes,Ligue_1,M S,M,True,28.1,5000000.0,1997-05-23,2025-06-30,pedro chirivella,0.0,0.0115245211320912,0.0115245211320912,0.0748752079866888,0.0845294614313185,0.2995008319467554,0.7113144758735441,0.3557276710272827,0.2953583600825495,43.401759530791786,31.964809384164223,37.82991202346041,53.95894428152492,4.398826979472141,4.398826979472141,37.683284457478,45.894428152492665,4.398826979472141,30.571847507331377
242606,2023,25,2072,2,0.532621605321765,3,1.9263525325804949,16,26,9,0,2,0.532621605321765,8.981078654527664,7.6769237499684095,Josh Cullen,Burnley,EPL,M S,M,True,28.2,10000000.0,1996-04-07,2024-06-30,josh cullen,0.0868725868725868,0.0231351083392658,0.0231351083392658,0.1303088803088803,0.0836736138669133,0.694980694980695,1.1293436293436292,0.390104767812495,0.333457112691678,44.23676012461059,58.56697819314641,49.532710280373834,70.7165109034268,13.084112149532709,22.118380062305295,51.4018691588785,60.124610591900314,17.601246105919003,44.314641744548275
242631,2023,32,2398,5,5.662265548482537,2,4.8107705460861325,55,52,2,0,5,5.662265548482537,16.545354936271906,8.541501207277179,Alex Iwobi,"Everton,Fulham",EPL,M S,M,True,28.2,25000000.0,1996-05-03,2024-06-30,alex iwobi,0.1876563803169307,0.2125120514442987,0.2125120514442987,0.0750625521267723,0.1805543574427656,2.064220183486239,1.95162635529608,0.6209682836799297,0.3205734398060659,80.68535825545172,87.85046728971963,81.93146417445483,67.28971962616822,89.7196261682243,87.53894080996885,84.26791277258567,74.61059190031153,88.62928348909657,82.19626168224299
243714,2022,24,1422,8,6.010770929977298,5,5.7907725758850574,49,41,0,1,8,6.010770929977298,18.71786822378636,8.904668807983398,Kingsley Coman,Bayern Munich,Bundesliga,M S,M,True,27.0,65000000.0,1996-06-13,2023-06-30,kingsley coman,0.5063291139240507,0.3804285398719809,0.3804285398719809,0.3164556962025316,0.3665045934104466,3.10126582278481,2.59493670886076,1.1846752040371116,0.5635866334166708,98.42767295597484,97.48427672955975,100.0,94.9685534591195,99.05660377358491,99.37106918238993,97.95597484276729,97.48427672955975,99.21383647798743,98.16823899371069
243714,2023,17,1156,3,3.008565280586481,3,3.586299749091268,34,29,1,0,3,3.008565280586481,11.753271628171206,7.292826905846596,Kingsley Coman,Bayern Munich,Bundesliga,M S,M,True,28.0,50000000.0,1996-06-13,2024-06-30,kingsley coman,0.2335640138408304,0.2342308609453142,0.2342308609453142,0.2335640138408304,0.2792101880780399,2.647058823529412,2.2577854671280275,0.915047099079073,0.567780641458645,93.45794392523365,92.21183800623052,97.50778816199377,91.58878504672897,92.5233644859813,94.70404984423676,92.83489096573209,94.54828660436138,93.61370716510903,93.66822429906541
243714,2024,28,1276,5,4.042191399261355,4,4.258397921919823,44,32,0,0,5,4.042191399261355,12.850466405972838,6.604279920458794,Kingsley Coman,Bayern Munich,Bundesliga,M S,M,True,29.0,30000000.0,1996-06-13,2025-06-30,kingsley coman,0.3526645768025078,0.2851075438350486,0.2851075438350486,0.2821316614420062,0.3003572201981066,3.103448275862069,2.25705329153605,0.906380859355451,0.4658191166467801,96.18768328445748,95.60117302052787,96.18768328445748,88.26979472140762,94.72140762463343,98.24046920821115,95.89442815249268,92.22873900293254,96.48093841642229,94.78739002932551
244338,2023,27,1068,0,1.2606520606204867,0,0.5314477952197194,11,6,1,0,0,1.2606520606204867,2.659800674766302,1.222071398049593,Pelly Ruddock Mpanzu,Luton,EPL,M S,M,True,30.3,1500000.0,1994-03-22,2024-06-30,pelly ruddock mpanzu,0.0,0.1062347242095915,0.1062347242095915,0.0,0.0447849265634595,0.9269662921348314,0.5056179775280899,0.224140506300531,0.10298354477946,20.87227414330218,11.993769470404985,10.903426791277258,3.7383177570093453,62.928348909657316,35.51401869158878,16.43302180685358,7.320872274143301,49.22118380062305,23.08021806853582
244940,2022,26,1570,0,0.9669527672231196,1,0.649039376527071,3,10,6,0,0,0.9669527672231196,9.854258436709642,8.718065526336432,Salih Özcan,Borussia Dortmund,Bundesliga,M S,M,True,25.5,13000000.0,1998-01-11,2023-06-30,salih ozcan,0.0,0.0554304134076947,0.0554304134076947,0.0573248407643312,0.0372060789091951,0.1719745222929936,0.5732484076433121,0.5648937957349477,0.4997617180702413,14.150943396226415,17.61006289308176,83.64779874213836,92.13836477987421,37.735849056603776,0.9433962264150944,15.880503144654089,87.89308176100629,19.339622641509436,42.12264150943396
244940,2023,23,1159,0,0.1291839890182018,0,0.9814587850123644,5,10,3,0,0,0.1291839890182018,6.331796882674098,5.5178036242723465,Salih Özcan,Borussia Dortmund,Bundesliga,M S,M,True,26.5,10000000.0,1998-01-11,2024-06-30,salih ozcan,0.0,0.0100315435820864,0.0100315435820864,0.0,0.0762133655315899,0.3882657463330457,0.7765314926660914,0.4916839684561422,0.4284748284594574,38.62928348909657,34.890965732087224,69.47040498442367,82.2429906542056,3.4267912772585665,5.607476635514018,36.7601246105919,75.85669781931463,4.517133956386292,40.771028037383175
245056,2022,16,1194,2,1.9514448940753937,0,1.3393727149814367,16,17,4,0,1,1.190145879983902,5.453935984522104,4.022419776767492,Sasa Lukic,Torino,Serie_A,M S,M,True,26.9,12000000.0,1996-08-13,2023-06-30,sasa lukic,0.1507537688442211,0.1470938362368387,0.0897094884409976,0.0,0.1009577423352841,1.206030150753769,1.2814070351758793,0.4111007023509124,0.303197470610615,54.40251572327044,67.61006289308176,55.34591194968554,66.66666666666666,58.17610062893082,59.74842767295597,61.0062893081761,61.00628930817609,58.9622641509434,60.39308176100628
245056,2023,24,1107,1,1.2816824559122324,0,0.6108460575342178,13,10,3,0,1,1.2816824559122324,4.723364921286702,3.862767720595002,Sasa Lukic,Fulham,EPL,M S,M,True,27.9,10000000.0,1996-08-13,2024-06-30,sasa lukic,0.08130081300813,0.1042018256839213,0.1042018256839213,0.0,0.0496622811003429,1.056910569105691,0.8130081300813008,0.3840134082346912,0.3140461561459351,25.54517133956386,38.006230529595015,47.66355140186916,66.66666666666666,61.99376947040498,42.05607476635514,31.77570093457944,57.16510903426791,52.02492211838006,46.73676012461058
245056,2024,30,2380,0,1.5360550973564386,2,3.099418031051755,18,27,12,0,0,1.5360550973564386,11.622625487856569,7.836565780453384,Sasa Lukic,Fulham,EPL,M S,M,True,28.9,14000000.0,1996-08-13,2025-06-30,sasa lukic,0.0,0.0580861171269241,0.0580861171269241,0.0756302521008403,0.1172048835271672,0.680672268907563,1.0210084033613445,0.4395110478601223,0.296340722790254,57.77126099706745,54.83870967741935,53.665689149560116,54.252199413489734,36.36363636363637,22.28739002932551,56.3049853372434,53.95894428152492,29.32551319648094,47.3900293255132
245537,2022,30,2506,4,2.7237376933917403,4,2.690056212246418,41,34,5,1,2,1.203547190874815,8.794676546007395,7.261957911774516,Nabil Bentaleb,Angers,Ligue_1,M S,M,True,28.6,7000000.0,1994-11-24,2023-06-30,nabil bentaleb,0.1436552274541101,0.0978197894673809,0.0432239613642192,0.1436552274541101,0.0966101592586502,1.4724660814046289,1.221069433359936,0.315850314900505,0.2608045538945356,51.886792452830186,63.52201257861635,38.05031446540881,55.9748427672956,27.9874213836478,70.75471698113208,57.70440251572327,47.0125786163522,49.37106918238994,51.46226415094339
245537,2023,26,1975,0,0.2938596587628126,3,0.6899229548871517,10,14,7,0,0,0.2938596587628126,7.287905583158135,6.597983036190271,Nabil Bentaleb,Lille,Ligue_1,M S,M,True,29.6,10000000.0,1994-11-24,2024-06-30,nabil bentaleb,0.0,0.0133910730575458,0.0133910730575458,0.1367088607594936,0.0314395270581486,0.4556962025316455,0.6379746835443038,0.332107089865434,0.3006675813960123,11.526479750778815,22.741433021806852,36.44859813084112,63.862928348909655,5.607476635514018,9.034267912772584,17.133956386292834,50.155763239875384,7.320872274143301,25.747663551401867
247250,2022,31,2059,3,3.617601087316871,0,1.8370729750022288,34,21,9,1,1,1.387767881155014,5.2643252443522215,3.219039767980576,Rubén Alcaraz,Cadiz,La_Liga,M S,M,True,32.2,2000000.0,1991-05-01,2023-06-30,ruben alcaraz,0.1311316172899465,0.1581272937632435,0.0606600822262997,0.0,0.0802994500972319,1.4861583292860614,0.917921321029626,0.2301064944107333,0.1407059636319824,40.88050314465409,43.39622641509434,14.150943396226415,13.522012578616351,42.138364779874216,71.38364779874213,42.138364779874216,13.836477987421382,56.76100628930817,36.619496855345915
247250,2023,37,3256,4,3.218607753980905,1,1.4706367831677198,49,21,14,0,1,1.7320524961687624,9.142522914335132,7.632076874375343,Rubén Alcaraz,Cadiz,La_Liga,M,M,True,33.2,1500000.0,1991-05-01,2024-06-30,ruben alcaraz,0.1105651105651105,0.0889664305461552,0.0478761439358687,0.0276412776412776,0.0406502796330143,1.3544226044226044,0.5804668304668305,0.2527110142168801,0.2109603558641833,16.822429906542055,17.133956386292834,16.822429906542055,33.33333333333333,31.464174454828658,63.55140186915887,16.978193146417446,25.077881619937692,47.507788161993766,28.971962616822427
249089,2022,28,1694,0,0.183636961504817,2,2.3000271562486887,6,23,4,0,0,0.183636961504817,4.647211663424969,3.693267986178398,Lewis Cook,Bournemouth,EPL,M S,M,True,26.4,10000000.0,1997-02-03,2023-06-30,lewis cook,0.0,0.0097563911071036,0.0097563911071036,0.1062573789846517,0.1221974286082538,0.3187721369539551,1.2219598583234947,0.2469002654712203,0.1962184880496197,64.15094339622641,63.83647798742138,20.440251572327046,32.38993710691824,4.088050314465408,5.660377358490567,63.99371069182389,26.41509433962264,4.8742138364779874,33.10534591194968
249126,2022,20,1721,0,0.4215813269838691,0,0.9793751584365964,14,15,2,0,0,0.4215813269838691,4.353261454030871,3.676664192229509,Harry Winks,Sampdoria,Serie_A,M S,M,True,27.4,10000000.0,1996-02-02,2023-06-30,harry winks,0.0,0.0220466702083371,0.0220466702083371,0.0,0.0512165974777999,0.7321324811156305,0.7844276583381754,0.2276545792346185,0.1922718055204275,22.641509433962266,34.59119496855346,13.20754716981132,31.132075471698112,15.40880503144654,26.10062893081761,28.61635220125786,22.169811320754718,20.754716981132077,24.001572327044023
249126,2024,22,1532,0,0.1876087933778762,2,1.32591406814754,10,17,4,0,0,0.1876087933778762,5.152881131507456,4.76618863362819,Harry Winks,Leicester,EPL,M S,M,True,29.4,9000000.0,1996-02-02,2025-06-30,harry winks,0.0,0.0110214043107107,0.0110214043107107,0.1174934725848564,0.0778931241078842,0.5874673629242819,0.9986945169712792,0.3027149489788975,0.2799980267797239,38.41642228739003,53.665689149560116,25.219941348973606,47.214076246334315,4.105571847507331,17.888563049853374,46.04105571847507,36.21700879765396,10.997067448680353,32.089442815249264
249157,2023,22,1393,2,1.3293611658737063,5,5.256843195296824,14,32,1,0,2,1.3293611658737063,7.1586007522419095,2.8322389433160424,Fredrik Jensen,Augsburg,Bundesliga,M S,M,True,26.8,3500000.0,1997-09-09,2024-06-30,fredrik jensen,0.1292175161521895,0.0858883739616895,0.0858883739616895,0.3230437903804737,0.3396381102488974,0.9045226130653268,2.067480258435032,0.4625083041649475,0.1829874407024004,97.81931464174455,90.34267912772586,65.10903426791276,22.741433021806852,53.89408099688473,33.95638629283489,94.08099688473521,43.92523364485981,43.925233644859816,61.4797507788162
249565,2022,31,2365,3,2.239441570825875,2,4.528865018859506,31,30,4,0,2,0.7171045774593949,14.306540120393038,11.20656917989254,Youri Tielemans,Leicester,EPL,M S,M,True,26.1,25000000.0,1997-05-07,2023-06-30,youri tielemans,0.1141649048625792,0.085221877959547,0.0272893919540573,0.0761099365750528,0.1723458146711862,1.1797040169133193,1.1416490486257929,0.5444349305857815,0.4264656347527816,85.84905660377359,57.861635220125784,81.76100628930818,85.84905660377359,17.92452830188679,57.23270440251572,71.85534591194968,83.80503144654088,37.57861635220126,65.75471698113206
249565,2024,36,3049,3,3.709774609655142,7,8.044237377122045,41,60,4,0,3,2.94860577210784,21.22876513004303,16.205695185810328,Youri Tielemans,Aston Villa,EPL,M S,M,True,28.1,38000000.0,1997-05-07,2025-06-30,youri tielemans,0.0885536241390619,0.1095046621413456,0.0870365757591687,0.2066251229911446,0.2374487910596864,1.210232863233847,1.77107248278124,0.626628029420752,0.4783576801321513,89.73607038123167,85.04398826979472,82.69794721407625,89.73607038123167,53.0791788856305,57.18475073313783,87.3900293255132,86.21700879765396,55.131964809384165,77.30205278592376
250013,2023,29,1398,1,3.6937349252402782,2,3.696188071742654,46,38,1,0,1,3.6937349252402782,8.241204300895333,3.448700682260096,Angelo Fulgini,Lens,Ligue_1,M S,M,True,27.9,7000000.0,1996-08-20,2024-06-30,angelo fulgini,0.0643776824034334,0.2377940938995887,0.2377940938995887,0.1287553648068669,0.2379520217860077,2.96137339055794,2.446351931330472,0.5305496331048498,0.2220193572270448,89.7196261682243,94.0809968847352,74.76635514018692,35.82554517133956,93.14641744548287,98.4423676012461,91.90031152647975,55.29595015576324,95.79439252336448,80.25700934579439
251302,2023,21,1395,0,0.5927808890119195,0,0.1284244731068611,14,3,5,0,0,0.5927808890119195,3.946524831466377,3.559052163735032,Niklas Dorsch,Augsburg,Bundesliga,M S,M,True,26.5,4000000.0,1998-01-15,2024-06-30,niklas dorsch,0.0,0.0382439283233496,0.0382439283233496,0.0,0.008285449877862,0.9032258064516128,0.1935483870967742,0.2546145052558953,0.2296162686280665,0.6230529595015576,0.9345794392523363,17.133956386292834,38.31775700934579,25.233644859813083,33.64485981308411,0.7788161993769469,27.72585669781931,29.439252336448597,18.808411214953267
251302,2024,23,1408,2,1.0962662072852254,2,1.131101816892624,9,13,5,1,2,1.0962662072852254,3.0800743214786053,1.3530444698408246,Niklas Dorsch,"Augsburg,FC Heidenheim",Bundesliga,M S,M,True,27.5,3500000.0,1998-01-15,2025-06-30,niklas dorsch,0.1278409090909091,0.0700738342724931,0.0700738342724931,0.1278409090909091,0.072300542272966,0.5752840909090909,0.8309659090909092,0.1968797506626949,0.086487217532439,35.19061583577713,41.348973607038126,4.9853372434017595,1.466275659824047,43.401759530791786,17.595307917888565,38.26979472140763,3.225806451612903,30.498533724340177,23.673020527859236
251309,2022,27,2019,1,0.1656611412763595,3,2.4861039081588387,5,35,9,0,1,0.1656611412763595,7.273835579864681,5.599420048296452,Dennis Geiger,Hoffenheim,Bundesliga,M,M,True,25.1,8000000.0,1998-06-10,2023-06-30,dennis geiger,0.0445765230312035,0.0073845976794811,0.0073845976794811,0.1337295690936107,0.1108218681200076,0.2228826151560178,1.5601783060921248,0.3242422992510259,0.2496026767442697,58.80503144654088,80.81761006289308,39.62264150943396,52.51572327044025,1.8867924528301887,2.515723270440252,69.81132075471697,46.069182389937104,2.20125786163522,41.21855345911949
251845,2023,27,1245,1,3.1207109168171883,2,2.454174777492881,43,12,1,0,1,3.1207109168171883,6.818596877157688,2.015315644443035,Sergi Canos,Valencia,La_Liga,M S,M,True,27.4,2500000.0,1997-02-02,2024-06-30,sergi canos,0.072289156626506,0.2255935602518449,0.2255935602518449,0.144578313253012,0.1774102248790034,3.108433734939759,0.8674698795180724,0.492910617625857,0.1456854682729905,80.06230529595015,41.74454828660436,70.09345794392523,10.59190031152648,91.58878504672897,99.06542056074767,60.903426791277255,40.34267912772586,95.32710280373831,64.03426791277258
255731,2024,18,962,0,0.4133827127516269,1,2.204632848501205,7,10,1,0,0,0.4133827127516269,3.0202110949903727,0.9018877614289522,Wes Burns,Ipswich,EPL,M S,M,True,30.6,,1994-11-23,2025-06-30,wes burns,0.0,0.0386740583655368,0.0386740583655368,0.0935550935550935,0.2062546323961626,0.654885654885655,0.9355509355509356,0.2825561315479559,0.0843761938966795,85.63049853372434,49.266862170087975,18.475073313782993,1.1730205278592376,21.407624633431084,20.527859237536656,67.44868035190615,9.824046920821115,20.967741935483872,33.3357771260997
255901,2022,30,1964,2,1.4026036448776722,7,6.690865524113178,21,48,5,0,2,1.4026036448776722,15.50256515480578,10.091789565980434,Rodrigo de Paul,Atletico Madrid,La_Liga,M S,M,True,29.1,40000000.0,1994-05-24,2023-06-30,rodrigo de paul,0.0916496945010183,0.0642740977795267,0.0642740977795267,0.3207739307535642,0.3066078906161843,0.9623217922606924,2.19959266802444,0.7104026802100408,0.4624547153453356,97.48427672955975,94.9685534591195,92.45283018867924,90.56603773584906,44.339622641509436,39.62264150943396,96.22641509433963,91.50943396226415,41.9811320754717,78.30188679245283
255901,2023,34,2138,3,2.4136575758457184,5,5.956038564443588,30,40,7,0,3,2.4136575758457184,18.401144174858928,12.855113858357072,Rodrigo de Paul,Atletico Madrid,La_Liga,M S,M,True,30.1,30000000.0,1994-05-24,2024-06-30,rodrigo de paul,0.1262862488306828,0.101603920405105,0.101603920405105,0.2104770813844714,0.2507219227314887,1.262862488306829,1.6838166510757715,0.7746038240118351,0.5411413691544137,91.58878504672897,81.93146417445483,89.7196261682243,90.03115264797508,60.747663551401864,56.69781931464174,86.7601246105919,89.8753894080997,58.7227414330218,79.43925233644859
255901,2024,34,2137,3,1.467378824017942,5,5.930679908953607,19,42,7,0,3,1.467378824017942,17.426378836855292,13.48079302161932,Rodrigo de Paul,Atletico Madrid,La_Liga,M S,M,True,31.1,25000000.0,1994-05-24,2025-06-30,rodrigo de paul,0.1263453439401029,0.0617988274036568,0.0617988274036568,0.2105755732335049,0.2497712642984673,0.8001871782873187,1.768834815161441,0.7339139425910043,0.5677451436339442,91.49560117302052,84.4574780058651,90.6158357771261,93.841642228739,38.70967741935484,29.91202346041056,87.97653958944281,92.22873900293254,34.3108504398827,73.36510263929618
255942,2022,35,2643,6,2.842068800702691,6,4.794698579236865,33,56,6,0,6,2.842068800702691,19.134255908429623,13.142524007707834,Nicolò Barella,Inter,Serie_A,M S,M,True,26.4,75000000.0,1997-02-07,2023-06-30,nicolo barella,0.2043132803632236,0.0967787332815899,0.0967787332815899,0.2043132803632236,0.1632700991794619,1.1237230419977298,1.9069239500567536,0.6515637653267748,0.4475320320445347,81.76100628930818,88.9937106918239,90.25157232704403,89.30817610062893,61.32075471698113,52.83018867924528,85.37735849056605,89.77987421383648,57.075471698113205,78.42767295597484
255942,2023,37,2896,2,5.040394342504442,3,3.771154088899493,41,42,7,0,2,5.040394342504442,25.446581311523914,19.66714115440845,Nicolò Barella,Inter,Serie_A,M S,M,True,27.4,80000000.0,1997-02-07,2024-06-30,nicolo barella,0.0621546961325966,0.1566420893734115,0.1566420893734115,0.093232044198895,0.1171974682323737,1.274171270718232,1.3052486187845302,0.7908122645155913,0.6112025911245721,61.6822429906542,68.53582554517133,92.21183800623052,93.76947040498442,78.19314641744548,57.3208722741433,65.10903426791276,92.99065420560747,67.75700934579439,75.6619937694704
255942,2024,33,2485,3,2.0158462561666965,6,4.790416604839265,43,55,4,0,3,2.0158462561666965,14.60711894929409,11.276230716146529,Nicolò Barella,Inter,Serie_A,M S,M,True,28.4,75000000.0,1997-02-07,2025-06-30,nicolo barella,0.1086519114688128,0.0730085163199206,0.0730085163199206,0.2173038229376257,0.173495973615909,1.557344064386318,1.9919517102615691,0.5290304649643734,0.4083946738242203,79.17888563049853,89.44281524926686,71.8475073313783,79.47214076246334,45.45454545454545,73.60703812316716,84.3108504398827,75.65982404692082,59.530791788856305,73.84897360703812
257455,2022,35,3124,3,2.6951698008924723,0,0.275451373308897,38,7,14,0,3,2.6951698008924723,5.985029879026115,5.4245135728269815,João Palhinha,Fulham,EPL,M,M,True,28.0,40000000.0,1995-07-09,2023-06-30,joao palhinha,0.086427656850192,0.0776457369015116,0.0776457369015116,0.0,0.0079355389237518,1.094750320102433,0.2016645326504481,0.1724240362075385,0.1562759992171665,1.5723270440251573,1.8867924528301887,4.40251572327044,17.92452830188679,52.51572327044025,50.314465408805034,1.729559748427673,11.163522012578616,51.41509433962264,19.937106918238992
257455,2023,33,2742,4,3.245512000285089,1,0.8451391234993935,44,12,13,0,4,3.245512000285089,11.165684594772756,9.492066229693592,João Palhinha,Fulham,EPL,M S,M,True,29.0,55000000.0,1995-07-09,2024-06-30,joao palhinha,0.1312910284463894,0.106526652088132,0.106526652088132,0.0328227571115973,0.0277397961761288,1.4442013129102846,0.3938730853391685,0.3664885534389307,0.3115557843444286,8.411214953271028,6.230529595015576,43.613707165109034,65.73208722741433,63.2398753894081,69.78193146417445,7.320872274143301,54.67289719626168,66.51090342679127,41.651090342679126
259953,2022,23,1675,0,1.150306936353445,1,1.608954580500722,14,15,8,0,0,1.150306936353445,7.770425774157047,5.433331428095698,Rade Krunic,AC Milan,Serie_A,M S,M,True,29.7,10000000.0,1993-10-07,2023-06-30,rade krunic,0.0,0.0618075368786925,0.0618075368786925,0.053731343283582,0.0864512908925761,0.7522388059701491,0.8059701492537313,0.4175154147308264,0.2919401961364853,45.59748427672956,37.42138364779874,57.54716981132076,63.83647798742138,43.39622641509434,27.67295597484277,41.509433962264154,60.69182389937107,35.534591194968556,46.43081761006289
261504,2022,30,2346,1,1.496823001652956,5,7.221289093606174,32,64,1,0,1,1.496823001652956,13.786640480160711,10.398169683292508,Aleix García,Girona,La_Liga,M S,M,True,26.0,10000000.0,1997-06-28,2023-06-30,aleix garcia,0.0383631713554987,0.0574228773012643,0.0574228773012643,0.1918158567774936,0.2770315509056077,1.227621483375959,2.455242966751918,0.5288992511570605,0.3989067653437023,96.22641509433963,97.16981132075472,78.61635220125787,83.01886792452831,39.62264150943396,61.63522012578616,96.69811320754718,80.8176100628931,50.62893081761006,77.31918238993711
261504,2023,37,3211,3,1.654544435441494,6,6.332581764552742,39,57,4,1,3,1.654544435441494,27.95874883979559,26.10125770606101,Aleix García,Girona,La_Liga,M S,M,True,27.0,25000000.0,1997-06-28,2024-06-30,aleix garcia,0.0840859545312986,0.0463746493895155,0.0463746493895155,0.1681719090625973,0.1774937274399709,1.0931174089068827,1.5976331360946745,0.7836460278983504,0.7315830562271849,80.37383177570094,79.12772585669782,90.96573208722741,98.4423676012461,29.595015576323984,44.85981308411215,79.75077881619939,94.70404984423675,37.22741433021807,72.22741433021807
261504,2024,28,1438,3,0.8498970614746213,4,5.045784663408995,15,32,3,0,3,0.8498970614746213,6.266460470855236,4.544854115694761,Aleix García,Bayer Leverkusen,Bundesliga,M S,M,True,28.0,20000000.0,1997-06-28,2025-06-30,aleix garcia,0.1877607788595271,0.0531924447376327,0.0531924447376327,0.2503477051460361,0.3158001527863766,0.9388038942976356,2.0027816411682893,0.3921984995667394,0.2844484495219253,97.36070381231671,90.02932551319648,45.16129032258064,49.266862170087975,33.724340175953074,39.882697947214076,93.69501466275659,47.21407624633431,36.80351906158357,60.359237536656885
261905,2022,32,2048,4,2.5604766458272934,2,1.6089566946029663,24,18,7,0,4,2.5604766458272934,4.841636413708329,2.061656695790589,Suat Serdar,Hertha Berlin,Bundesliga,M S,M,True,26.2,4500000.0,1997-04-11,2023-06-30,suat serdar,0.17578125,0.1125209463498322,0.1125209463498322,0.087890625,0.0707061047432944,1.0546875,0.791015625,0.2127672252117918,0.0906001477642348,36.16352201257861,36.16352201257861,10.69182389937107,2.8301886792452833,69.18238993710692,48.113207547169814,36.16352201257861,6.761006289308177,58.64779874213836,32.617924528301884
261905,2023,25,1661,0,1.060647669248283,2,1.1698606880381703,22,17,7,0,0,1.060647669248283,3.126561622135341,1.5272986348718405,Suat Serdar,Verona,Serie_A,M S,M,True,27.2,5000000.0,1997-04-11,2024-06-30,suat serdar,0.0,0.0574703734089978,0.0574703734089978,0.1083684527393136,0.0633879963416227,1.1920529801324504,0.9211318482841664,0.1694103226924628,0.0827554949659636,33.33333333333333,46.41744548286604,2.803738317757009,1.557632398753894,38.006230529595015,51.4018691588785,39.875389408099686,2.1806853582554515,44.704049844236756,28.130841121495322
261905,2024,22,1380,2,1.6178497727960348,1,1.0614012964069843,30,10,2,1,2,1.6178497727960348,3.9974643010646105,1.9205339886248112,Suat Serdar,Verona,Serie_A,M S,M,True,28.2,4500000.0,1997-04-11,2025-06-30,suat serdar,0.1304347826086956,0.1055119417040892,0.1055119417040892,0.0652173913043478,0.0692218236787163,1.9565217391304348,0.6521739130434783,0.260704193547692,0.1252522166494442,32.84457478005865,26.97947214076246,14.66275659824047,6.158357771260997,62.17008797653959,86.51026392961877,29.912023460410555,10.410557184750733,74.34017595307918,36.414956011730204
263727,2022,23,1607,0,0.6404351843520999,1,0.3249107059091329,13,8,8,0,0,0.6404351843520999,5.43619673140347,4.854868249967694,Joan Jordán,Sevilla,La_Liga,M S,M,True,29.0,9000000.0,1994-07-06,2023-06-30,joan jordan,0.0,0.0358675585511443,0.0358675585511443,0.0560049782202862,0.0181966170079788,0.7280647168637212,0.4480398257622899,0.3044540795434426,0.2718967906017999,4.088050314465408,8.80503144654088,35.53459119496855,58.490566037735846,22.641509433962266,24.842767295597483,6.446540880503145,47.0125786163522,23.742138364779876,25.833333333333332
263727,2024,25,1397,5,4.278463607653976,2,2.1695005875080824,17,30,4,0,2,1.3053531553596258,4.523949593305588,3.4168765898793936,Joan Jordán,Alaves,La_Liga,M S,M,True,31.0,2500000.0,1994-07-06,2025-06-30,joan jordan,0.3221188260558339,0.2756347349240214,0.0840957651985442,0.1288475304223335,0.1397673964751091,1.0952040085898354,1.932712956335004,0.2914498664262727,0.2201280551819223,66.27565982404691,88.56304985337243,21.114369501466275,33.43108504398827,51.02639296187683,48.68035190615836,77.41935483870967,27.272727272727273,49.853372434017594,51.5982404692082
263918,2024,19,1158,3,2.203651662915945,0,2.4195409286767244,24,24,1,0,3,2.203651662915945,8.623710298910737,4.631655044853687,Aleksandr Golovin,Monaco,Ligue_1,M S,M,True,29.1,20000000.0,1996-05-30,2025-06-30,aleksandr golovin,0.233160621761658,0.1712682639571978,0.1712682639571978,0.0,0.1880472224360148,1.865284974093264,1.865284974093264,0.6702365517288137,0.3599731900145353,82.69794721407625,87.3900293255132,87.09677419354838,71.5542521994135,79.47214076246334,83.87096774193549,85.04398826979472,79.32551319648094,81.67155425219941,82.0307917888563
263951,2022,27,1673,1,1.1172521393746138,2,2.826298099011183,30,38,1,0,1,1.1172521393746138,5.135480003431439,2.692696863785386,Hamza Sakhi,Auxerre,Ligue_1,M S,M,True,27.1,2000000.0,1996-06-07,2023-06-30,hamza sakhi,0.0537955768081291,0.0601032232777736,0.0601032232777736,0.1075911536162582,0.1520423364680253,1.6138673042438734,2.044231918708906,0.2762661089712071,0.1448551809567751,76.41509433962264,91.82389937106919,26.10062893081761,14.150943396226415,41.82389937106918,78.61635220125787,84.11949685534591,20.12578616352201,60.22012578616352,54.551886792452834
264372,2022,19,1501,3,2.369046278297901,6,2.8325468711555004,20,34,0,0,3,2.369046278297901,7.765996919944882,3.650611913297325,Viktor Tsygankov,Girona,La_Liga,M S,M,True,25.6,22000000.0,1997-11-15,2023-06-30,viktor tsygankov,0.1798800799467022,0.1420480779792212,0.1420480779792212,0.3597601598934044,0.1698395858787442,1.1992005329780149,2.038640906062625,0.4656493822751761,0.2188907876061021,84.59119496855347,91.50943396226415,66.98113207547169,39.937106918238996,76.72955974842768,59.11949685534591,88.0503144654088,53.459119496855344,67.9245283018868,69.90566037735849
265088,2022,32,2478,0,1.3309556283056736,2,1.64612689986825,29,22,8,0,0,1.3309556283056736,10.380102315917611,8.26999706402421,Manuel Locatelli,Juventus,Serie_A,M S,M,True,25.5,30000000.0,1998-01-08,2023-06-30,manuel locatelli,0.0,0.0483397927956055,0.0483397927956055,0.072639225181598,0.0597866912785078,1.053268765133172,0.7990314769975787,0.3770012947669834,0.3003630894924047,29.559748427672954,36.94968553459119,51.257861635220124,65.40880503144653,32.70440251572327,47.79874213836478,33.25471698113207,58.33333333333333,40.25157232704402,44.13128930817609
265088,2023,36,3023,1,1.1890530409291389,4,1.748154795728624,25,26,6,0,1,1.1890530409291389,13.120755590498447,11.252381660044191,Manuel Locatelli,Juventus,Serie_A,M S,M,True,26.5,28000000.0,1998-01-08,2024-06-30,manuel locatelli,0.0297717499173006,0.0354001897729482,0.0354001897729482,0.1190869996692027,0.0520456273951624,0.7442937479325173,0.774065497849818,0.3906278541663447,0.3350030927568565,26.791277258566975,34.57943925233645,50.155763239875384,71.33956386292834,22.741433021806852,24.922118380062305,30.68535825545171,60.747663551401864,23.83177570093458,39.151090342679126
265088,2024,36,2852,2,1.728091100230813,2,3.160760385915637,25,29,9,0,1,0.9667923059314488,15.23953227698803,12.483740866184236,Manuel Locatelli,Juventus,Serie_A,M S,M,True,27.5,30000000.0,1998-01-08,2025-06-30,manuel locatelli,0.0631136044880785,0.054533029109668,0.0305088736093374,0.0631136044880785,0.099743490439133,0.7889200561009817,0.9151472650771388,0.4809109063565647,0.3939469417800074,50.733137829912025,48.09384164222874,62.17008797653959,78.59237536656892,15.249266862170089,28.445747800586513,49.41348973607038,70.38123167155425,21.847507331378303,48.482404692082106
266302,2022,36,3044,9,7.642115520313382,8,7.669951910153031,64,42,10,0,9,7.642115520313382,18.009869592264295,9.168152891099451,Sergej Milinkovic-Savic,Lazio,Serie_A,M S,M,True,28.3,50000000.0,1995-02-27,2023-06-30,sergej milinkovic savic,0.2660972404730617,0.2259495390368608,0.2259495390368608,0.2365308804204993,0.2267725597614234,1.8922470433639949,1.2417871222076216,0.5324862888645816,0.2710689093951874,92.13836477987421,65.09433962264151,79.24528301886792,57.861635220125784,93.08176100628931,87.10691823899371,78.61635220125785,68.55345911949685,90.09433962264151,78.53773584905659
266795,2022,14,1132,4,3.4860581438988447,1,1.36583006195724,14,10,4,0,4,3.4860581438988447,5.82333117723465,1.6171930115669966,Gonzalo Escalante,Cadiz,La_Liga,M S,M,True,30.3,2000000.0,1993-03-27,2023-06-30,gonzalo escalante,0.3180212014134275,0.2771600997799435,0.2771600997799435,0.0795053003533568,0.1085907293075544,1.1130742049469964,0.7950530035335689,0.4629856943031081,0.1285754161139838,57.861635220125784,36.477987421383645,66.35220125786164,9.748427672955975,96.54088050314465,51.57232704402516,47.16981132075472,38.0503144654088,74.0566037735849,52.044025157232696
266795,2023,26,1790,1,1.5264770975336432,2,1.464338380843401,15,11,2,1,1,1.5264770975336432,3.778125042095781,3.027462931349873,Gonzalo Escalante,Cadiz,La_Liga,M S,M,True,31.3,1500000.0,1993-03-27,2024-06-30,gonzalo escalante,0.0502793296089385,0.0767502451273898,0.0767502451273898,0.100558659217877,0.0736259521094447,0.7541899441340782,0.5530726256983239,0.1899615942953186,0.1522188066041835,37.07165109034268,14.953271028037381,4.984423676012461,12.149532710280374,49.532710280373834,26.168224299065418,26.01246105919003,8.566978193146417,37.850467289719624,23.457943925233643
268429,2022,37,2375,5,3.895120724104345,6,3.1141071068122983,71,46,4,0,5,3.895120724104345,9.186829634010792,4.413520187139511,Sandi Lovric,Udinese,Serie_A,M S,M,True,25.3,10000000.0,1998-03-28,2023-06-30,sandi lovric,0.1894736842105263,0.1476045748081646,0.1476045748081646,0.2273684210526315,0.1180082693107818,2.690526315789473,1.7431578947368422,0.3481324913940931,0.1672491860389709,62.264150943396224,85.53459119496856,44.9685534591195,22.32704402515723,79.55974842767296,98.74213836477988,73.8993710691824,33.64779874213836,89.15094339622641,64.38679245283018
268429,2023,29,1995,1,3.50694039138034,3,3.840361265465617,43,43,1,1,1,3.50694039138034,9.013672885019332,4.2419182769954205,Sandi Lovric,Udinese,Serie_A,M S,M,True,26.3,8000000.0,1998-03-28,2024-06-30,sandi lovric,0.0451127819548872,0.1582078372051281,0.1582078372051281,0.1353383458646616,0.1732493803969451,1.9398496240601504,1.9398496240601504,0.4066318594745563,0.1913647343005453,79.12772585669782,87.22741433021807,52.024922118380054,27.102803738317753,78.50467289719626,84.73520249221184,83.17757009345794,39.563862928348904,81.61993769470405,67.4454828660436
268429,2024,36,2370,2,2.558918621391058,3,3.452964967116713,49,32,5,0,2,2.558918621391058,9.900501234456897,5.352557154372335,Sandi Lovric,Udinese,Serie_A,M S,M,True,27.3,8500000.0,1998-03-28,2025-06-30,sandi lovric,0.0759493670886076,0.0971741248629515,0.0971741248629515,0.1139240506329113,0.1311252519158245,1.8607594936708864,1.2151898734177216,0.3759684013084897,0.2032616640900887,62.75659824046921,63.34310850439883,42.81524926686217,28.152492668621704,58.65102639296188,83.57771260997067,63.049853372434015,35.483870967741936,71.11436950146629,55.821114369501466
268670,2022,35,2765,1,2.2453443557024,6,6.206648557446897,47,72,11,0,1,2.2453443557024,8.75935653410852,5.912355614826083,Gerard Gumbau,Elche,La_Liga,M S,M,True,28.5,3500000.0,1994-12-18,2023-06-30,gerard gumbau,0.0325497287522604,0.073085349733532,0.073085349733532,0.1952983725135623,0.2020247270055047,1.5298372513562388,2.3435804701627485,0.285114679229572,0.1924455715494927,89.30817610062893,96.22641509433963,30.18867924528302,31.446540880503143,49.685534591194966,73.89937106918238,92.76729559748428,30.81761006289308,61.79245283018867,61.79245283018868
268670,2023,35,2714,0,1.8900840035639703,3,4.485361495986581,45,41,12,0,0,1.8900840035639703,7.919907013420016,4.410726794973016,Gerard Gumbau,Granada,La_Liga,M S,M,True,29.5,3000000.0,1994-12-18,2024-06-30,gerard gumbau,0.0,0.0626778040975524,0.0626778040975524,0.0994841562269712,0.1487408012670568,1.492262343404569,1.3596168017686072,0.2626350888753874,0.1462658111818612,71.33956386292834,71.02803738317756,19.003115264797508,10.903426791277258,40.18691588785047,72.27414330218068,71.18380062305295,14.953271028037383,56.23052959501557,47.01713395638628
270411,2022,34,2035,7,6.658812128938735,3,3.652166774496436,47,38,4,0,7,6.658812128938735,10.35408806335181,1.603751853108406,Saif-Eddine Khaoui,Clermont Foot,Ligue_1,M S,M,True,28.2,2000000.0,1995-04-27,2023-06-30,saif eddine khaoui,0.3095823095823096,0.2944929197073642,0.2944929197073642,0.1326781326781326,0.1615208892897686,2.078624078624079,1.6805896805896807,0.4579203566101538,0.0709276003831727,80.50314465408806,84.27672955974843,65.40880503144653,1.257861635220126,97.16981132075472,92.45283018867924,82.38993710691824,33.33333333333333,94.81132075471697,68.94654088050314
273152,2022,29,2099,0,2.196349361911416,0,0.4495382355526089,18,10,3,0,0,2.196349361911416,5.5006568767130375,3.0556418485939503,Nemanja Maksimovic,Getafe,La_Liga,M S,M,True,28.4,6000000.0,1995-01-26,2023-06-30,nemanja maksimovic,0.0,0.0941741031786695,0.0941741031786695,0.0,0.0192751030013029,0.7717960933777989,0.4287756074321105,0.2358547493588248,0.1310184689725848,4.40251572327044,7.861635220125786,16.666666666666664,11.320754716981133,60.062893081761004,29.874213836477985,6.132075471698113,13.9937106918239,44.96855345911949,20.534591194968552
273669,2023,23,982,1,0.9925451297312976,1,1.0597687922418118,12,11,1,0,1,0.9925451297312976,1.411934558302164,0.9195537455379964,Adrian Beck,FC Heidenheim,Bundesliga,M S,M,True,27.1,1500000.0,1997-06-09,2024-06-30,adrian beck,0.0916496945010183,0.090966457918347,0.090966457918347,0.0916496945010183,0.0971274860506752,1.09979633401222,1.0081466395112015,0.1294033709238236,0.0842768198558245,53.58255451713395,52.95950155763239,0.9345794392523363,2.4922118380062304,56.074766355140184,45.17133956386293,53.271028037383175,1.7133956386292835,50.62305295950156,34.431464174454824
274839,2024,28,2368,0,1.973463961854577,5,2.7866385113447905,22,17,8,0,0,1.973463961854577,8.735264824703336,5.421601940877736,Wilfred Ndidi,Leicester,EPL,M,M,True,28.5,15000000.0,1996-12-16,2025-06-30,wilfred ndidi,0.0,0.0750049647664324,0.0750049647664324,0.1900337837837838,0.1059110920696922,0.8361486486486487,0.6461148648648649,0.3319990853983531,0.2060575061989004,53.95894428152492,25.513196480938415,30.498533724340177,28.445747800586513,46.62756598240469,32.84457478005865,39.73607038123167,29.472140762463347,39.73607038123167,36.143695014662754
275249,2022,24,1068,3,1.766044428572059,0,0.9927829960361124,21,17,4,0,3,1.766044428572059,4.293101482093334,1.927444675937295,Niklas Schmidt,Werder Bremen,Bundesliga,M S,M,True,25.3,2500000.0,1998-03-01,2023-06-30,niklas schmidt,0.2528089887640449,0.1488239686998926,0.1488239686998926,0.0,0.0836614884300094,1.7696629213483146,1.4325842696629214,0.3617782147831462,0.1624251131407832,42.76729559748428,76.10062893081762,48.113207547169814,20.440251572327046,80.18867924528303,84.27672955974843,59.43396226415095,34.27672955974843,82.23270440251574,57.468553459119505
275249,2023,22,1265,1,1.516534423455596,1,3.1523961946368217,20,28,4,0,1,1.516534423455596,5.742723759263754,2.54379566013813,Niklas Schmidt,Toulouse,Ligue_1,M S,M,True,26.3,3000000.0,1998-03-01,2024-06-30,niklas schmidt,0.0711462450592885,0.1078957297320186,0.1078957297320186,0.0711462450592885,0.2242811521875999,1.4229249011857708,1.992094861660079,0.4085732318843778,0.180981509416942,88.1619937694704,88.78504672897196,52.64797507788161,22.118380062305295,63.862928348909655,67.601246105919,88.47352024922118,37.38317757009345,65.73208722741433,63.76947040498442
277033,2024,29,937,2,2.8713680896908045,0,1.7746479772031307,25,19,3,0,2,2.8713680896908045,6.463442295789719,3.160865820944309,David Brooks,Bournemouth,EPL,M S,M,True,28.0,10000000.0,1997-07-08,2025-06-30,david brooks,0.192102454642476,0.2757984291058403,0.2757984291058403,0.0,0.1704571162735131,2.40128068303095,1.8249733191035216,0.6208215652306027,0.3036050414994534,77.71260997067448,86.21700879765396,81.81818181818183,56.89149560117303,93.54838709677419,95.01466275659824,81.96480938416423,69.35483870967742,94.28152492668622,81.24633431085044
277635,2022,32,2683,1,1.0948379253968596,1,1.4525106335058808,24,21,9,0,1,1.0948379253968596,7.005053661763668,5.042589141055942,Rominigue Kouame,Troyes,Ligue_1,M S,M,True,26.5,4500000.0,1996-12-17,2023-06-30,rominigue kouame,0.0335445396943719,0.0367258342473788,0.0367258342473788,0.0335445396943719,0.0487238006021354,0.8050689526649273,0.7044353335818114,0.234981300618237,0.16915133160456,21.069182389937108,28.930817610062892,16.037735849056602,23.270440251572328,22.955974842767297,31.132075471698112,25.0,19.654088050314463,27.044025157232703,23.742138364779873
278332,2022,23,1408,1,1.7601174786686895,0,2.6257726550102234,28,15,2,0,1,1.7601174786686895,8.51011537015438,4.909894483163953,Florian Neuhaus,Borussia M.Gladbach,Bundesliga,M S,M,True,26.3,12000000.0,1997-03-16,2023-06-30,florian neuhaus,0.0639204545454545,0.112507509289902,0.112507509289902,0.0,0.1678405816412785,1.7897727272727273,0.958806818181818,0.5439704426945272,0.3138426871340595,83.9622641509434,45.59748427672956,81.44654088050315,67.61006289308176,68.86792452830188,84.59119496855347,64.77987421383648,74.52830188679246,76.72955974842768,71.77672955974842
278332,2023,25,1253,4,5.168816182762384,2,2.201768177561462,38,19,4,0,3,4.411039505153894,9.522696343250573,4.2675488060340285,Florian Neuhaus,Borussia M.Gladbach,Bundesliga,M S,M,True,27.3,7000000.0,1997-03-16,2024-06-30,florian neuhaus,0.2873104549082202,0.3712637322016078,0.3168344417109741,0.1436552274541101,0.1581477541744066,2.7294493216280924,1.3647246608140462,0.683992554583042,0.3065278472011672,74.14330218068535,71.33956386292834,86.29283489096574,64.48598130841121,96.57320872274143,96.26168224299066,72.74143302180684,75.38940809968847,96.41744548286604,80.77102803738318
279455,2022,29,1087,2,1.8703890815377235,3,1.3884916454553604,18,12,1,0,2,1.8703890815377235,5.573958999477327,2.747893917374313,Harry Wilson,Fulham,EPL,M S,M,True,26.3,16000000.0,1997-03-22,2023-06-30,harry wilson,0.1655933762649494,0.1548620214704646,0.1548620214704646,0.2483900643974241,0.1149625097433141,1.4903403863845446,0.9935602575896963,0.4615053449429249,0.2275165156979652,61.63522012578616,50.314465408805034,66.0377358490566,44.0251572327044,81.76100628930818,72.0125786163522,55.9748427672956,55.0314465408805,76.88679245283019,61.918238993710695
280387,2023,30,2268,6,5.410428666509688,2,2.150746964849532,36,31,8,0,2,1.609952942468226,5.913235186599195,4.690571770071983,Vincent Sierro,Toulouse,Ligue_1,M S,M,True,28.7,4000000.0,1995-10-08,2024-06-30,vincent sierro,0.238095238095238,0.2146995502583209,0.0638870215265169,0.0793650793650793,0.0853471017797433,1.4285714285714284,1.23015873015873,0.2346521899444124,0.1861338003996819,45.794392523364486,64.48598130841121,13.707165109034266,23.98753894080997,42.05607476635514,69.1588785046729,55.14018691588785,18.847352024922117,55.60747663551402,42.5778816199377
280387,2024,29,2433,5,4.2572588147595525,1,4.276940012350678,32,32,4,0,3,2.7370685283094645,10.605566969141364,7.885466464795172,Vincent Sierro,Toulouse,Ligue_1,M S,M,True,29.7,4000000.0,1995-10-08,2025-06-30,vincent sierro,0.1849568434032059,0.1574818303856801,0.1012479110348753,0.0369913686806411,0.15820986482185,1.183723797780518,1.183723797780518,0.3923144378227385,0.2916941972180705,74.7800586510264,61.58357771260997,45.45454545454545,52.19941348973607,60.410557184750736,55.13196480938416,68.18181818181819,48.82697947214076,57.771260997067444,58.28445747800586
280575,2022,31,2566,0,0.3342985529452562,0,1.2082694992423058,16,13,6,0,0,0.3342985529452562,3.8194191930815578,2.499745972454548,Elvis Rexhbecaj,Augsburg,Bundesliga,M S,M,True,25.7,3500000.0,1997-11-01,2023-06-30,elvis rexhbecaj,0.0,0.0117252025584852,0.0117252025584852,0.0,0.0423788990381167,0.5611847233047544,0.455962587685113,0.1339624814408964,0.0876762032427549,18.238993710691823,10.377358490566039,1.5723270440251573,2.515723270440252,7.232704402515723,16.9811320754717,14.30817610062893,2.0440251572327046,12.10691823899371,9.355345911949685
280575,2023,25,2025,2,1.593154071830213,0,0.5105802221223712,28,12,4,0,1,0.8353773942217231,5.118085071444511,3.9731741482391953,Elvis Rexhbecaj,Augsburg,Bundesliga,M S,M,True,26.7,3500000.0,1997-11-01,2024-06-30,elvis rexhbecaj,0.0888888888888888,0.0708068476368983,0.0371278841876321,0.0,0.0226924543165498,1.2444444444444445,0.5333333333333333,0.227470447619756,0.1765855176995198,5.29595015576324,12.77258566978193,11.838006230529595,19.626168224299064,23.98753894080997,55.140186915887845,9.034267912772584,15.732087227414329,39.56386292834891,20.537383177570092
280575,2024,27,1807,1,1.5866161594167352,1,1.1454962734133003,29,16,8,0,1,1.5866161594167352,6.0185795752331614,4.521676512435079,Elvis Rexhbecaj,Augsburg,Bundesliga,M S,M,True,27.7,3500000.0,1997-11-01,2025-06-30,elvis rexhbecaj,0.0498063087991145,0.079023494381575,0.079023494381575,0.0498063087991145,0.0570529411218577,1.444382955174322,0.7969009407858328,0.2997632328561065,0.2252080166680448,25.513196480938415,38.12316715542522,24.633431085043988,34.89736070381232,47.80058651026393,69.50146627565982,31.81818181818182,29.765395894428153,58.65102639296188,39.14956011730206
281755,2022,31,1278,0,1.0184715241193771,1,2.443297396413982,23,21,11,1,0,1.0184715241193771,4.896738603711128,1.8033415526151657,Iván Alejo,Cadiz,La_Liga,M S,M,True,28.4,1200000.0,1995-02-10,2023-06-30,ivan alejo,0.0,0.0717233467689702,0.0717233467689702,0.0704225352112676,0.1720631969305621,1.619718309859155,1.4788732394366195,0.3448407467402203,0.1269958839869835,85.22012578616352,78.30188679245283,44.0251572327044,8.80503144654088,49.056603773584904,79.87421383647799,81.76100628930817,26.41509433962264,64.46540880503144,57.20125786163521
281755,2023,31,1770,0,0.5896123591810465,2,2.020405754446984,12,15,18,0,0,0.5896123591810465,3.699001715518534,1.8776471866294744,Iván Alejo,Cadiz,La_Liga,M S,M,True,29.4,1500000.0,1995-02-10,2024-06-30,ivan alejo,0.0,0.0299802894498837,0.0299802894498837,0.1016949152542373,0.1027324959888296,0.6101694915254237,0.7627118644067796,0.1880848329924678,0.0954735857608207,55.7632398753894,33.64485981308411,4.672897196261682,3.4267912772585665,18.38006230529595,17.133956386292834,44.704049844236756,4.049844236760125,17.757009345794394,22.390965732087224
281989,2022,27,1862,0,0.2161127012223005,3,1.3393888818100097,8,29,4,1,0,0.2161127012223005,1.7361189015209677,1.3539285622537136,Luis Milla,Getafe,La_Liga,M S,M,True,28.7,4000000.0,1994-10-07,2023-06-30,luis milla,0.0,0.0104458341084892,0.0104458341084892,0.1450053705692803,0.0647395270477448,0.3866809881847475,1.40171858216971,0.0839155215557933,0.0654423042979775,32.70440251572327,74.21383647798741,0.3144654088050315,0.628930817610063,5.031446540880504,9.748427672955975,53.45911949685534,0.47169811320754723,7.389937106918239,21.09276729559748
281989,2023,28,2220,0,0.7645091386511922,1,1.65008888207376,17,30,6,0,0,0.7645091386511922,6.788594078272581,5.593738727271557,Luis Milla,Getafe,La_Liga,M S,M,True,29.7,3500000.0,1994-10-07,2024-06-30,luis milla,0.0,0.0309936137291023,0.0309936137291023,0.0405405405405405,0.0668954952192064,0.6891891891891891,1.2162162162162162,0.275213273443483,0.2267731916461442,34.890965732087224,63.2398753894081,22.429906542056074,37.07165109034268,19.937694704049843,21.806853582554517,49.06542056074766,29.750778816199375,20.872274143302178,33.84735202492212
281989,2024,33,2887,1,1.8550234846770763,4,4.254146805033088,32,70,6,0,0,1.1117458753287792,6.354824848473072,4.941841447725892,Luis Milla,Getafe,La_Liga,M S,M,True,30.7,3500000.0,1994-10-07,2025-06-30,luis milla,0.0311742293037755,0.0578289274752119,0.034657820845026,0.1246969172151021,0.1326197479920256,0.9975753377208176,2.182196051264288,0.1981067670116302,0.154058098474309,63.63636363636363,94.13489736070382,5.571847507331378,14.369501466275661,19.941348973607038,42.81524926686217,78.88563049853373,9.970674486803519,31.3782991202346,40.51319648093841
282421,2023,37,2659,2,3.1554005797952414,3,1.6818826254457235,38,24,6,0,2,3.1554005797952414,9.510037542320788,5.553472641855478,Javi Muñoz,Las Palmas,La_Liga,M S,M,True,29.3,3000000.0,1995-02-28,2024-06-30,javi munoz,0.0676946220383602,0.1068018248144308,0.1068018248144308,0.1015419330575404,0.0569272043212166,1.2861978187288454,0.8123354644603235,0.3218891984990112,0.1879701157453904,30.529595015576323,37.69470404984423,33.64485981308411,25.233644859813083,63.55140186915887,58.56697819314641,34.112149532710276,29.439252336448597,61.05919003115264,40.560747663551396
282727,2022,33,2036,3,2.376700069755316,2,2.798762056045234,39,25,10,0,3,2.376700069755316,6.02782881911844,3.670932489447296,Monchu,Real Valladolid,La_Liga,M S,M,True,23.8,5000000.0,1999-09-13,2023-06-30,monchu,0.1326129666011787,0.1050604156571603,0.1050604156571603,0.0884086444007858,0.1237173796876577,1.723968565815324,1.1051080550098231,0.2664560872891255,0.1622710825394187,66.0377358490566,56.289308176100626,23.89937106918239,19.81132075471698,65.09433962264151,82.0754716981132,61.16352201257861,21.855345911949684,73.58490566037736,51.132075471698116
282810,2024,27,1438,3,3.4532571025192738,0,1.2140490878373384,34,16,2,0,3,3.4532571025192738,5.970107097178698,1.6416324898600578,Carles Pérez,Getafe,La_Liga,M S,M,True,27.4,2000000.0,1998-02-16,2025-06-30,carles perez,0.1877607788595271,0.2161287477237375,0.2161287477237375,0.0,0.075983600768679,2.1279554937413074,1.0013908205841446,0.3736506528136876,0.1027447316324097,37.24340175953079,53.95894428152492,42.22873900293255,2.932551319648094,87.3900293255132,90.02932551319648,45.60117302052785,22.58064516129032,88.70967741935485,50.47653958944281
283628,2022,36,2839,2,3.82576912175864,3,1.9310189355164769,34,15,3,0,2,3.82576912175864,8.626211040653288,5.910706527531147,Tomas Soucek,West Ham,EPL,M S,M,True,28.3,35000000.0,1995-02-27,2023-06-30,tomas soucek,0.0634026065516026,0.1212818671920667,0.1212818671920667,0.095103909827404,0.0612158169061229,1.0778443113772456,0.47551954913702,0.2734621323208158,0.1873771002035235,30.81761006289308,11.949685534591195,25.471698113207548,29.874213836477985,71.69811320754717,49.056603773584904,21.38364779874214,27.672955974842765,60.37735849056604,35.283018867924525
283628,2023,37,2885,7,7.466816443949938,2,2.1494441609829664,42,20,7,0,7,7.466816443949938,12.123065176419914,6.039048316888511,Tomas Soucek,West Ham,EPL,M S,M,True,29.3,30000000.0,1995-02-27,2024-06-30,tomas soucek,0.218370883882149,0.2329336152358732,0.2329336152358732,0.0623916811091854,0.0670537173270249,1.3102253032928943,0.6239168110918544,0.3781892082765311,0.1883931883951355,35.202492211838006,20.87227414330218,46.41744548286604,25.54517133956386,92.21183800623052,60.43613707165109,28.037383177570092,35.981308411214954,76.3239875389408,45.30373831775701
283628,2024,35,2586,9,8.068854354321957,1,0.947371281683445,55,14,8,0,9,8.068854354321957,13.590047078207135,5.360286621376872,Tomas Soucek,West Ham,EPL,M S,M,True,30.3,18000000.0,1995-02-27,2025-06-30,tomas soucek,0.3132250580046403,0.2808185970181655,0.2808185970181655,0.0348027842227378,0.0329711582952475,1.9141531322505805,0.4872389791183295,0.4729714760396915,0.1865528986558076,12.023460410557185,12.609970674486803,60.410557184750736,24.04692082111437,94.42815249266863,85.92375366568915,12.316715542521994,42.228739002932556,90.1759530791789,46.14369501466276
284854,2023,30,1039,1,1.577088724821806,1,1.884065702557564,16,17,5,0,1,1.577088724821806,2.7812199518084526,1.221043431200087,Carles Aleñá,Getafe,La_Liga,M S,M,True,26.5,3000000.0,1998-01-05,2024-06-30,carles alena,0.0866217516843118,0.1366101879056424,0.1366101879056424,0.0866217516843118,0.1632010714438698,1.3859480269489894,1.4725697786333012,0.2409141440450055,0.105768920893174,75.70093457943925,74.45482866043614,15.57632398753894,4.361370716510903,74.45482866043614,65.42056074766354,75.0778816199377,9.968847352024921,69.93769470404985,50.74766355140187
284854,2024,24,1568,0,1.2464379873126743,2,2.068190712481737,20,23,2,0,0,1.2464379873126743,3.5255685579031706,1.1926605817861855,Carles Aleñá,"Alaves,Getafe",La_Liga,M S,M,True,27.5,2500000.0,1998-01-05,2025-06-30,carles alena,0.0,0.0715429967207529,0.0715429967207529,0.1147959183673469,0.1187099260990793,1.1479591836734695,1.3201530612244898,0.2023604401857687,0.0684562833933397,58.65102639296188,66.71554252199414,6.158357771260997,0.8797653958944283,44.868035190615835,51.31964809384164,62.68328445747801,3.5190615835777126,48.09384164222874,37.59897360703812
284884,2022,33,1777,2,3.2660274133086205,0,1.9282668586820364,43,24,6,0,2,3.2660274133086205,7.24289171397686,4.457388846203685,Óscar Rodríguez,Celta Vigo,La_Liga,M S,M,True,25.0,8000000.0,1998-06-28,2023-06-30,oscar rodriguez,0.1012943162633652,0.165415006864252,0.165415006864252,0.0,0.0976612365117519,2.1778277996623525,1.2155317951603826,0.3668318819684397,0.2257540777480763,52.83018867924528,62.57861635220125,49.056603773584904,43.08176100628931,84.59119496855347,93.71069182389937,57.70440251572327,46.06918238993711,89.15094339622641,63.06603773584905
284884,2024,29,1290,1,2.632121101953089,4,2.824665365740657,33,19,6,1,1,2.632121101953089,5.780915940180421,2.6671316027641296,Óscar Rodríguez,Leganes,La_Liga,M S,M,True,27.0,2000000.0,1998-06-28,2025-06-30,oscar rodriguez,0.0697674418604651,0.1836363559502155,0.1836363559502155,0.2790697674418604,0.1970696766795807,2.302325581395349,1.3255813953488371,0.4033197167567736,0.1860789490300555,83.87096774193549,68.03519061583577,48.68035190615836,23.46041055718475,82.40469208211144,93.54838709677419,75.95307917888563,36.070381231671554,87.97653958944281,65.60117302052785
285323,2022,25,1806,2,1.2174592223018408,0,0.5853098705410957,19,12,2,0,2,1.2174592223018408,8.316554449498653,7.582928530871868,Baptiste Santamaria,Rennes,Ligue_1,M S,M,True,28.3,14000000.0,1995-03-09,2023-06-30,baptiste santamaria,0.0996677740863787,0.0606707253638791,0.0606707253638791,0.0,0.0291682659738087,0.946843853820598,0.5980066445182725,0.4144462350248498,0.3778868038640466,10.062893081761008,19.49685534591195,56.60377358490566,77.67295597484278,42.45283018867924,38.9937106918239,14.779874213836479,67.13836477987422,40.72327044025157,40.888364779874216
285323,2023,30,1937,0,1.9300971580669284,1,0.8069737106561661,28,14,3,0,0,1.9300971580669284,7.681525564752519,6.315793385729194,Baptiste Santamaria,Rennes,Ligue_1,M S,M,True,29.3,10000000.0,1995-03-09,2024-06-30,baptiste santamaria,0.0,0.0896792690893255,0.0896792690893255,0.0464636035105833,0.0374949065353923,1.3009808982963345,0.6504904491481672,0.3569113581970711,0.2934545197292862,14.641744548286603,23.98753894080997,42.05607476635514,61.6822429906542,55.7632398753894,59.50155763239875,19.314641744548286,51.86915887850467,57.63239875389408,42.20404984423676
285323,2024,23,1411,0,0.8494266346096992,1,1.5407738704234362,20,15,2,0,0,0.8494266346096992,6.214584792032838,5.513916777446866,Baptiste Santamaria,"Nice,Rennes",Ligue_1,M S,M,True,30.3,7000000.0,1995-03-09,2025-06-30,baptiste santamaria,0.0,0.0541802956164939,0.0541802956164939,0.0637845499645641,0.0982775679221185,1.2756909992912828,0.956768249468462,0.396394494176439,0.351702700191508,49.853372434017594,49.56011730205279,46.62756598240469,68.91495601173021,34.31085043988269,61.29032258064516,49.70674486803519,57.77126099706745,47.800586510263926,51.95747800586509
286297,2023,29,1878,8,5.22588387876749,3,2.8655528174713254,47,36,7,0,7,4.464585058391094,8.608983617275953,4.905187401920557,Lorenzo Pellegrini,Roma,Serie_A,M S,M,True,28.0,25000000.0,1996-06-19,2024-06-30,lorenzo pellegrini,0.3833865814696486,0.2504417194297519,0.2139577504021291,0.1437699680511182,0.1373268123388814,2.2523961661341856,1.7252396166134183,0.4125710998694546,0.2350728786862886,67.28971962616822,83.17757009345794,53.89408099688473,40.18691588785047,90.34267912772586,90.96573208722741,75.23364485981308,47.0404984423676,90.65420560747663,69.99221183800623
286297,2024,25,1648,2,5.427780851721764,1,2.6245815753936768,42,27,4,0,1,4.666482016444206,9.614778824150562,4.58295938745141,Lorenzo Pellegrini,Roma,Serie_A,M S,M,True,29.0,9000000.0,1996-06-19,2025-06-30,lorenzo pellegrini,0.1092233009708737,0.2964200707857759,0.2548442848786277,0.0546116504854368,0.1433327316659168,2.2936893203883493,1.4745145631067962,0.5250789406392904,0.2502829762564484,68.91495601173021,74.48680351906158,70.96774193548387,40.76246334310851,91.49560117302052,93.25513196480938,71.7008797653959,55.86510263929619,92.37536656891496,72.3607038123167
287188,2022,27,1728,5,3.079336908645928,1,1.985349452123046,35,27,3,0,4,2.321560231037438,7.993325859308243,4.242061257362366,Dejan Ljubicic,FC Cologne,Bundesliga,M S,M,True,25.7,10000000.0,1997-10-08,2023-06-30,dejan ljubicic,0.2604166666666666,0.160382130658642,0.1209145953665332,0.0520833333333333,0.1034036172980753,1.8229166666666667,1.40625,0.4163190551723043,0.2209406904876232,55.0314465408805,74.84276729559748,56.91823899371069,40.56603773584906,71.0691823899371,85.22012578616352,64.937106918239,48.742138364779876,78.14465408805032,63.23113207547169
287188,2023,26,2088,0,2.150934772565961,2,4.017072768881917,38,28,6,0,0,2.150934772565961,8.003899110481143,3.965411264449358,Dejan Ljubicic,FC Cologne,Bundesliga,M S,M,True,26.7,5000000.0,1997-10-08,2024-06-30,dejan ljubicic,0.0,0.09271270571405,0.09271270571405,0.0862068965517241,0.1731496883138757,1.637931034482759,1.206896551724138,0.3449956513138423,0.1709228993297137,78.81619937694704,61.99376947040498,39.56386292834891,16.822429906542055,57.009345794392516,75.70093457943925,70.40498442367601,28.193146417445483,66.35514018691589,54.415887850467286
287579,2022,29,2016,0,0.399088985286653,1,0.8093137331306934,13,13,11,0,0,0.399088985286653,6.862615097314119,6.007462346926332,Sofyan Amrabat,Fiorentina,Serie_A,M S,M,True,26.9,30000000.0,1996-08-21,2023-06-30,sofyan amrabat,0.0,0.0178164725574398,0.0178164725574398,0.0446428571428571,0.0361300773719059,0.5803571428571428,0.5803571428571428,0.3063667454158089,0.2681902833449255,13.522012578616351,18.238993710691823,36.477987421383645,57.23270440251572,12.264150943396226,17.92452830188679,15.880503144654087,46.855345911949684,15.09433962264151,26.485849056603772
288255,2024,26,1435,2,1.390021063387394,2,3.203115929849446,18,18,5,0,2,1.390021063387394,6.711185414344072,4.529698332771659,Donny van de Beek,Girona,La_Liga,M S,M,True,28.2,5000000.0,1997-04-18,2025-06-30,donny van de beek,0.1254355400696864,0.0871790213971187,0.0871790213971187,0.1254355400696864,0.2008922882832405,1.1289198606271778,1.1289198606271778,0.4209105834780254,0.2840925783619856,84.4574780058651,59.2375366568915,51.02639296187683,48.97360703812317,53.3724340175953,51.02639296187683,71.8475073313783,50.0,52.19941348973607,58.30645161290322
289592,2022,27,1581,1,0.3729460705071687,1,0.4247147068381309,9,3,3,0,1,0.3729460705071687,3.288042457774281,2.5542810540646315,Orel Mangala,Nottingham Forest,EPL,M S,M,True,25.3,16000000.0,1998-03-18,2023-06-30,orel mangala,0.0569259962049335,0.0212303265943359,0.0212303265943359,0.0569259962049335,0.0241773077896469,0.5123339658444023,0.1707779886148007,0.1871750924729192,0.1454049935900169,7.547169811320755,1.5723270440251573,7.547169811320755,14.465408805031446,14.150943396226415,14.150943396226415,4.559748427672956,11.0062893081761,14.150943396226415,9.693396226415093
289592,2023,20,1599,1,0.8923602215945721,0,0.2867993172258138,10,6,6,0,1,0.8923602215945721,3.66855537891388,2.841583462432027,Orel Mangala,Nottingham Forest,EPL,M S,M,True,26.3,20000000.0,1998-03-18,2024-06-30,orel mangala,0.0562851782363977,0.0502266541235218,0.0502266541235218,0.0,0.0161425506881321,0.5628517823639775,0.3377110694183864,0.2064852933722634,0.1599390316565868,2.4922118380062304,4.049844236760125,6.853582554517133,15.887850467289718,33.95638629283489,14.330218068535824,3.2710280373831777,11.370716510903426,24.14330218068536,12.367601246105918
289592,2024,19,1254,1,0.7135743591934443,0,0.494984382763505,16,8,2,0,1,0.7135743591934443,2.846376329660416,2.0121847297996283,Orel Mangala,Everton,EPL,M S,M,True,27.3,18000000.0,1998-03-18,2025-06-30,orel mangala,0.0717703349282296,0.0512134707555103,0.0512134707555103,0.0,0.0355251949351797,1.1483253588516746,0.5741626794258373,0.2042853825115131,0.1444151719951886,13.196480938416421,19.64809384164223,7.038123167155426,10.557184750733137,32.55131964809384,51.61290322580645,16.422287390029325,8.79765395894428,42.08211143695014,21.451612903225804
289835,2022,32,1871,3,2.622428504750133,3,1.7228381093591452,19,16,5,0,3,2.622428504750133,6.587090868502855,3.731825571507216,Jens Stage,Werder Bremen,Bundesliga,M S,M,True,26.6,5000000.0,1996-11-08,2023-06-30,jens stage,0.1443078567610903,0.1261456790098941,0.1261456790098941,0.1443078567610903,0.0828730250359824,0.9139497594869052,0.769641902725815,0.3168563218413987,0.1795105833434791,42.138364779874216,33.0188679245283,38.67924528301887,25.78616352201258,72.95597484276729,36.79245283018868,37.57861635220126,32.23270440251572,54.874213836477985,40.89622641509433
289835,2023,30,2351,3,4.944427359849215,1,2.2542869094759226,40,26,5,1,3,4.944427359849215,11.307002702727914,6.110577404499054,Jens Stage,Werder Bremen,Bundesliga,M S,M,True,27.6,7500000.0,1996-11-08,2024-06-30,jens stage,0.1148447469162058,0.189280502929149,0.189280502929149,0.0382815823054019,0.0862976698650927,1.5312632922160785,0.9953211399404508,0.432849954591881,0.2339225718438599,47.0404984423676,52.024922118380054,59.19003115264797,39.56386292834891,86.29283489096574,73.20872274143302,49.53271028037383,49.376947040498436,79.75077881619939,58.54361370716511
289835,2024,28,2215,10,7.943040877580643,5,3.238111473619938,44,23,10,0,10,7.943040877580643,15.3200044631958,7.953148111701012,Jens Stage,Werder Bremen,Bundesliga,M S,M,True,28.6,14000000.0,1996-11-08,2025-06-30,jens stage,0.4063205417607223,0.322742067260613,0.322742067260613,0.2031602708803611,0.1315711208242864,1.7878103837471784,0.9345372460496614,0.6224832513262402,0.3231527449449621,63.049853372434015,48.97360703812317,82.11143695014663,63.049853372434015,96.18768328445748,81.52492668621701,56.011730205278596,72.58064516129032,88.85630498533725,71.66422287390029
290249,2022,13,1014,0,0.2833895059302449,1,1.581729717552662,8,15,3,1,0,0.2833895059302449,2.057035564444959,1.7143537644296885,Mauro Arambarri,Getafe,La_Liga,M,M,True,27.7,9000000.0,1995-09-30,2023-06-30,mauro arambarri,0.0,0.0251529147275365,0.0251529147275365,0.0887573964497041,0.1403902116171001,0.7100591715976332,1.331360946745562,0.1825771211045821,0.1521615767245285,72.32704402515722,69.49685534591194,7.232704402515723,16.037735849056602,16.352201257861633,23.89937106918239,70.91194968553458,11.635220125786162,20.12578616352201,34.92924528301886
290587,2022,32,2859,7,5.808995292522013,1,1.712702731601894,32,25,5,0,7,5.808995292522013,10.647969525307415,7.378694258630276,Ellyes Skhiri,FC Cologne,Bundesliga,M,M,True,28.1,13000000.0,1995-05-10,2023-06-30,ellyes skhiri,0.2203567681007345,0.1828644897960759,0.1828644897960759,0.0314795383001049,0.0539150912361561,1.007345225603358,0.7869884575026233,0.3351931644902649,0.2322778885193161,24.528301886792452,35.22012578616352,42.45283018867924,46.22641509433962,88.67924528301887,44.0251572327044,29.874213836477985,44.339622641509436,66.35220125786164,45.880503144654085
290587,2023,27,2180,2,2.7327092373743653,2,2.1730561600998044,18,20,1,0,2,2.7327092373743653,11.28488290682435,7.835769977420568,Ellyes Skhiri,Eintracht Frankfurt,Bundesliga,M S,M,True,29.1,11000000.0,1995-05-10,2024-06-30,ellyes skhiri,0.0825688073394495,0.112818271267749,0.112818271267749,0.0825688073394495,0.0897133277105423,0.7431192660550459,0.8256880733944955,0.4658896612909135,0.3234950908109408,49.532710280373834,38.940809968847354,65.73208722741433,68.22429906542055,66.66666666666666,24.610591900311526,44.2367601246106,66.97819314641744,45.638629283489095,52.616822429906534
290587,2024,30,2245,1,1.5609660241752863,1,1.980588203296065,13,21,6,0,1,1.5609660241752863,15.424042753875256,14.27434642612934,Ellyes Skhiri,Eintracht Frankfurt,Bundesliga,M S,M,True,30.1,7500000.0,1995-05-10,2025-06-30,ellyes skhiri,0.0400890868596882,0.0625777025281852,0.0625777025281852,0.0400890868596882,0.0793999725152097,0.5211581291759465,0.841870824053452,0.6183357896876495,0.5722455137423789,39.589442815249264,42.81524926686217,81.23167155425219,94.42815249266863,39.002932551319645,13.196480938416421,41.20234604105572,87.82991202346041,26.099706744868033,52.99120234604105
290862,2022,30,2298,0,0.9523587413132192,0,1.9877909943461416,16,32,11,0,0,0.9523587413132192,11.73911288753152,9.894963650032878,Maxime Lopez,Sassuolo,Serie_A,M S,M,True,25.6,15000000.0,1997-12-04,2023-06-30,maxime lopez,0.0,0.0372986452211443,0.0372986452211443,0.0,0.0778508222328776,0.6266318537859008,1.2532637075718016,0.4597563794072397,0.3875312134477628,40.56603773584906,66.66666666666666,65.72327044025157,78.9308176100629,23.58490566037736,20.125786163522015,53.616352201257854,72.32704402515724,21.855345911949687,50.636792452830186
290862,2023,21,913,0,0.1646125670522451,0,0.5469922432675958,4,10,1,1,0,0.1646125670522451,2.558629224076867,2.007612438872457,Maxime Lopez,"Fiorentina,Sassuolo",Serie_A,M S,M,True,26.6,7500000.0,1997-12-04,2024-06-30,maxime lopez,0.0,0.0162268686031785,0.0162268686031785,0.0,0.0539203744732569,0.3943044906900328,0.9857612267250822,0.2522197482660657,0.1979026500531447,28.037383177570092,51.09034267912772,16.510903426791277,28.66043613707165,8.411214953271028,6.230529595015576,39.56386292834891,22.585669781931465,7.320872274143301,23.94859813084112
292139,2024,20,1025,4,4.5141482055187225,0,0.1944524906575679,21,5,2,0,4,4.5141482055187225,5.369531828910112,0.7284961454570293,Sammie Szmodics,Ipswich,EPL,M S,M,True,29.8,10000000.0,1995-09-24,2025-06-30,sammie szmodics,0.3512195121951219,0.3963642326796927,0.3963642326796927,0.0,0.0170738772284693,1.8439024390243903,0.4390243902439024,0.4714710874164977,0.0639655152108611,2.932551319648094,10.263929618768328,60.117302052785924,0.5865102639296188,98.24046920821115,83.28445747800586,6.598240469208211,30.35190615835777,90.76246334310851,40.16129032258065
293385,2024,25,1221,10,6.638132888823748,4,3.851693106815219,42,27,1,0,8,5.151577670127153,17.126844070851803,9.938899960368872,Dani Olmo,Barcelona,La_Liga,M S,M,True,27.1,60000000.0,1998-05-07,2025-06-30,dani olmo,0.7371007371007371,0.489297264532463,0.3797231697882423,0.2948402948402948,0.2839085828119326,3.095823095823096,1.99017199017199,1.262420938883425,0.7325970486758382,94.13489736070382,89.14956011730204,100.0,98.24046920821115,97.0674486803519,97.94721407624634,91.64222873900293,99.12023460410558,97.50733137829911,96.0190615835777
293569,2023,33,2229,4,1.8306225752457976,2,1.8270882591605184,28,34,4,1,4,1.8306225752457976,6.495785586535931,4.306291623972356,Josh Brownhill,Burnley,EPL,M S,M,True,28.5,15000000.0,1995-12-19,2024-06-30,josh brownhill,0.161507402422611,0.0739147742360349,0.0739147742360349,0.0807537012113055,0.0737720696834664,1.1305518169582771,1.372812920592194,0.2622793641939137,0.1738744935655056,37.69470404984423,72.58566978193146,18.69158878504673,17.75700934579439,48.28660436137071,47.0404984423676,55.140186915887845,18.22429906542056,47.66355140186916,39.97663551401868
294057,2023,28,2206,4,6.2975962068885565,9,7.142374597489834,57,66,5,0,4,6.2975962068885565,20.873470183461905,12.04095826484263,James Maddison,Tottenham,EPL,M S,M,True,27.6,70000000.0,1996-11-23,2024-06-30,james maddison,0.1631912964641885,0.2569282224025249,0.2569282224025249,0.3671804170444243,0.2913933425993132,2.325475974614688,2.6926563916591117,0.8515921652364331,0.4912448974777138,94.39252336448598,95.95015576323988,94.70404984423676,86.29283489096574,94.0809968847352,92.21183800623052,95.17133956386293,90.49844236760126,93.14641744548285,92.9283489096573
294057,2024,31,1851,9,5.8936047330498695,7,6.016693122684956,39,42,6,0,9,5.8936047330498695,15.656851299107077,7.841132877394557,James Maddison,Tottenham,EPL,M S,M,True,28.6,42000000.0,1996-11-23,2025-06-30,james maddison,0.4376012965964344,0.286561008089945,0.286561008089945,0.3403565640194489,0.2925458568566429,1.8962722852512155,2.0421393841166937,0.7612731587896472,0.3812544348814209,95.01466275659824,91.78885630498533,92.08211143695014,75.366568914956,95.01466275659824,85.04398826979472,93.4017595307918,83.72434017595307,90.02932551319648,89.00293255131965
294808,2022,28,953,1,1.5637680646032095,1,0.7115019056946039,15,8,4,0,1,1.5637680646032095,5.656166490167379,3.493413208052516,Franck Kessié,Barcelona,La_Liga,M S,M,True,26.5,25000000.0,1996-12-19,2023-06-30,franck kessie,0.0944386149003148,0.1476800900464731,0.1476800900464731,0.0944386149003148,0.0671932544727327,1.416579223504722,0.7555089192025184,0.5341605289769823,0.3299131046429449,33.9622641509434,31.446540880503143,80.18867924528303,71.69811320754717,79.87421383647799,68.23899371069182,32.704402515723274,75.9433962264151,74.0566037735849,60.2437106918239
295183,2022,33,2544,2,1.0682404497638345,4,4.677402602508664,33,56,7,0,2,1.0682404497638345,6.430321495980024,4.61075883358717,Razvan Marin,Empoli,Serie_A,M S,M,True,27.1,8000000.0,1996-05-23,2023-06-30,razvan marin,0.070754716981132,0.0377915253454186,0.0377915253454186,0.1415094339622641,0.1654741486736555,1.1674528301886793,1.981132075471698,0.2274877887728782,0.1631164681693574,82.70440251572327,90.56603773584906,12.89308176100629,21.69811320754717,24.21383647798742,55.34591194968554,86.63522012578616,17.29559748427673,39.77987421383648,48.30974842767295
295183,2023,30,1815,0,1.0083023044280708,3,3.3114207424223423,35,33,3,0,0,1.0083023044280708,5.588325290009379,4.377111053094268,Razvan Marin,Empoli,Serie_A,M S,M,True,28.1,2700000.0,1996-05-23,2024-06-30,razvan marin,0.0,0.0499984613765985,0.0499984613765985,0.1487603305785124,0.1642026814424302,1.7355371900826446,1.6363636363636362,0.2771070391740188,0.2170468290790546,76.01246105919003,80.99688473520249,22.741433021806852,34.57943925233645,33.33333333333333,78.81619937694704,78.50467289719626,28.66043613707165,56.074766355140184,54.33021806853582
295183,2024,33,1374,3,2.198327684774995,2,3.3134645614773035,24,33,4,0,1,0.6757300570607185,7.719012740068138,5.908012542873621,Razvan Marin,Cagliari,Serie_A,M S,M,True,29.1,3500000.0,1996-05-23,2025-06-30,razvan marin,0.1965065502183406,0.1439952631948686,0.0442617941306147,0.131004366812227,0.2170391634155438,1.5720524017467248,2.1615720524017465,0.5056121882140702,0.3869877211489271,87.68328445747801,93.841642228739,67.74193548387096,76.53958944281524,25.806451612903224,74.34017595307918,90.76246334310851,72.1407624633431,50.07331378299121,72.03812316715542
296397,2023,22,981,2,1.1951006520539522,4,2.2151197511702776,22,27,0,0,2,1.1951006520539522,4.211874397471547,2.5746523663401604,Arne Maier,Augsburg,Bundesliga,M S,M,True,25.5,5000000.0,1999-01-08,2024-06-30,arne maier,0.1834862385321101,0.1096422616563259,0.1096422616563259,0.3669724770642202,0.2032219955202089,2.018348623853211,2.4770642201834865,0.3864104951808759,0.2362066391137761,84.73520249221184,94.70404984423676,48.90965732087228,40.49844236760124,64.48598130841121,86.6043613707165,89.7196261682243,44.70404984423676,75.54517133956386,69.71183800623052
300168,2022,36,2566,3,3.866862854920328,3,1.5124138267710805,29,20,5,0,1,1.6370312785729766,9.45955678448081,8.180542539805174,Mikel Vesga,Athletic Club,La_Liga,M S,M,True,30.2,6000000.0,1993-04-08,2023-06-30,mikel vesga,0.1052221356196414,0.1356265225809935,0.0574173090692002,0.1052221356196414,0.0530464709311758,1.0171473109898674,0.7014809041309431,0.3317849222927798,0.2869247188552087,23.58490566037736,28.61635220125786,41.82389937106918,62.57861635220125,39.308176100628934,45.28301886792453,26.10062893081761,52.20125786163521,42.29559748427673,40.094339622641506
300168,2023,27,1529,3,2.68631455861032,1,1.3270403016358614,19,7,2,0,1,1.199759339913726,5.111013642512262,3.481826763600111,Mikel Vesga,Athletic Club,La_Liga,M S,M,True,31.2,4000000.0,1993-04-08,2024-06-30,mikel vesga,0.1765860039241334,0.1581218510627395,0.0706202358353403,0.0588620013080444,0.0781122479707178,1.118378024852845,0.4120340091563113,0.3008444917109898,0.204947291513414,39.875389408099686,6.5420560747663545,28.037383177570092,30.8411214953271,46.41744548286604,46.10591900311526,23.20872274143302,29.439252336448597,46.26168224299065,32.30529595015576
300168,2024,25,977,0,1.2418696712702513,0,1.0357172600924969,6,12,1,0,0,0.4985920619219541,4.317991346120834,2.9510606825351715,Mikel Vesga,Athletic Club,La_Liga,M S,M,True,32.2,2500000.0,1993-04-08,2025-06-30,mikel vesga,0.0,0.114399457947106,0.0459296679354921,0.0,0.0954089594762791,0.5527123848515865,1.105424769703173,0.3977678824471597,0.2718479646142941,49.266862170087975,58.06451612903226,47.50733137829912,44.868035190615835,27.56598240469208,15.542521994134898,53.66568914956012,46.18768328445748,21.55425219941349,41.41495601173021
307519,2022,33,1881,0,0.2614647727459669,1,0.6822453318163753,6,6,14,0,0,0.2614647727459669,2.506948595866561,2.340578841045499,Fede San Emeterio,Cadiz,La_Liga,M S,M,True,26.3,2000000.0,1997-03-16,2023-06-30,fede san emeterio,0.0,0.012510276207941,0.012510276207941,0.0478468899521531,0.0326433173117882,0.2870813397129186,0.2870813397129186,0.1199496935821321,0.111989418231842,11.0062893081761,3.459119496855346,0.9433962264150944,5.9748427672955975,8.176100628930817,4.088050314465408,7.232704402515723,3.459119496855346,6.132075471698112,5.581761006289307
308279,2022,29,1955,1,1.2391245793551209,4,4.4398750849068165,38,33,8,0,1,1.2391245793551209,9.166681533679366,6.165831116959453,Rolando Mandragora,Fiorentina,Serie_A,M S,M,True,26.0,10000000.0,1997-06-29,2023-06-30,rolando mandragora,0.0460358056265984,0.0570440982823329,0.0570440982823329,0.1841432225063938,0.2043932264151475,1.7493606138107416,1.5191815856777495,0.4219955693253928,0.2838490028267779,89.937106918239,79.87421383647799,58.80503144654088,61.94968553459119,38.9937106918239,83.33333333333334,84.90566037735849,60.37735849056604,61.163522012578625,69.19811320754717
308279,2023,33,1563,3,3.8466990552842617,3,1.4808170050382614,30,13,5,0,3,3.8466990552842617,4.725248294882476,2.650852335616946,Rolando Mandragora,Fiorentina,Serie_A,M S,M,True,27.0,8500000.0,1997-06-29,2024-06-30,rolando mandragora,0.1727447216890595,0.2214989859088826,0.2214989859088826,0.1727447216890595,0.085267773802587,1.7274472168905948,0.7485604606525912,0.2720872338703921,0.1526402496516475,45.482866043613704,32.087227414330215,22.118380062305295,12.461059190031152,91.27725856697819,78.19314641744548,38.78504672897196,17.289719626168225,84.73520249221184,45.046728971962615
308279,2024,29,1940,4,2.280061637982726,3,3.924611158668995,38,31,7,0,3,1.5187628027051687,7.940919827669859,5.204633484594524,Rolando Mandragora,Fiorentina,Serie_A,M S,M,True,28.0,12000000.0,1997-06-29,2025-06-30,rolando mandragora,0.1855670103092783,0.1057760553703326,0.0704580681667346,0.1391752577319587,0.1820695898351595,1.7628865979381445,1.438144329896907,0.3683931878815914,0.2414520688729418,80.64516129032258,73.02052785923753,41.348973607038126,38.12316715542522,43.988269794721404,80.35190615835776,76.83284457478005,39.73607038123167,62.170087976539584,59.45014662756598
309110,2022,34,2439,8,5.7975368313491344,4,3.794712699949741,60,48,6,0,8,5.7975368313491344,12.904487824067472,6.832457087934017,Brais Méndez,Real Sociedad,La_Liga,M S,M,True,26.5,25000000.0,1997-01-07,2023-06-30,brais mendez,0.2952029520295203,0.2139312483892669,0.2139312483892669,0.1476014760147601,0.1400262988911343,2.2140221402214024,1.7712177121771218,0.4761803625117148,0.2521201877466427,71.69811320754717,85.84905660377359,69.49685534591194,53.144654088050316,91.82389937106919,94.0251572327044,78.77358490566039,61.32075471698113,92.9245283018868,76.91037735849056
314398,2024,33,2711,7,6.852779902517796,6,4.826654347591102,39,34,4,0,7,6.852779902517796,15.59731212258339,7.906934417784214,Jae-Sung Lee,Mainz 05,Bundesliga,M S,M,True,32.9,2500000.0,1992-08-10,2025-06-30,jae sung lee,0.2323865732202139,0.2274991483683517,0.2274991483683517,0.1991884913316119,0.1602356662793062,1.2947251936554776,1.1287347842124678,0.5178008450876079,0.2624950562894058,75.65982404692082,58.94428152492669,69.20821114369502,42.81524926686217,89.44281524926686,62.75659824046921,67.30205278592375,56.011730205278596,76.09970674486803,65.98973607038123
314678,2022,33,1999,6,7.092134211212397,7,6.145714866928756,35,41,3,0,6,7.092134211212397,20.576036393642426,8.90387449413538,Brahim Diaz,AC Milan,Serie_A,M S,M,True,23.9,20000000.0,1999-08-03,2023-06-30,brahim diaz,0.2701350675337668,0.3193056923507332,0.3193056923507332,0.3151575787893947,0.2766955167701791,1.5757878939469734,1.84592296148074,0.9263848301289735,0.4008747896309075,95.9119496855346,87.10691823899371,97.16981132075472,83.33333333333334,98.11320754716981,77.04402515723271,91.50943396226415,90.25157232704403,87.57861635220127,89.88993710691824
315145,2022,30,2504,0,0.2403883002698421,0,0.9725478822365404,10,24,4,0,0,0.2403883002698421,11.441023161634805,10.43383045680821,Azor Matusiwa,Reims,Ligue_1,M S,M,True,25.2,7500000.0,1998-04-28,2023-06-30,azor matusiwa,0.0,0.0086401545624144,0.0086401545624144,0.0,0.0349557944893325,0.3594249201277955,0.8626198083067093,0.4112188836050848,0.3750178678565251,12.89308176100629,41.19496855345912,55.660377358490564,76.41509433962264,2.8301886792452833,7.232704402515723,27.044025157232703,66.0377358490566,5.031446540880503,34.08805031446541
315145,2023,28,2186,1,1.139986542053521,1,1.1238975645974278,18,25,5,0,1,1.139986542053521,9.342274710536003,8.340445127338171,Azor Matusiwa,"Reims,Rennes",Ligue_1,M S,M,True,26.2,12000000.0,1998-04-28,2024-06-30,azor matusiwa,0.041171088746569,0.0469344870927799,0.0469344870927799,0.041171088746569,0.0462720863740935,0.7410795974382433,1.029277218664227,0.3846316212023057,0.3433852065235294,22.118380062305295,53.89408099688473,47.97507788161994,72.89719626168224,30.529595015576323,24.299065420560748,38.006230529595015,60.43613707165109,27.414330218068535,42.679127725856695
315145,2024,29,2079,1,1.3974318969994783,3,2.478503677994013,11,17,3,0,1,1.3974318969994783,10.55186140537262,6.802701540291309,Azor Matusiwa,Rennes,Ligue_1,M S,M,True,27.2,8000000.0,1998-04-28,2025-06-30,azor matusiwa,0.0432900432900432,0.0604948873159947,0.0604948873159947,0.1298701298701298,0.1072945315148923,0.4761904761904761,0.7359307359307359,0.4567905370291177,0.2944892441684549,54.83870967741935,33.43108504398827,57.18475073313783,53.0791788856305,37.82991202346041,11.143695014662756,44.13489736070381,55.131964809384165,24.48680351906158,42.089442815249264
315969,2022,24,1133,1,1.8013716908171773,0,1.078185809776187,13,8,8,0,1,1.8013716908171773,6.004832318983972,3.5477124359458685,Scott McTominay,Manchester United,EPL,M S,M,True,26.6,25000000.0,1996-12-08,2023-06-30,scott mctominay,0.0794351279788173,0.1430921907974809,0.1430921907974809,0.0,0.0856458277845161,1.032656663724625,0.6354810238305384,0.4769946237498301,0.2818129913814017,44.65408805031446,22.955974842767297,69.81132075471697,60.691823899371066,77.35849056603774,45.59748427672956,33.80503144654088,65.25157232704402,61.47798742138365,53.11320754716981
315969,2024,34,2938,12,8.857582463882864,4,2.8353318478912115,76,26,3,0,12,8.857582463882864,17.02024569362402,7.907815325073898,Scott McTominay,Napoli,Serie_A,M S,M,True,28.6,50000000.0,1996-12-08,2025-06-30,scott mctominay,0.3675970047651463,0.2713350652653021,0.2713350652653021,0.1225323349217154,0.086854957900003,2.3281143635125936,0.7964601769911505,0.5213826114452559,0.2422407689777572,45.45454545454545,37.82991202346041,70.38123167155426,38.70967741935484,92.96187683284457,94.42815249266863,41.64222873900293,54.54545454545455,93.69501466275659,61.77419354838709
316264,2022,37,3203,15,9.137760860845448,7,9.209956639446318,93,77,4,0,15,9.137760860845448,27.893760193139315,15.047104069963098,Martin Odegaard,Arsenal,EPL,M,M,True,24.5,90000000.0,1998-12-17,2023-06-30,martin odegaard,0.4214798626287855,0.2567588128242555,0.2567588128242555,0.1966906025600998,0.258787417280727,2.61317514829847,2.163596628161099,0.783777214293643,0.422803423757939,94.33962264150944,94.65408805031447,94.33962264150944,85.53459119496856,95.28301886792453,97.79874213836479,94.49685534591195,89.937106918239,96.54088050314465,93.51415094339622
316264,2023,35,3117,8,7.670226177200675,10,11.577396512031555,77,102,2,0,6,6.147925289347768,29.81505699455738,18.13802364096045,Martin Odegaard,Arsenal,EPL,M,M,True,25.5,110000000.0,1998-12-17,2024-06-30,martin odegaard,0.2309913378248315,0.2214694757613284,0.1775146859291944,0.2887391722810394,0.3342847886053384,2.223291626564004,2.9451395572666024,0.8608774878120514,0.5237157932904847,97.19626168224299,97.50778816199377,95.95015576323988,88.1619937694704,84.73520249221184,90.34267912772586,97.35202492211837,92.05607476635514,87.53894080996885,92.55451713395638
316264,2024,30,2343,3,5.635795846581459,8,7.852103857323527,49,63,4,0,2,4.874626979231834,19.575034234672785,11.76090756803751,Martin Odegaard,Arsenal,EPL,M S,M,True,26.5,85000000.0,1998-12-17,2025-06-30,martin odegaard,0.115236875800256,0.2164838353360355,0.1872455945927721,0.3072983354673496,0.3016173056590343,1.882202304737516,2.4199743918053778,0.7519219296289161,0.4517634149054101,96.48093841642229,96.48093841642229,91.78885630498533,86.21700879765396,82.69794721407625,84.4574780058651,96.48093841642229,89.00293255131965,83.57771260997067,89.99266862170087
316934,2022,26,1217,1,0.7285135164856911,5,2.094493269920349,21,18,1,0,1,0.7285135164856911,6.671977106481791,4.0365089774131775,Nikola Moro,Bologna,Serie_A,M S,M,True,25.3,6500000.0,1998-03-12,2023-06-30,nikola moro,0.0739523418241577,0.053875280594669,0.053875280594669,0.3697617091207889,0.1548926822455475,1.552999178307313,1.3311421528348395,0.4934083316214965,0.2985092916739408,77.04402515723271,69.18238993710692,73.58490566037736,65.09433962264151,37.10691823899371,74.52830188679245,73.11320754716982,69.33962264150944,55.81761006289308,66.60377358490567
316934,2024,22,1223,0,0.4687464339658618,2,1.3277965327724814,14,20,1,0,0,0.4687464339658618,4.535771451890469,3.809156246483326,Nikola Moro,Bologna,Serie_A,M S,M,True,27.3,4500000.0,1998-03-12,2025-06-30,nikola moro,0.0,0.0344948316082809,0.0344948316082809,0.1471790678659035,0.0977119280045162,1.0302534750613246,1.4717906786590351,0.3337853071710075,0.2803140328564998,49.56011730205279,74.19354838709677,31.671554252199414,47.50733137829912,19.64809384164223,44.57478005865102,61.87683284457478,39.58944281524927,32.111436950146626,45.146627565982406
319160,2023,18,900,1,1.4536809204146266,2,0.5478375209495425,12,6,0,0,1,1.4536809204146266,3.1707892743870616,1.529730579815805,Jakub Jankto,Cagliari,Serie_A,M S,M,True,28.4,1200000.0,1996-01-19,2024-06-30,jakub jankto,0.1,0.1453680920414626,0.1453680920414626,0.2,0.0547837520949542,1.2000000000000002,0.6000000000000001,0.3170789274387061,0.1529730579815804,29.595015576323984,19.003115264797508,32.087227414330215,13.084112149532709,76.63551401869158,52.80373831775701,24.299065420560744,22.58566978193146,64.7196261682243,35.825545171339556
319745,2024,23,1235,0,0.3062388133257627,0,1.9406326478347184,7,22,4,0,0,0.3062388133257627,12.38676930218935,11.422802604734898,Dani Ceballos,Real Madrid,La_Liga,M S,M,True,28.9,10000000.0,1996-08-07,2025-06-30,dani ceballos,0.0,0.0223169985419584,0.0223169985419584,0.0,0.1414226221094126,0.5101214574898786,1.603238866396761,0.9026795442891024,0.8324309590495067,67.15542521994135,77.71260997067448,95.89442815249268,100.0,9.970674486803519,12.316715542521994,72.43401759530792,97.94721407624634,11.143695014662757,62.976539589442815
319859,2022,37,2898,5,1.9304941780865192,6,3.59164313133806,23,48,5,0,5,1.9304941780865192,9.59474617615342,6.600326562300324,Mathias Jensen,Brentford,EPL,M,M,True,27.5,22000000.0,1996-01-01,2023-06-30,mathias jensen,0.15527950310559,0.0599532353443018,0.0599532353443018,0.1863354037267081,0.1115417121533559,0.7142857142857142,1.4906832298136647,0.2979734837314726,0.2049790857857243,59.43396226415094,78.9308176100629,33.0188679245283,34.90566037735849,41.509433962264154,24.21383647798742,69.18238993710692,33.9622641509434,32.86163522012579,45.959119496855344
319859,2023,32,2294,3,0.689183003269136,3,4.908007476478815,14,41,5,0,3,0.689183003269136,11.096407827921212,9.512499671429396,Mathias Jensen,Brentford,EPL,M S,M,True,28.5,28000000.0,1996-01-01,2024-06-30,mathias jensen,0.1176983435047951,0.0270385659521457,0.0270385659521457,0.1176983435047951,0.192554783296902,0.5492589363557105,1.6085440278988663,0.4353429400666561,0.3732018179723825,84.11214953271028,80.06230529595015,60.12461059190031,75.0778816199377,16.1993769470405,13.707165109034266,82.08722741433021,67.601246105919,14.953271028037381,56.876947040498436
320411,2023,29,1359,2,2.870723254047334,2,3.7171403001993895,30,23,3,1,2,2.870723254047334,7.183791579678655,2.8327820003032684,Philip Billing,Bournemouth,EPL,M S,M,True,28.1,22000000.0,1996-06-11,2024-06-30,philip billing,0.1324503311258278,0.1901141227845917,0.1901141227845917,0.1324503311258278,0.246168231801284,1.9867549668874172,1.52317880794702,0.4757477867336857,0.1876014569737263,90.96573208722741,76.63551401869158,66.97819314641744,24.610591900311526,87.22741433021807,85.66978193146417,83.8006230529595,45.79439252336448,86.44859813084112,71.29283489096572
322305,2022,15,1071,0,0.110581868328154,0,0.5033336142078042,5,9,0,1,0,0.110581868328154,2.7497922107577324,2.338409255258739,Jean-Victor Makengo,Lorient,Ligue_1,M S,M,True,25.0,10000000.0,1998-06-12,2023-06-30,jean victor makengo,0.0,0.0092925939771557,0.0092925939771557,0.0,0.0422969423704037,0.4201680672268907,0.7563025210084033,0.2310749756939271,0.1965049794335075,17.92452830188679,31.761006289308174,15.09433962264151,32.70440251572327,3.7735849056603774,10.69182389937107,24.842767295597483,23.899371069182386,7.232704402515724,19.22955974842767
323954,2022,37,3215,0,0.833811528980732,1,1.4189815446734428,32,18,6,0,0,0.833811528980732,10.0751379635185,8.777721581980586,Walace,Udinese,Serie_A,M,M,True,28.2,7000000.0,1995-04-04,2023-06-30,walace,0.0,0.0233415358035041,0.0233415358035041,0.0279937791601866,0.0397226559939688,0.895800933125972,0.5038880248833593,0.2820411871591493,0.2457215994955685,16.037735849056602,14.150943396226415,28.61635220125786,51.257861635220124,15.723270440251572,34.276729559748425,15.09433962264151,39.937106918238996,25.0,26.761006289308177
323954,2023,37,3260,2,0.5665851011872292,0,1.0140040703117847,27,21,7,0,2,0.5665851011872292,7.691468658857048,6.657536955550313,Walace,Udinese,Serie_A,M,M,True,29.2,6000000.0,1995-04-04,2024-06-30,walace,0.0552147239263803,0.0156419199714265,0.0156419199714265,0.0,0.0279939774012455,0.745398773006135,0.5797546012269938,0.2123411592935994,0.1837970325151927,8.722741433021806,16.822429906542055,8.09968847352025,23.05295950155763,7.476635514018691,25.54517133956386,12.77258566978193,15.57632398753894,16.510903426791277,14.875389408099688
324377,2022,24,980,0,0.8603933043777943,1,0.6259836331009865,13,12,5,0,0,0.8603933043777943,2.60530786216259,1.3491609003394842,Youssef Maleh,"Fiorentina,Lecce",Serie_A,M S,M,True,24.9,4500000.0,1998-08-22,2023-06-30,youssef maleh,0.0,0.0790157116265321,0.0790157116265321,0.0918367346938775,0.0574882928358048,1.193877551020408,1.1020408163265305,0.2392629669332991,0.1239025316638301,27.9874213836478,55.34591194968554,17.92452830188679,7.861635220125786,53.144654088050316,58.80503144654088,41.66666666666667,12.89308176100629,55.9748427672956,35.888364779874216
324377,2023,34,2639,0,0.9273026809096336,1,2.1609607758000493,18,34,11,0,0,0.9273026809096336,6.281802204437554,3.827223476953805,Youssef Maleh,Empoli,Serie_A,M S,M,True,25.9,4500000.0,1998-08-22,2024-06-30,youssef maleh,0.0,0.0316245703985854,0.0316245703985854,0.0341038272072754,0.0736970328995848,0.6138688897309587,1.1595301250473664,0.2142334969304205,0.1305229681416606,37.38317757009346,60.12461059190031,8.411214953271028,6.853582554517133,20.24922118380062,17.445482866043612,48.753894080996886,7.63239875389408,18.847352024922117,25.389408099688467
324377,2024,22,1524,0,0.9958969270810484,1,0.900695376098156,17,12,3,1,0,0.9958969270810484,3.4599987901747227,2.395837927237153,Youssef Maleh,Empoli,Serie_A,M S,M,True,26.9,3200000.0,1998-08-22,2025-06-30,youssef maleh,0.0,0.0588128106543926,0.0588128106543926,0.0590551181102362,0.0531906718168202,1.0039370078740155,0.7086614173228346,0.2043306372150427,0.1414864917659736,22.28739002932551,31.2316715542522,7.331378299120235,9.970674486803519,36.950146627565985,43.401759530791786,26.759530791788855,8.651026392961878,40.17595307917888,24.44648093841642
324690,2023,28,1666,3,6.106528326869011,1,2.0917009208351374,39,15,5,0,3,6.106528326869011,10.085613992065191,2.236844953149557,Jonathan Ikone,Fiorentina,Serie_A,M S,M,True,26.2,10000000.0,1998-05-02,2024-06-30,jonathan ikone,0.1620648259303721,0.3298844834443043,0.3298844834443043,0.0540216086434573,0.1129970485445152,2.106842737094838,0.8103241296518607,0.5448410920083236,0.1208379626551381,61.059190031152646,37.38317757009346,76.94704049844236,5.919003115264798,97.50778816199377,87.85046728971963,49.22118380062305,41.43302180685358,92.6791277258567,59.53271028037383
324795,2022,31,1849,2,2.929047239013016,0,0.3379027377814054,24,9,4,1,2,2.929047239013016,6.491293281316757,4.8054530108347535,Mahdi Camara,Brest,Ligue_1,M S,M,True,25.0,3000000.0,1998-06-30,2023-06-30,mahdi camara,0.0973499188750676,0.1425712555495789,0.1425712555495789,0.0,0.0164474020553415,1.1681990265008113,0.4380746349378042,0.3159634371652288,0.2339052303813563,3.7735849056603774,8.176100628930817,38.36477987421384,46.855345911949684,77.04402515723271,55.660377358490564,5.974842767295597,42.61006289308176,66.35220125786164,36.910377358490564
324795,2023,32,2071,7,5.036631565541029,3,3.4732709750533104,42,31,7,0,6,4.276536386460066,10.790371301583946,4.385030290111899,Mahdi Camara,Brest,Ligue_1,M S,M,True,26.0,10000000.0,1998-06-30,2024-06-30,mahdi camara,0.3042008691453404,0.2188782428289196,0.1858465836704036,0.1303718010622887,0.1509388641983572,1.8252052148720423,1.3471752776436503,0.4689200469061106,0.1905614322115263,71.96261682242991,70.40498442367601,66.66666666666666,26.479750778816197,85.04672897196261,80.68535825545172,71.18380062305296,46.57320872274143,82.86604361370716,66.07476635514018
324795,2024,34,2691,5,4.843414501287043,3,2.750586649402976,49,26,5,0,5,4.843414501287043,9.767708462662997,5.494086302816868,Mahdi Camara,Brest,Ligue_1,M S,M,True,27.0,9000000.0,1998-06-30,2025-06-30,mahdi camara,0.1672240802675585,0.1619871070664562,0.1619871070664562,0.1003344481605351,0.0919928645285276,1.6387959866220734,0.8695652173913043,0.3266792127980935,0.1837487057798283,46.62756598240469,44.57478005865102,29.32551319648094,22.87390029325513,78.00586510263929,77.41935483870968,45.60117302052785,26.099706744868037,77.71260997067449,48.40909090909091
324882,2023,13,1140,0,0.1364169279113412,0,0.3258170820772648,5,7,5,0,0,0.1364169279113412,3.025253765285015,2.7535953894257545,Marvelous Nakamba,Luton,EPL,M,M,True,30.4,5000000.0,1994-01-19,2024-06-30,marvelous nakamba,0.0,0.0107697574666848,0.0107697574666848,0.0,0.0257224012166261,0.3947368421052631,0.5526315789473685,0.2388358235751327,0.2173891096915069,7.476635514018691,14.641744548286603,14.330218068535824,34.890965732087224,4.049844236760125,6.5420560747663545,11.059190031152646,24.610591900311526,5.29595015576324,14.073208722741432
326330,2022,33,2542,2,2.693555761128664,4,4.7559387451037765,18,45,3,0,2,2.693555761128664,29.088483943603933,23.79800712969154,Frenkie de Jong,Barcelona,La_Liga,M S,M,True,26.1,75000000.0,1997-05-12,2023-06-30,frenkie de jong,0.07081038552321,0.0953658609368921,0.0953658609368921,0.1416207710464201,0.1683849280327851,0.6372934697088907,1.5932336742722266,1.0298833811661503,0.84257302976878,84.27672955974843,81.76100628930818,98.74213836477988,99.68553459119497,61.0062893081761,20.440251572327046,83.01886792452831,99.21383647798743,40.723270440251575,75.99842767295598
326330,2024,26,1105,2,1.0243200585246086,2,2.302895499393344,5,21,3,0,2,1.0243200585246086,11.636852502822876,8.715320311486721,Frenkie de Jong,Barcelona,La_Liga,M S,M,True,28.1,45000000.0,1997-05-12,2025-06-30,frenkie de jong,0.1628959276018099,0.0834287830472532,0.0834287830472532,0.1628959276018099,0.187566149271856,0.4072398190045249,1.7104072398190044,0.9477979414063882,0.7098450932432624,82.40469208211144,81.52492668621701,97.36070381231671,97.65395894428153,50.733137829912025,7.9178885630498534,81.96480938416423,97.50733137829911,29.32551319648094,71.61290322580645
328480,2023,37,3314,7,6.94635817874223,1,3.3046364076435566,35,52,4,0,0,1.0002651019021869,11.623020177707076,10.69089342933148,Pepelu,Valencia,La_Liga,M,M,True,25.9,22000000.0,1998-08-11,2024-06-30,pepelu,0.1901025950512975,0.1886458165621004,0.0271647130872651,0.0271575135787567,0.0897457081134339,0.9505129752564876,1.4121907060953531,0.315652328302244,0.2903380834761114,49.84423676012461,73.83177570093457,31.15264797507788,60.747663551401864,16.510903426791277,37.07165109034268,61.83800623052959,45.95015576323987,26.79127725856698,45.7632398753894
328480,2024,34,1691,2,1.9522302066907289,1,2.569384957663715,14,31,8,1,0,0.4656749917194247,5.417779986746609,5.001861397176981,Pepelu,Valencia,La_Liga,M S,M,True,26.9,9000000.0,1998-08-11,2025-06-30,pepelu,0.1064458900059136,0.1039034409238117,0.0247845944735353,0.0532229450029568,0.1367502342931604,0.7451212300413957,1.6499112950916617,0.2883502062727349,0.2662137940543632,65.10263929618768,79.47214076246334,19.941348973607038,43.401759530791786,10.850439882697946,26.392961876832842,72.28739002932551,31.671554252199414,18.621700879765395,41.97214076246334
330352,2022,28,1078,0,1.9593092072755096,0,0.0542521979659795,20,2,1,0,0,1.9593092072755096,2.7505356166511774,0.9695925153791904,Raúl Guti,Elche,La_Liga,M S,M,True,26.5,2500000.0,1996-12-30,2023-06-30,raul guti,0.0,0.1635786907743932,0.1635786907743932,0.0,0.0045294042828739,1.6697588126159555,0.1669758812615955,0.2296365542658682,0.0809492823600437,0.3144654088050315,1.257861635220126,13.836477987421384,2.20125786163522,83.9622641509434,81.13207547169812,0.7861635220125787,8.018867924528301,82.54716981132076,27.845911949685537
330659,2023,32,2029,7,7.296913180500269,1,1.6692864689975977,56,21,5,0,7,7.296913180500269,11.757105719298124,4.571535241790116,Justin Kluivert,Bournemouth,EPL,M S,M,True,25.2,14000000.0,1999-05-05,2024-06-30,justin kluivert,0.3104977821586989,0.3236679084499873,0.3236679084499873,0.0443568260226712,0.0740442494873256,2.483982257269591,0.9314933464760966,0.5215078929210603,0.2027787933765946,38.006230529595015,47.0404984423676,73.83177570093457,29.906542056074763,97.19626168224299,93.14641744548287,42.523364485981304,51.86915887850466,95.17133956386293,61.58878504672896
330659,2024,34,2390,12,10.441609976813195,6,5.512896118685603,63,44,8,0,6,5.87459684535861,15.81588026881218,6.402966948226094,Justin Kluivert,Bournemouth,EPL,M S,M,True,26.2,35000000.0,1999-05-05,2025-06-30,justin kluivert,0.4518828451882845,0.393198702055727,0.2212191280678974,0.2259414225941422,0.2075985986115917,2.3723849372384938,1.656903765690377,0.5955770812523415,0.2411159101842462,86.21700879765396,79.76539589442815,79.47214076246334,37.5366568914956,88.26979472140762,94.72140762463343,82.99120234604106,58.50439882697947,91.49560117302053,76.97214076246334
332179,2023,37,3243,6,6.191244266927242,3,1.2209580885246396,28,27,3,1,2,2.3847501277923584,13.443852856755257,10.650530990213156,Matteo Pessina,Monza,Serie_A,M,M,True,27.2,15000000.0,1997-04-21,2024-06-30,matteo pessina,0.1665124884366327,0.1718199149008485,0.0661817796797139,0.0832562442183163,0.0338841282661787,0.7770582793709528,0.7493061979648474,0.3730948988923753,0.2955744030586444,12.77258566978193,32.71028037383177,45.794392523364486,61.99376947040498,42.36760124610592,28.34890965732087,22.741433021806852,53.89408099688473,35.3582554517134,37.429906542056074
332697,2022,34,2518,1,1.2279814574867487,2,2.273048484697938,21,21,7,0,1,1.2279814574867487,6.465239455923437,3.7268882989883423,Weston McKennie,Leeds,EPL,M S,M,True,24.8,18000000.0,1998-08-28,2023-06-30,weston mckennie,0.0357426528991262,0.043891315001512,0.043891315001512,0.0714853057982525,0.0812447830114433,0.750595710881652,0.750595710881652,0.2310848097828075,0.1332088748645555,41.509433962264154,30.81761006289308,15.40880503144654,12.264150943396226,30.18867924528302,27.044025157232703,36.16352201257862,13.836477987421382,28.61635220125786,26.08490566037736
332705,2022,24,2159,0,0.0683434996753931,0,1.370405713096261,4,24,4,1,0,0.0683434996753931,6.9535529762506485,5.69552486948669,Tyler Adams,Leeds,EPL,M,M,True,24.4,18000000.0,1999-02-14,2023-06-30,tyler adams,0.0,0.0028489647849862,0.0028489647849862,0.0,0.0571266855853003,0.1667438628994905,1.000463177396943,0.2898655710340705,0.2374234544945817,27.358490566037734,50.62893081761006,31.761006289308174,49.056603773584904,1.257861635220126,0.628930817610063,38.9937106918239,40.40880503144654,0.9433962264150945,28.07389937106918
332705,2024,28,1965,0,1.4070341289043429,3,1.5068945437669754,9,18,7,0,0,1.4070341289043429,7.6065224930644035,5.169210600666702,Tyler Adams,Bournemouth,EPL,M S,M,True,26.4,18000000.0,1999-02-14,2025-06-30,tyler adams,0.0,0.0644443112475271,0.0644443112475271,0.1374045801526717,0.0690180707068843,0.4122137404580153,0.8244274809160306,0.3483903431937895,0.2367577374351161,32.55131964809384,40.469208211143695,36.070381231671554,36.65689149560117,40.17595307917888,8.797653958944283,36.510263929618766,36.36363636363636,24.48680351906158,32.851906158357764
333014,2023,37,3020,1,2.122107489034533,2,3.1849441323429346,25,29,8,1,1,2.122107489034533,12.192523565143349,8.591317790560424,Sander Berge,Burnley,EPL,M S,M,True,26.4,20000000.0,1998-02-14,2024-06-30,sander berge,0.0298013245033112,0.0632416139116251,0.0632416139116251,0.0596026490066225,0.0949155536128689,0.7450331125827815,0.8642384105960265,0.3633533512791064,0.2560326493875623,52.95950155763239,41.43302180685358,42.99065420560748,51.4018691588785,41.43302180685358,25.233644859813083,47.19626168224299,47.19626168224299,33.33333333333333,43.03738317757009
333014,2024,31,2242,0,0.4260362591594457,0,0.7261993493884802,3,18,6,0,0,0.4260362591594457,7.763672082684934,6.734488721005619,Sander Berge,Fulham,EPL,M S,M,True,27.4,25000000.0,1998-02-14,2025-06-30,sander berge,0.0,0.017102258396231,0.017102258396231,0.0,0.0291516241948988,0.1204281891168599,0.7225691347011597,0.311654989938289,0.2703407604328749,9.3841642228739,32.55131964809384,26.099706744868033,44.57478005865102,6.744868035190615,0.5865102639296188,20.96774193548387,35.33724340175953,3.665689149560117,20.806451612903224
333383,2022,25,1189,0,0.1323958542197942,1,0.2158457990735769,4,6,5,0,0,0.1323958542197942,3.2937101367861032,3.0091678462922573,Bonke Innocent,Lorient,Ligue_1,M S,M,True,27.4,2000000.0,1996-01-20,2023-06-30,bonke innocent,0.0,0.0100215533051147,0.0100215533051147,0.0756938603868797,0.0163382017801698,0.3027754415475189,0.4541631623212784,0.2493136352487378,0.2277755308379336,3.459119496855346,9.433962264150944,21.069182389937108,44.339622641509436,4.40251572327044,4.716981132075472,6.446540880503145,32.704402515723274,4.559748427672956,15.070754716981131
334526,2024,26,2156,6,4.443915609270334,4,1.5885952413082125,31,16,5,0,4,2.923725370317697,16.903711192309856,14.341544050723314,Denis Zakaria,Monaco,Ligue_1,M S,M,True,28.6,30000000.0,1996-11-20,2025-06-30,denis zakaria,0.2504638218923933,0.1855066812775186,0.1220479050689205,0.1669758812615955,0.0663142725963539,1.2940630797773656,0.6679035250463822,0.7056280182318586,0.5986729891303795,31.085043988269796,29.32551319648094,90.02932551319648,95.89442815249268,67.74193548387096,62.17008797653959,30.205278592375368,92.96187683284458,64.95601173020528,62.59530791788856
334835,2023,15,1172,0,0.444509937427938,0,0.4180284962058067,12,16,5,0,0,0.444509937427938,2.664844237267971,2.298974396660924,Toma Basic,Salernitana,Serie_A,M S,M,True,27.6,2800000.0,1996-11-25,2024-06-30,toma basic,0.0,0.0341347221574355,0.0341347221574355,0.0,0.0321011643844049,0.9215017064846416,1.2286689419795225,0.2046382093465165,0.1765424024739617,11.838006230529595,64.17445482866043,6.5420560747663545,19.314641744548286,22.118380062305295,34.890965732087224,38.006230529595015,12.92834890965732,28.504672897196258,26.378504672897193
335225,2023,35,1607,0,0.9207215989008546,2,1.5948606301099062,11,16,2,0,0,0.9207215989008546,4.826761193573475,3.2111904323101044,Manuel Morlanes,Mallorca,La_Liga,M S,M,True,25.5,2500000.0,1999-01-12,2024-06-30,manuel morlanes,0.0,0.0515649930933894,0.0515649930933894,0.1120099564405724,0.0893201348536972,0.6160547604231488,0.8960796515245799,0.2703226555206053,0.179842650222719,48.90965732087228,43.613707165109034,21.18380062305296,21.806853582554517,36.13707165109034,18.06853582554517,46.26168224299066,21.49532710280374,27.102803738317753,31.845794392523363
335225,2024,23,1335,0,0.4533621082082391,0,0.4519094126299023,11,10,7,0,0,0.4533621082082391,5.464884104207158,4.617404890246689,Manuel Morlanes,Mallorca,La_Liga,M S,M,True,26.5,2500000.0,1999-01-12,2025-06-30,manuel morlanes,0.0,0.0305637376320161,0.0305637376320161,0.0,0.0304658030986451,0.7415730337078652,0.6741573033707865,0.3684191530926173,0.311285722937979,10.850439882697946,29.61876832844575,41.64222873900293,59.82404692082112,15.542521994134898,25.806451612903224,20.234604105571847,50.733137829912025,20.67448680351906,31.04105571847507
336869,2022,32,2375,1,2.0919028762727976,2,3.2171000884845853,34,33,7,0,1,2.0919028762727976,6.89039168599993,4.839499623514712,Marc Roca,Leeds,EPL,M S,M,True,26.6,10000000.0,1996-11-26,2023-06-30,marc roca,0.0378947368421052,0.0792721089956007,0.0792721089956007,0.0757894736842105,0.1219111612478369,1.288421052631579,1.2505263157894737,0.2611095796799974,0.1833915646805575,63.83647798742138,66.35220125786164,22.955974842767297,27.358490566037734,53.459119496855344,65.09433962264151,65.09433962264151,25.157232704402517,59.27672955974843,49.37106918238994
336869,2023,26,2023,2,1.066370977088809,2,1.9638910461217165,20,19,5,0,2,1.066370977088809,10.028404958546162,8.13139932602644,Marc Roca,Real Betis,La_Liga,M S,M,True,27.6,9000000.0,1996-11-26,2024-06-30,marc roca,0.0889767671774592,0.0474411210766153,0.0474411210766153,0.0889767671774592,0.0873703381863344,0.8897676717745923,0.8452792881858626,0.4461475265789197,0.3617528123294017,47.97507788161994,40.49844236760124,61.99376947040498,73.83177570093457,31.15264797507788,33.021806853582554,44.23676012461059,67.91277258566977,32.087227414330215,48.878504672897186
336869,2024,14,912,2,1.1071439906954763,2,1.497680176049471,12,12,4,0,2,1.1071439906954763,5.118632636964321,4.001012057065964,Marc Roca,Real Betis,La_Liga,M S,M,True,28.6,6000000.0,1996-11-26,2025-06-30,marc roca,0.1973684210526315,0.1092576306607377,0.1092576306607377,0.1973684210526315,0.1477973857943556,1.1842105263157894,1.1842105263157894,0.5051282207530581,0.3948367161578254,70.38123167155426,61.87683284457478,66.86217008797654,78.88563049853371,63.34310850439883,55.57184750733137,66.12903225806451,72.87390029325513,59.4574780058651,66.48826979472139
337066,2022,26,975,1,0.9882051516324282,3,1.432789203710854,17,15,2,0,1,0.9882051516324282,6.803001042455435,4.841778064146638,Toni Villa,"Girona,Real Valladolid",La_Liga,M S,M,True,28.5,2500000.0,1995-01-07,2023-06-30,toni villa,0.0923076923076923,0.0912189370737626,0.0912189370737626,0.2769230769230769,0.1322574649579249,1.5692307692307692,1.3846153846153846,0.6279693269958863,0.4469333597673819,69.49685534591194,73.89937106918238,88.36477987421384,88.9937106918239,59.43396226415094,76.10062893081762,71.69811320754715,88.67924528301887,67.76729559748428,76.46226415094338
337333,2022,29,2357,0,1.562538480386138,0,0.5070484662428498,32,11,3,0,0,1.562538480386138,6.027862414717674,4.629865577444434,Alex Kral,Schalke 04,Bundesliga,M S,M,True,25.1,7000000.0,1998-05-19,2023-06-30,alex kral,0.0,0.059664176170875,0.059664176170875,0.0,0.0193612057538635,1.2218922358930844,0.4200254560882477,0.230168696361727,0.1767874000721252,4.716981132075472,6.918238993710692,14.465408805031446,24.528301886792452,41.19496855345912,61.0062893081761,5.817610062893082,19.49685534591195,51.10062893081761,24.190251572327043
338424,2022,33,2508,2,4.802772412076592,9,7.289825182408094,42,44,5,1,2,4.059494385495782,17.641651447862387,10.858597200363874,Mikel Merino,Real Sociedad,La_Liga,M S,M,True,27.0,50000000.0,1996-06-22,2023-06-30,mikel merino,0.0717703349282296,0.1723482922993992,0.14567563584315,0.3229665071770335,0.2615965974548359,1.507177033492823,1.5789473684210529,0.6330736165500856,0.3896625789604261,94.9685534591195,81.44654088050315,88.67924528301887,79.55974842767296,79.24528301886792,72.95597484276729,88.20754716981133,84.11949685534591,76.1006289308176,83.14465408805032
338424,2023,32,2476,5,3.81742243655026,3,2.5781697425991297,30,19,10,0,5,3.81742243655026,11.67240933328867,6.87834064848721,Mikel Merino,Real Sociedad,La_Liga,M S,M,True,28.0,50000000.0,1996-06-22,2024-06-30,mikel merino,0.1817447495961227,0.1387592969666896,0.1387592969666896,0.1090468497576736,0.0937137628569958,1.0904684975767367,0.6906300484652665,0.4242798222923992,0.2500204597592281,52.336448598130836,28.34890965732087,57.3208722741433,47.0404984423676,75.70093457943925,44.54828660436137,40.34267912772585,52.180685358255445,60.12461059190031,50.420560747663544
338425,2023,35,1533,7,5.9159444607794285,3,4.649526584893465,32,33,4,0,6,5.172794762998819,8.556869108229876,1.8393376246094704,Alex Berenguer,Athletic Club,La_Liga,M S,M,True,29.0,12000000.0,1995-07-04,2024-06-30,alex berenguer,0.410958904109589,0.3473157217678725,0.3036865809979737,0.1761252446183953,0.2729663357080312,1.8786692759295496,1.9373776908023483,0.5023602216181923,0.1079845963567203,93.14641744548287,86.91588785046729,71.02803738317756,4.672897196261682,95.32710280373831,83.17757009345794,90.03115264797508,37.850467289719624,89.25233644859813,71.53426791277258
338668,2023,32,1787,0,0.3616187218576669,3,1.7365689352154732,12,15,6,0,0,0.3616187218576669,6.228365509770811,5.270159992389381,Senne Lynen,Werder Bremen,Bundesliga,M S,M,True,25.4,7000000.0,1999-02-19,2024-06-30,senne lynen,0.0,0.0182124706027924,0.0182124706027924,0.1510912143256855,0.0874601030606561,0.604364857302742,0.7554560716284274,0.3136837693784963,0.265424957646919,48.28660436137071,33.33333333333333,30.8411214953271,54.20560747663551,10.2803738317757,16.822429906542055,40.809968847352025,42.523364485981304,13.551401869158877,33.232087227414326
338668,2024,32,2780,0,0.9697776082903148,1,0.5434056557714939,24,8,9,0,0,0.9697776082903148,10.628164935857058,9.579863369464874,Senne Lynen,Werder Bremen,Bundesliga,M,M,True,26.4,9000000.0,1999-02-19,2025-06-30,senne lynen,0.0,0.0313956779662332,0.0313956779662332,0.0323741007194244,0.0175922694314512,0.776978417266187,0.2589928057553957,0.3440772820960918,0.3101394616013808,3.225806451612903,1.7595307917888565,34.60410557184751,59.2375366568915,16.422287390029325,27.56598240469208,2.4926686217008798,46.9208211143695,21.994134897360702,23.892961876832842
340321,2022,36,1374,4,1.5916067343205214,2,2.080403374508024,18,12,1,0,4,1.5916067343205214,6.89354763738811,3.861876625567674,Josh Dasilva,Brentford,EPL,M S,M,True,24.7,16000000.0,1998-10-23,2023-06-30,josh dasilva,0.2620087336244541,0.1042537162218682,0.1042537162218682,0.131004366812227,0.1362709633957221,1.1790393013100435,0.7860262008733624,0.4515424216629766,0.2529613510197166,70.44025157232704,34.90566037735849,65.09433962264151,53.77358490566038,64.46540880503144,56.91823899371069,52.672955974842765,59.43396226415095,60.691823899371066,57.44496855345912
340328,2024,30,1586,4,3.392247362062335,1,2.583603762090206,26,22,2,0,4,3.392247362062335,9.100224314257504,5.081808265298605,Stephy Mavididi,Leicester,EPL,M S,M,True,27.1,10000000.0,1998-05-31,2025-06-30,stephy mavididi,0.2269861286254728,0.1924982740136255,0.1924982740136255,0.0567465321563682,0.1466105539647658,1.475409836065574,1.248423707440101,0.5164061716791775,0.2883749961392651,69.79472140762464,64.22287390029325,68.03519061583577,51.31964809384164,84.4574780058651,70.08797653958945,67.00879765395894,59.677419354838705,77.27272727272728,67.52199413489735
340329,2022,35,2634,3,7.266156509518623,6,7.388796498999,58,40,1,0,3,7.266156509518623,17.781154207885265,5.481370575726032,Joe Willock,Newcastle United,EPL,M S,M,True,23.9,38000000.0,1999-08-20,2023-06-30,joe willock,0.10250569476082,0.2482741404163539,0.2482741404163539,0.20501138952164,0.2524645728587357,1.9817767653758545,1.366742596810934,0.6075565219095194,0.187290566368771,94.0251572327044,72.32704402515722,87.10691823899371,29.559748427672954,94.65408805031447,89.30817610062893,83.17610062893081,58.333333333333336,91.98113207547169,77.12264150943395
340329,2024,32,1043,0,2.01764520443976,2,3.1126333381980658,18,22,4,0,0,2.01764520443976,8.017597679048777,3.4172954158857465,Joe Willock,Newcastle United,EPL,M S,M,True,25.9,22000000.0,1999-08-20,2025-06-30,joe willock,0.0,0.1741016954933637,0.1741016954933637,0.1725790987535954,0.2685877281283086,1.5532118887823587,1.8983700862895492,0.691834890809578,0.2948768815241775,93.25513196480938,87.97653958944281,88.85630498533725,53.665689149560116,79.76539589442815,73.31378299120234,90.6158357771261,71.26099706744868,76.53958944281524,79.61876832844574
340394,2022,18,1064,2,3.4315860448405147,0,1.4997573867440224,33,14,5,0,1,1.908983069472015,3.190128283575177,1.979356275871396,Abdelhamid Sabiri,Sampdoria,Serie_A,M S,M,True,26.6,2500000.0,1996-11-28,2023-06-30,abdelhamid sabiri,0.169172932330827,0.2902657368756074,0.1614741318162418,0.0,0.1268591774501522,2.7913533834586466,1.1842105263157894,0.2698416781219604,0.1674267526582948,67.29559748427673,60.691823899371066,24.528301886792452,22.641509433962266,82.70440251572327,99.05660377358491,63.99371069182389,23.58490566037736,90.88050314465409,57.91666666666666
341278,2024,32,2054,1,1.4308387525379658,1,1.8869791738688944,11,22,1,0,1,1.4308387525379658,10.736840901896358,8.157949836924672,Iván Martín,Girona,La_Liga,M S,M,True,26.4,6000000.0,1999-02-14,2025-06-30,ivan martin,0.0438169425511197,0.0626949794198719,0.0626949794198719,0.0438169425511197,0.0826816580565727,0.4819863680623173,0.9639727361246349,0.4704555409789056,0.3574564193394453,41.64222873900293,50.733137829912025,59.82404692082112,70.96774193548387,39.29618768328446,11.436950146627565,46.18768328445748,65.3958944281525,25.366568914956012,46.66422287390029
342209,2023,23,1611,0,0.2829619282856583,2,0.5292211920022964,7,7,4,0,0,0.2829619282856583,1.9627496423199773,1.4873464433476329,Kevin N&#039;Doram,Metz,Ligue_1,M S,M,True,28.4,1500000.0,1996-01-22,2024-06-30,kevin ndoram,0.0,0.015807928954506,0.015807928954506,0.1117318435754189,0.0295654297207986,0.3910614525139664,0.3910614525139664,0.1096508180067026,0.0830919800752867,9.657320872274143,5.919003115264798,0.3115264797507788,2.1806853582554515,7.78816199376947,5.919003115264798,7.788161993769471,1.2461059190031152,6.853582554517134,5.2180685358255445
342385,2022,34,2884,1,1.4510285509750247,0,0.4035670598968863,22,11,8,0,1,1.4510285509750247,7.314742582850158,6.796053310856223,Guido Rodríguez,Real Betis,La_Liga,M S,M,True,29.2,28000000.0,1994-04-12,2023-06-30,guido rodriguez,0.0312066574202496,0.0452817508972788,0.0452817508972788,0.0,0.0125939789842995,0.6865464632454924,0.3432732316227462,0.228268665900317,0.2120821074816435,2.515723270440252,4.716981132075472,13.522012578616351,37.10691823899371,30.50314465408805,22.641509433962266,3.616352201257862,25.314465408805027,26.572327044025158,18.097484276729556
342385,2023,24,1865,2,0.7606446947902441,0,0.7604827135801315,18,4,6,0,2,0.7606446947902441,6.565757455304265,5.561212830245495,Guido Rodríguez,Real Betis,La_Liga,M S,M,True,30.2,20000000.0,1994-04-12,2024-06-30,guido rodriguez,0.096514745308311,0.0367067144938991,0.0367067144938991,0.0,0.0366988977062798,0.868632707774799,0.193029490616622,0.3168462042774176,0.2683695199582276,14.018691588785046,0.6230529595015576,31.464174454828658,55.140186915887845,23.67601246105919,31.775700934579437,7.320872274143301,43.30218068535825,27.725856697819314,26.03582554517134
342385,2024,23,1179,0,0.1626910055056214,1,0.2192824073135852,8,4,6,0,0,0.1626910055056214,2.944707117974758,2.794170718640089,Guido Rodríguez,West Ham,EPL,M S,M,True,31.2,10000000.0,1994-04-12,2025-06-30,guido rodriguez,0.0,0.0124191607256199,0.0124191607256199,0.0763358778625954,0.0167391150621057,0.6106870229007634,0.3053435114503817,0.2247868028988365,0.2132954747053503,2.346041055718475,4.105571847507331,9.67741935483871,31.671554252199414,5.571847507331378,18.7683284457478,3.225806451612903,20.674486803519063,12.17008797653959,12.016129032258064
342405,2023,25,1764,1,2.8561502965167165,3,2.828930059447885,42,26,8,0,1,2.8561502965167165,8.328636918216944,4.603605476208031,Mattias Svanberg,Wolfsburg,Bundesliga,M S,M,True,25.5,12000000.0,1999-01-05,2024-06-30,mattias svanberg,0.0510204081632653,0.1457219539039141,0.1457219539039141,0.1530612244897959,0.1443331662983615,2.142857142857143,1.326530612244898,0.4249304550110685,0.2348778304187771,70.09345794392523,69.47040498442367,57.63239875389408,39.875389408099686,76.94704049844236,88.47352024922118,69.78193146417445,48.753894080996886,82.71028037383178,66.3006230529595
342405,2024,20,1232,3,4.231742708012462,1,2.277713842689991,21,15,4,0,3,4.231742708012462,7.183938827365637,4.114412795752287,Mattias Svanberg,Wolfsburg,Bundesliga,M S,M,True,26.5,12000000.0,1999-01-05,2025-06-30,mattias svanberg,0.2191558441558441,0.3091370484749363,0.3091370484749363,0.073051948051948,0.1663914333133921,1.534090909090909,1.0957792207792207,0.5248007260250871,0.3005658698195664,76.83284457478005,57.77126099706745,70.67448680351906,55.718475073313776,95.89442815249268,72.43401759530792,67.30205278592375,63.196480938416414,84.1642228739003,70.92375366568913
342967,2023,31,2658,8,4.454712076112628,12,6.618623999878764,49,70,4,0,8,3.696935391053557,6.628855990245938,2.2056391928344965,Jan-Niklas Beste,FC Heidenheim,Bundesliga,M,M,True,25.5,15000000.0,1999-01-04,2024-06-30,jan niklas beste,0.2708803611738148,0.1508367520128429,0.1251783992456057,0.4063205417607223,0.2241069074451049,1.6591422121896162,2.37020316027088,0.2244533631008783,0.0746830426467662,87.85046728971963,93.45794392523365,11.214953271028037,1.2461059190031152,70.09345794392523,76.63551401869158,90.65420560747664,6.230529595015576,73.3644859813084,55.919003115264786
344069,2022,30,2080,1,2.024175141006708,4,3.7558081168681374,36,31,4,0,1,2.024175141006708,6.682561932131648,3.076814828440547,Anton Stach,Mainz 05,Bundesliga,M S,M,True,24.6,15000000.0,1998-11-15,2023-06-30,anton stach,0.0432692307692307,0.0875845012935594,0.0875845012935594,0.173076923076923,0.1625109281337174,1.5576923076923077,1.341346153846154,0.2891493143710809,0.1331314108459852,80.81761006289308,70.44025157232704,31.132075471698112,11.949685534591195,57.54716981132076,75.15723270440252,75.62893081761007,21.540880503144653,66.35220125786164,53.91509433962264
344069,2023,33,2523,2,1.9476461745798588,3,3.3864241652190685,40,21,4,0,2,1.9476461745798588,10.367411406710744,7.442647943273187,Anton Stach,"Hoffenheim,Mainz 05",Bundesliga,M S,M,True,25.6,15000000.0,1998-11-15,2024-06-30,anton stach,0.0713436385255648,0.0694760823274622,0.0694760823274622,0.1070154577883472,0.1207999107688133,1.426872770511296,0.7491082045184304,0.3698244259230943,0.2654927922689603,62.928348909657316,32.398753894081,45.17133956386293,54.82866043613706,45.482866043613704,68.84735202492212,47.66355140186916,50.0,57.165109034267914,51.33177570093457
344605,2022,26,1640,0,0.0206572990864515,0,0.2854275647550821,1,11,9,0,0,0.0206572990864515,3.210264626890421,3.0059440191835165,Boubakary Soumare,Leicester,EPL,M S,M,True,24.3,20000000.0,1999-02-27,2023-06-30,boubakary soumare,0.0,0.0011336322669394,0.0011336322669394,0.0,0.0156637078219252,0.0548780487804878,0.6036585365853658,0.176173058792767,0.1649603425161686,3.1446540880503147,20.440251572327046,6.60377358490566,22.0125786163522,0.3144654088050315,0.3144654088050315,11.79245283018868,14.30817610062893,0.3144654088050315,9.229559748427672
344605,2023,28,2289,0,0.0227503608912229,1,1.038184255361557,1,8,10,0,0,0.0227503608912229,6.839430097490549,5.843111161142588,Boubakary Soumare,Sevilla,La_Liga,M S,M,True,25.3,14000000.0,1999-02-27,2024-06-30,boubakary soumare,0.0,0.0008945096025382,0.0008945096025382,0.0393184796854521,0.0408198265541896,0.0393184796854521,0.3145478374836173,0.2689159933482523,0.2297422474892236,17.133956386292834,2.803738317757009,20.5607476635514,38.940809968847354,0.3115264797507788,0.3115264797507788,9.968847352024921,29.75077881619938,0.3115264797507788,13.995327102803738
344605,2024,31,2182,0,0.2561326660215854,0,0.3478336622938514,7,10,8,0,0,0.2561326660215854,7.107237534597516,6.826774168759584,Boubakary Soumare,Leicester,EPL,M S,M,True,26.3,,1999-02-27,2025-06-30,boubakary soumare,0.0,0.0105645920907161,0.0105645920907161,0.0,0.0143469429910387,0.2887259395050413,0.4124656278643446,0.2931491192088801,0.2815809693805511,1.1730205278592376,9.090909090909092,21.700879765395893,48.38709677419355,3.812316715542522,3.812316715542522,5.131964809384165,35.043988269794724,3.812316715542522,15.205278592375368
346707,2022,33,2509,1,4.526227671653032,4,3.4510617526248097,33,23,2,0,1,4.526227671653032,12.269893657416103,6.193108232691884,Sean Longstaff,Newcastle United,EPL,M S,M,True,25.7,25000000.0,1997-10-30,2023-06-30,sean longstaff,0.0358708648864089,0.1623597012549912,0.1623597012549912,0.1434834595456357,0.1237925698430581,1.1837385412514945,0.8250298923874053,0.4401316975557789,0.2221521486417973,66.35220125786164,38.67924528301887,62.264150943396224,40.88050314465409,83.01886792452831,57.54716981132076,52.515723270440255,51.57232704402516,70.28301886792454,57.51572327044025
346707,2023,35,2748,6,7.077314300462604,2,3.0185976549983025,41,20,7,0,6,7.077314300462604,17.2361901816912,9.9536661230959,Sean Longstaff,Newcastle United,EPL,M S,M,True,26.7,25000000.0,1997-10-30,2024-06-30,sean longstaff,0.1965065502183406,0.2317897696658057,0.2317897696658057,0.0655021834061135,0.0988623686134815,1.3427947598253274,0.6550218340611353,0.5645040452518952,0.3259934319791233,54.82866043613706,24.610591900311526,78.50467289719626,69.1588785046729,91.90031152647975,61.99376947040498,39.719626168224295,73.83177570093457,76.94704049844236,62.827102803738306
346853,2024,32,2856,5,4.85783976316452,4,6.564444359391928,48,68,3,0,4,4.100063048303127,19.91676950454712,13.533827669918535,Romano Schmid,Werder Bremen,Bundesliga,M,M,True,25.4,17000000.0,2000-01-27,2025-06-30,romano schmid,0.157563025210084,0.1530831858140079,0.1292036674885439,0.1260504201680672,0.2068627424178128,1.512605042016807,2.142857142857143,0.6276292911096781,0.4264861660688614,85.92375366568915,93.54838709677419,82.99120234604106,81.81818181818183,70.08797653958945,70.96774193548387,89.73607038123167,82.40469208211144,70.52785923753666,81.40762463343108
347900,2022,33,2537,0,0.2933905953541398,2,1.721301943063736,8,19,3,0,0,0.2933905953541398,7.8111078934744,7.151580695994198,Jerdy Schouten,Bologna,Serie_A,M S,M,True,26.5,12000000.0,1997-01-12,2023-06-30,jerdy schouten,0.0,0.0104080226968358,0.0104080226968358,0.0709499408750492,0.0610631355442397,0.2837997635001971,0.6740244383129681,0.2770988216053197,0.253702113771966,30.50314465408805,26.729559748427672,27.044025157232703,54.088050314465406,4.716981132075472,3.7735849056603774,28.61635220125786,40.56603773584905,4.245283018867925,25.487421383647796
348795,2024,25,1437,8,4.725559396669269,3,4.672125656157732,34,43,4,0,6,2.495726527646184,9.40762997791171,4.948757715523243,Giovani Lo Celso,Real Betis,La_Liga,M S,M,True,29.2,15000000.0,1996-04-09,2025-06-30,giovani lo celso,0.5010438413361169,0.2959640540711442,0.1563085507920365,0.1878914405010438,0.2926174732457869,2.1294363256784967,2.6931106471816286,0.5892043827502115,0.309943071953439,95.30791788856305,98.53372434017595,78.88563049853371,58.94428152492669,76.53958944281524,90.32258064516128,96.9208211143695,68.9149560117302,83.43108504398826,83.07184750733137
351749,2024,19,1247,0,0.4593092957511544,0,0.3231524731963873,11,5,4,1,0,0.4593092957511544,2.4181056451052427,2.1468016486614943,Kalvin Phillips,Ipswich,EPL,M S,M,True,29.6,12000000.0,1995-12-02,2025-06-30,kalvin phillips,0.0,0.0331498288834032,0.0331498288834032,0.0,0.0233229531577184,0.7939053728949479,0.3608660785886126,0.1745224603524233,0.1549415784920084,6.451612903225806,6.158357771260997,1.7595307917888565,14.95601173020528,18.7683284457478,29.32551319648094,6.3049853372434015,8.357771260997069,24.04692082111437,12.346041055718477
351816,2022,28,2034,2,1.1096757957711816,2,3.7845559045672417,16,43,5,0,2,1.1096757957711816,11.547161312773824,8.96064480021596,Ismael Bennacer,AC Milan,Serie_A,M S,M,True,25.6,40000000.0,1997-12-01,2023-06-30,ismael bennacer,0.0884955752212389,0.0491006989279283,0.0491006989279283,0.0884955752212389,0.1674582258658071,0.7079646017699115,1.902654867256637,0.510936341273178,0.3964887079741575,83.64779874213836,88.36477987421384,75.78616352201259,81.76100628930818,34.59119496855346,23.58490566037736,86.0062893081761,78.77358490566039,29.08805031446541,66.3993710691824
351816,2023,20,1158,2,1.850306496024132,2,2.435472975485027,12,17,2,0,1,1.0890076607465744,8.583248920738697,5.898235939443111,Ismael Bennacer,AC Milan,Serie_A,M S,M,True,26.6,30000000.0,1997-12-01,2024-06-30,ismael bennacer,0.155440414507772,0.1438062043542071,0.0846379010942933,0.155440414507772,0.1892854644159347,0.932642487046632,1.3212435233160622,0.667091885031505,0.4584121196458377,82.2429906542056,69.1588785046729,85.35825545171339,84.42367601246106,53.271028037383175,36.13707165109034,75.70093457943925,84.89096573208722,44.704049844236756,69.61838006230529
353403,2022,35,2388,0,1.3794666677713394,2,0.6596695575863123,22,18,8,0,0,1.3794666677713394,7.268351953476667,5.6869204714894295,Samuel Moutoussamy,Nantes,Ligue_1,M S,M,True,26.9,5000000.0,1996-08-12,2023-06-30,samuel moutoussamy,0.0,0.0519899497903771,0.0519899497903771,0.0753768844221105,0.0248619179994841,0.8291457286432161,0.6783919597989949,0.2739328625682161,0.2143311735485966,7.861635220125786,27.044025157232703,25.78616352201258,37.735849056603776,36.16352201257861,32.075471698113205,17.452830188679243,31.761006289308177,34.11949685534591,27.460691823899367
353403,2023,26,1085,1,2.1231555305421352,0,0.6587613690644503,15,11,2,0,1,2.1231555305421352,5.353673495352268,3.1424327176064253,Samuel Moutoussamy,Nantes,Ligue_1,M S,M,True,27.9,3000000.0,1996-08-12,2024-06-30,samuel moutoussamy,0.0829493087557603,0.1761142836394398,0.1761142836394398,0.0,0.0546438001988944,1.2442396313364057,0.912442396313364,0.4440835157435061,0.2606626217369385,29.283489096573206,45.17133956386293,61.6822429906542,52.336448598130836,84.11214953271028,54.82866043613706,37.22741433021807,57.009345794392516,69.47040498442367,53.8239875389408
353796,2023,27,1826,4,3.3743705889210105,2,0.9672145377844572,23,11,7,1,4,3.3743705889210105,5.2626653630286455,3.6049116821959615,Giulio Maggiore,Salernitana,Serie_A,M S,M,True,26.3,3500000.0,1998-03-12,2024-06-30,giulio maggiore,0.1971522453450164,0.1663161845579906,0.1663161845579906,0.0985761226725082,0.047672129463637,1.1336254107338446,0.5421686746987953,0.2593865732051358,0.1776791081038535,23.364485981308412,13.395638629283487,18.38006230529595,20.87227414330218,80.99688473520249,47.35202492211838,18.38006230529595,19.626168224299064,64.17445482866043,32.55451713395638
353948,2022,33,2952,5,3.382630677893758,2,2.40074950363487,42,18,1,0,5,3.382630677893758,6.3994100401178,2.3205474354326725,Lucas Tousart,Hertha Berlin,Bundesliga,M,M,True,26.2,9000000.0,1997-04-29,2023-06-30,lucas tousart,0.1524390243902439,0.1031289840821267,0.1031289840821267,0.0609756097560975,0.0731935824278923,1.2804878048780488,0.5487804878048781,0.1951039646377378,0.0707483974217278,37.735849056603776,16.666666666666664,8.49056603773585,0.9433962264150944,64.15094339622641,64.77987421383648,27.20125786163522,4.716981132075472,64.46540880503144,30.511006289308174
353948,2023,23,1591,0,1.4459867663681507,0,0.5308162374421954,25,6,5,0,0,1.4459867663681507,3.9345752531662574,2.430923885665834,Lucas Tousart,Union Berlin,Bundesliga,M S,M,True,27.2,7000000.0,1997-04-29,2024-06-30,lucas tousart,0.0,0.0817968629623718,0.0817968629623718,0.0,0.030027317014329,1.4142049025769956,0.3394091766184789,0.2225718245034338,0.1375129790760056,10.2803738317757,4.361370716510903,9.968847352024921,8.722741433021806,51.4018691588785,66.66666666666666,7.320872274143301,9.345794392523363,59.03426791277258,23.543613707165104
354362,2022,18,1516,5,2.4369436921551824,2,0.6443385947495699,15,11,8,0,5,2.4369436921551824,8.615036329254508,6.708776051178575,Rodrigo Bentancur,Tottenham,EPL,M S,M,True,26.0,40000000.0,1997-06-25,2023-06-30,rodrigo bentancur,0.2968337730870712,0.1446734381886322,0.1446734381886322,0.1187335092348284,0.0382522912450272,0.8905013192612138,0.6530343007915568,0.5114467477789615,0.3982782616135037,15.09433962264151,24.528301886792452,76.10062893081762,82.38993710691824,78.61635220125787,33.9622641509434,19.81132075471698,79.24528301886792,56.28930817610063,51.55660377358491
354362,2023,23,1016,1,1.622593866661191,1,0.5037150774151087,18,8,7,0,1,1.622593866661191,8.576564118266106,7.389497200027108,Rodrigo Bentancur,Tottenham,EPL,M S,M,True,27.0,35000000.0,1997-06-25,2024-06-30,rodrigo bentancur,0.0885826771653543,0.1437337086609322,0.1437337086609322,0.0885826771653543,0.044620430085984,1.594488188976378,0.7086614173228346,0.7597350104763282,0.654581444884291,20.5607476635514,29.906542056074763,88.78504672897196,95.6386292834891,76.32398753894081,74.45482866043614,25.233644859813083,92.21183800623052,75.38940809968847,63.722741433021795
354362,2024,26,1674,2,1.3008952122181654,0,0.3507859818637371,22,9,9,0,2,1.3008952122181654,8.430497603490949,7.863584054633975,Rodrigo Bentancur,Tottenham,EPL,M S,M,True,28.0,30000000.0,1997-06-25,2025-06-30,rodrigo bentancur,0.1075268817204301,0.0699406028074282,0.0699406028074282,0.0,0.0188594613905235,1.1827956989247312,0.4838709677419355,0.4532525593274703,0.4227733362706438,4.398826979472141,12.316715542521994,56.89149560117303,81.52492668621701,42.81524926686217,54.83870967741935,8.357771260997067,69.20821114369502,48.82697947214076,41.79618768328446
356141,2022,32,2279,9,8.885730244219303,6,3.55752938054502,44,34,3,0,6,6.612399263307452,17.701268509030342,10.873036798089744,Daichi Kamada,Eintracht Frankfurt,Bundesliga,M S,M,True,26.9,27000000.0,1996-08-05,2023-06-30,daichi kamada,0.3554190434401053,0.3509064159630264,0.2611302912231991,0.2369460289600702,0.1404904099381534,1.7376042123738482,1.3426941641070644,0.699040880128447,0.4293871486740136,72.64150943396226,71.0691823899371,92.13836477987421,86.16352201257862,95.9119496855346,83.01886792452831,71.85534591194968,89.15094339622641,89.46540880503144,83.19182389937106
356141,2023,29,1552,2,1.770090764388442,2,3.275326691567898,29,24,3,0,2,1.770090764388442,9.194597266614435,6.055140949785709,Daichi Kamada,Lazio,Serie_A,M S,M,True,27.9,18000000.0,1996-08-05,2024-06-30,daichi kamada,0.1159793814432989,0.1026470159761338,0.1026470159761338,0.1159793814432989,0.1899351818563858,1.681701030927835,1.3917525773195876,0.5331918518010949,0.3511357509540682,82.55451713395638,73.20872274143302,75.0778816199377,73.5202492211838,61.059190031152646,76.94704049844236,77.8816199376947,74.29906542056075,69.0031152647975,73.96417445482865
356141,2024,34,1527,0,0.9768787622451782,0,1.8320643100887537,20,20,4,1,0,0.9768787622451782,8.12018227763474,6.361981469206512,Daichi Kamada,Crystal Palace,EPL,M S,M,True,28.9,12000000.0,1996-08-05,2025-06-30,daichi kamada,0.0,0.0575763514093425,0.0575763514093425,0.0,0.1079802147400051,1.1787819253438114,1.1787819253438114,0.4785962049686487,0.3749694382636451,55.13196480938416,60.997067448680355,61.58357771260997,73.90029325513197,35.19061583577713,54.54545454545454,58.064516129032256,67.74193548387098,44.868035190615835,57.49266862170088
357164,2022,35,2453,15,12.850501528009772,8,8.666536897420883,92,49,5,1,15,12.850501528009772,25.837798319756985,7.709507210180163,Rafael Leão,AC Milan,Serie_A,M S,M,True,24.1,90000000.0,1999-06-10,2023-06-30,rafael leao,0.550346514472075,0.4714819150105501,0.4714819150105501,0.2935181410517733,0.3179732249359476,3.375458622095393,1.7977986139421118,0.9479828164607128,0.2828600280946656,97.79874213836479,86.47798742138365,97.48427672955975,61.32075471698113,99.68553459119497,99.68553459119497,92.13836477987422,79.40251572327044,99.68553459119497,89.94496855345912
357233,2022,31,2161,4,4.256420814432204,3,2.534432481974364,31,16,5,0,4,4.256420814432204,8.905741119757295,4.254139814525843,Leandro Barreiro Martins,Mainz 05,Bundesliga,M S,M,True,23.5,14000000.0,2000-01-03,2023-06-30,leandro barreiro martins,0.1665895418787598,0.1772687983798696,0.1772687983798696,0.1249421564090698,0.1055524865236894,1.2910689495603886,0.6663581675150394,0.3709008333078003,0.1771738006975131,56.289308176100626,26.10062893081761,50.62893081761006,24.842767295597483,88.0503144654088,65.40880503144653,41.19496855345912,37.73584905660377,76.72955974842768,50.64465408805031
357233,2023,31,2600,4,5.028050007298589,1,1.380755132995546,38,20,8,0,4,5.028050007298589,10.784912591800094,5.83985104970634,Leandro Barreiro Martins,Mainz 05,Bundesliga,M S,M,True,24.5,17000000.0,2000-01-03,2024-06-30,leandro barreiro martins,0.1384615384615384,0.174047884868028,0.174047884868028,0.0346153846153846,0.0477953699883073,1.3153846153846154,0.6923076923076923,0.3733238974084648,0.2021486901821425,23.67601246105919,28.66043613707165,46.10591900311526,29.283489096573206,83.8006230529595,61.059190031152646,26.16822429906542,37.69470404984423,72.42990654205607,44.0809968847352
357565,2023,34,2967,8,4.294270480051637,9,5.32604681327939,62,50,8,1,8,4.294270480051637,31.6230084002018,26.291744768619537,Rodri,Manchester City,EPL,M,M,True,28.0,120000000.0,1996-06-22,2024-06-30,rodri,0.2426693629929221,0.1302609852391801,0.1302609852391801,0.2730030333670374,0.161558548431124,1.8806875631951463,1.5166835187057637,0.9592419130495996,0.7975251193716746,75.0778816199377,76.32398753894081,98.13084112149532,100.0,71.33956386292834,83.8006230529595,75.70093457943926,99.06542056074767,77.57009345794393,84.4392523364486
357662,2022,37,3268,4,2.2349475855007768,1,2.33805207721889,36,36,5,0,4,1.4737785691395402,10.850467165000737,8.603918568231165,Declan Rice,West Ham,EPL,M S,M,True,24.5,90000000.0,1999-01-14,2023-06-30,declan rice,0.1101591187270501,0.0615499641049785,0.0405875370938061,0.0275397796817625,0.0643894390910955,0.9914320685434516,0.9914320685434516,0.2988194751683189,0.2369500217689121,31.761006289308174,49.37106918238994,33.33333333333333,48.742138364779876,26.729559748427672,41.82389937106918,40.56603773584906,41.0377358490566,34.276729559748425,38.844339622641506
357662,2023,38,3256,7,3.186093623749912,8,5.895036246627569,58,47,5,0,7,3.186093623749912,19.678100544027984,16.131323732435703,Declan Rice,Arsenal,EPL,M S,M,True,25.5,120000000.0,1999-01-14,2024-06-30,declan rice,0.1934889434889435,0.0880676984451756,0.0880676984451756,0.2211302211302211,0.1629463335984279,1.6031941031941033,1.299140049140049,0.5439278405904541,0.4458903980095863,75.38940809968847,68.22429906542055,76.63551401869158,83.17757009345794,54.51713395638629,74.76635514018692,71.80685358255451,79.90654205607476,64.6417445482866,72.49221183800621
357662,2024,35,2848,4,3.6269928105175495,7,9.060594327747822,48,59,5,1,4,3.6269928105175495,17.24022226035595,10.361034391447902,Declan Rice,Arsenal,EPL,M S,M,True,26.5,120000000.0,1999-01-14,2025-06-30,declan rice,0.1264044943820224,0.1146170480851753,0.1146170480851753,0.2212078651685393,0.286324961199896,1.5168539325842696,1.8644662921348316,0.5448103944634956,0.3274203283814295,94.42815249266863,87.09677419354838,73.60703812316716,63.929618768328446,65.6891495601173,71.26099706744868,90.76246334310851,68.7683284457478,68.47507331378299,76.3782991202346
357885,2023,15,1180,3,2.757550232112408,2,2.4938491079956293,17,23,2,0,3,2.757550232112408,6.276711612939835,2.003740269690752,Pablo Fornals,Real Betis,La_Liga,M S,M,True,28.4,14000000.0,1996-02-22,2024-06-30,pablo fornals,0.2288135593220338,0.2103216278729802,0.2103216278729802,0.1525423728813559,0.190208830270853,1.2966101694915255,1.7542372881355934,0.4787322416649026,0.1528276476882777,82.86604361370716,84.11214953271028,67.91277258566979,12.77258566978193,89.09657320872275,59.19003115264797,83.48909657320871,40.34267912772586,74.14330218068535,65.5841121495327
357885,2024,26,1876,2,1.9425642574206,0,3.0682716201990843,23,36,2,0,2,1.9425642574206,13.264264291152358,9.0203785803169,Pablo Fornals,Real Betis,La_Liga,M S,M,True,29.4,6000000.0,1996-02-22,2025-06-30,pablo fornals,0.0959488272921108,0.0931933812195383,0.0931933812195383,0.0,0.1471985318858835,1.103411513859275,1.727078891257996,0.6363453018143455,0.4327473732561412,70.08797653958945,82.40469208211144,83.57771260997067,83.87096774193549,56.89149560117303,48.97360703812317,76.24633431085044,83.72434017595307,52.9325513196481,71.86950146627565
358008,2024,28,976,2,4.630177354440093,4,2.379545057192445,30,22,0,0,2,4.630177354440093,7.970997171476483,2.2628479339182377,Gianluca Gaetano,Cagliari,Serie_A,M S,M,True,25.2,4000000.0,2000-05-05,2025-06-30,gianluca gaetano,0.1844262295081967,0.4269630757168118,0.4269630757168118,0.3688524590163934,0.2194252614214344,2.7663934426229506,2.028688524590164,0.7350304768779544,0.2086642562014768,87.97653958944281,91.20234604105572,90.9090909090909,29.32551319648094,99.41348973607037,97.0674486803519,89.58944281524927,60.117302052785924,98.24046920821114,81.86950146627565
360518,2022,33,2860,10,8.450882591307163,4,6.544764361344278,59,57,7,0,8,5.405682601034641,14.013550275936725,6.516538642346859,Teun Koopmeiners,Atalanta,Serie_A,M S,M,True,25.3,30000000.0,1998-02-28,2023-06-30,teun koopmeiners,0.3146853146853147,0.2659368647614142,0.1701088930395516,0.1258741258741259,0.2059541232590857,1.856643356643357,1.7937062937062935,0.4409858478441626,0.2050659013325934,90.56603773584906,86.16352201257862,62.57861635220125,35.22012578616352,85.53459119496856,86.79245283018868,88.36477987421384,48.899371069182386,86.16352201257862,73.89150943396227
361068,2024,34,1884,3,3.1339307287707925,2,1.634106621146202,26,16,2,0,3,3.1339307287707925,7.973995503038168,4.543551272712648,Jurgen Ekkelenkamp,Udinese,Serie_A,M S,M,True,25.2,7000000.0,2000-04-05,2025-06-30,jurgen ekkelenkamp,0.143312101910828,0.1497100666610251,0.1497100666610251,0.0955414012738853,0.0780624182076211,1.2420382165605095,0.7643312101910827,0.3809233520559634,0.2170486276773558,38.70967741935484,35.77712609970675,44.28152492668622,32.84457478005865,75.0733137829912,58.94428152492669,37.2434017595308,38.56304985337243,67.00879765395895,46.63489736070382
363057,2024,26,1199,3,2.7055065194144845,0,2.281998419202864,31,26,2,0,3,1.962228910066188,7.330365147441626,4.710698988288641,Pedro Díaz,Rayo Vallecano,La_Liga,M S,M,True,27.1,3000000.0,1998-06-05,2025-06-30,pedro diaz,0.2251876563803169,0.203082224142872,0.1472899098465028,0.0,0.171292625294627,2.326939115929941,1.95162635529608,0.5502359159881121,0.3535970883619497,78.2991202346041,88.85630498533725,73.90029325513197,70.08797653958945,74.7800586510264,94.13489736070382,83.57771260997067,71.99413489736071,84.45747800586511,79.78739002932552
368482,2023,33,1795,10,8.406649756245315,2,5.7234551049768925,59,36,2,0,8,6.1227931855246425,10.48891113139689,2.694749374873936,Riccardo Orsolini,Bologna,Serie_A,M S,M,True,27.4,16000000.0,1997-01-24,2024-06-30,riccardo orsolini,0.5013927576601671,0.421503330396701,0.306992415987308,0.1002785515320334,0.2869698938428525,2.9582172701949863,1.8050139275766015,0.5259064077023511,0.1351127820271054,94.0809968847352,85.04672897196261,74.45482866043614,8.09968847352025,95.6386292834891,98.13084112149532,89.5638629283489,41.27725856697819,96.88473520249221,74.85981308411215
369081,2023,37,2931,2,4.201607981696725,7,6.22173410281539,56,49,2,0,2,4.201607981696725,27.96735017001629,20.866584636271,Federico Valverde,Real Madrid,La_Liga,M S,M,True,25.9,120000000.0,1998-07-22,2024-06-30,federico valverde,0.0614124872057318,0.1290155982097254,0.1290155982097254,0.2149437052200614,0.1910460829933077,1.7195496417604914,1.50460593654043,0.8587722672471737,0.6407344310011566,83.48909657320873,75.70093457943925,95.6386292834891,95.32710280373831,70.7165109034268,77.88161993769471,79.59501557632399,95.48286604361371,74.29906542056075,83.56697819314641
372246,2022,26,1189,3,1.785160830244422,2,1.223164862021804,10,13,0,0,3,1.785160830244422,7.299102270975709,4.439578896388412,Carlos Soler,Paris Saint Germain,Ligue_1,M S,M,True,26.5,25000000.0,1997-01-02,2023-06-30,carlos soler,0.2270815811606392,0.1351257146526475,0.1351257146526475,0.1513877207737594,0.0925860702960154,0.7569386038687973,0.9840201850294364,0.5524972282487921,0.3360488651597621,49.685534591194966,48.742138364779876,82.0754716981132,72.0125786163522,75.15723270440252,28.30188679245283,49.21383647798742,77.04402515723271,51.729559748427675,59.709119496855344
372246,2024,31,1422,1,2.29219813644886,1,1.0893699526786804,25,17,6,0,1,2.29219813644886,5.286610726267099,2.4397572688758373,Carlos Soler,West Ham,EPL,M S,M,True,28.5,18000000.0,1997-01-02,2025-06-30,carlos soler,0.0632911392405063,0.1450758314208139,0.1450758314208139,0.0632911392405063,0.0689474653594101,1.5822784810126582,1.0759493670886076,0.3345956155865253,0.154415017017458,32.25806451612903,57.18475073313783,31.964809384164223,14.66275659824047,74.19354838709677,75.366568914956,44.72140762463343,23.313782991202345,74.7800586510264,46.246334310850436
372712,2022,26,1291,0,0.605901647824794,2,0.967983894981444,13,10,1,0,0,0.605901647824794,3.990710945799947,3.117795817088336,Ibrahima Sissoko,Strasbourg,Ligue_1,M S,M,True,25.7,6000000.0,1997-10-27,2023-06-30,ibrahima sissoko,0.0,0.0422394642170654,0.0422394642170654,0.139426800929512,0.0674814489142757,0.906274206041828,0.69713400464756,0.2782060303036369,0.2173521483640203,34.276729559748425,27.67295597484277,27.358490566037734,39.62264150943396,27.044025157232703,34.90566037735849,30.9748427672956,33.490566037735846,30.974842767295595,31.855345911949684
372712,2023,27,1640,0,0.8727685492485762,1,1.9227196043357253,14,12,7,0,0,0.8727685492485762,6.204545033164322,4.821010775864124,Ibrahima Sissoko,Strasbourg,Ligue_1,M S,M,True,26.7,6000000.0,1997-10-27,2024-06-30,ibrahima sissoko,0.0,0.0478958350197389,0.0478958350197389,0.0548780487804878,0.1055151002379361,0.7682926829268293,0.6585365853658537,0.340493324990725,0.2645676645291288,58.25545171339564,25.54517133956386,37.38317757009346,53.58255451713395,31.775700934579437,27.725856697819314,41.90031152647975,45.482866043613704,29.750778816199375,39.509345794392516
372712,2024,32,2639,2,1.427550146356225,1,1.5377441756427288,25,26,9,1,2,1.427550146356225,8.396646555513144,6.192057816311717,Ibrahima Sissoko,Bochum,Bundesliga,M S,M,True,27.7,6000000.0,1997-10-27,2025-06-30,ibrahima sissoko,0.0682076544145509,0.0486849235210535,0.0486849235210535,0.0341038272072754,0.0524429616551139,0.8525956801818871,0.8866995073891626,0.2863577832497851,0.2111728698249543,21.994134897360702,45.74780058651026,19.35483870967742,30.791788856304986,30.498533724340177,34.31085043988269,33.87096774193548,25.073313782991203,32.40469208211144,30.35190615835777
374040,2022,31,2476,0,1.8581558289006352,2,1.2464634459465742,37,15,6,0,0,1.8581558289006352,7.036711789667606,5.353022483177483,Vincent Marchetti,Ajaccio,Ligue_1,M S,M,True,26.0,2500000.0,1997-07-04,2023-06-30,vincent marchetti,0.0,0.0675420131668243,0.0675420131668243,0.0726978998384491,0.045307637372856,1.3449111470113086,0.5452342487883683,0.2557770844386448,0.1945767461575014,18.867924528301888,16.037735849056602,22.0125786163522,31.761006289308174,47.48427672955975,66.98113207547169,17.452830188679243,26.886792452830186,57.23270440251572,32.68867924528301
374954,2023,18,1253,2,0.6804289035499096,1,0.5128443296998739,14,8,5,0,2,0.6804289035499096,3.74289258942008,2.992653951048851,Kristijan Jakic,"Augsburg,Eintracht Frankfurt",Bundesliga,M S,M,True,27.1,6500000.0,1997-05-14,2024-06-30,kristijan jakic,0.1436552274541101,0.0488735844529065,0.0488735844529065,0.071827613727055,0.036836384415793,1.005586592178771,0.5746209098164405,0.2688430431347224,0.214955192014682,14.330218068535824,16.1993769470405,20.24922118380062,33.64485981308411,32.398753894081,39.875389408099686,15.264797507788161,26.947040498442366,36.13707165109034,25.615264797507784
374954,2024,31,2314,0,0.7476364653557539,1,1.5535834319889543,18,17,2,0,0,0.7476364653557539,9.371627107262611,7.937230862677097,Kristijan Jakic,Augsburg,Bundesliga,M S,M,True,28.1,6500000.0,1997-05-14,2025-06-30,kristijan jakic,0.0,0.0290783413491866,0.0290783413491866,0.0388936905790838,0.0604245932925695,0.700086430423509,0.6611927398444253,0.3644971649324265,0.3087082012277177,27.859237536656888,28.152492668621704,40.469208211143695,58.35777126099707,14.369501466275661,23.16715542521994,28.005865102639298,49.41348973607038,18.768328445747798,32.72727272727273
375885,2023,17,1053,0,0.8340437468141317,0,0.3507998380810022,8,7,6,0,0,0.8340437468141317,4.501044608652592,3.5168560035526752,Ibrahim Sangare,Nottingham Forest,EPL,M S,M,True,26.6,30000000.0,1997-12-02,2024-06-30,ibrahim sangare,0.0,0.0712857903259941,0.0712857903259941,0.0,0.0299828921436754,0.6837606837606838,0.5982905982905983,0.3847046674062044,0.3005859832096303,9.968847352024921,18.38006230529595,48.28660436137071,63.55140186915887,47.35202492211838,20.87227414330218,14.174454828660437,55.91900311526479,34.11214953271028,34.76635514018691
377393,2022,32,2790,5,2.270935244858265,5,2.7568161133676767,44,15,10,1,5,2.270935244858265,8.21669551730156,5.307668576017022,Pierre Lees-Melou,Brest,Ligue_1,M,M,True,30.1,4000000.0,1993-05-25,2023-06-30,pierre lees melou,0.1612903225806451,0.0732559756405892,0.0732559756405892,0.1612903225806451,0.0889295520441186,1.4193548387096775,0.4838709677419355,0.2650546941065019,0.1712151153553878,47.48427672955975,12.578616352201259,23.58490566037736,23.58490566037736,50.0,68.55345911949685,30.031446540880506,23.58490566037736,59.276729559748425,36.54874213836477
377393,2023,29,2530,4,2.4142561042681336,0,3.014383472502232,52,28,10,1,4,2.4142561042681336,14.741135323420169,10.844613229855897,Pierre Lees-Melou,Brest,Ligue_1,M,M,True,31.1,10000000.0,1993-05-25,2024-06-30,pierre lees melou,0.1422924901185771,0.0858826282150719,0.0858826282150719,0.0,0.1072310326186564,1.849802371541502,0.9960474308300395,0.524388213086093,0.385776755212265,59.19003115264797,52.336448598130836,74.14330218068535,76.63551401869158,53.58255451713395,81.93146417445483,55.7632398753894,75.38940809968847,67.75700934579439,66.23052959501557
377393,2024,20,1516,2,1.3349120300263166,2,2.2275387002155185,22,19,7,0,2,1.3349120300263166,7.036306224763393,5.228005010634661,Pierre Lees-Melou,Brest,Ligue_1,M S,M,True,32.1,6000000.0,1993-05-25,2025-06-30,pierre lees melou,0.1187335092348284,0.0792493949224066,0.0792493949224066,0.1187335092348284,0.1322417434164885,1.3060686015831136,1.127968337730871,0.4177226650585128,0.3103696906049601,63.34310850439883,58.65102639296188,50.146627565982406,59.530791788856305,48.09384164222874,63.63636363636363,60.997067448680355,54.83870967741936,55.86510263929618,57.302052785923756
378293,2024,29,2293,4,4.82616575434804,3,2.40681491047144,39,16,10,1,4,4.82616575434804,8.74448224529624,4.21010279469192,Yangel Herrera,Girona,La_Liga,M S,M,True,27.5,15000000.0,1998-01-07,2025-06-30,yangel herrera,0.1569995638901003,0.1894264796734948,0.1894264796734948,0.1177496729175752,0.0944672228270517,1.530745747928478,0.6279982555604012,0.3432199747390587,0.165246075674781,47.80058651026393,24.633431085043988,34.01759530791789,17.595307917888565,83.57771260997067,72.14076246334311,36.21700879765396,25.806451612903224,77.85923753665689,45.06598240469208
380598,2022,35,2498,3,2.689192680642009,2,1.8044728748500347,25,41,6,0,3,2.689192680642009,7.891891127452254,5.114978757686913,Santiago Comesaña,Rayo Vallecano,La_Liga,M S,M,True,26.7,7500000.0,1996-10-05,2023-06-30,santiago comesana,0.1080864691753402,0.096888447260921,0.096888447260921,0.0720576461168935,0.0650130339217386,0.9007205764611688,1.4771817453963172,0.2843355490275031,0.1842866646084156,33.0188679245283,77.9874213836478,29.874213836477985,27.9874213836478,61.94968553459119,34.59119496855346,55.50314465408805,28.930817610062892,48.270440251572325,44.033018867924525
380598,2023,27,1645,2,2.165256801992655,0,1.4374671690165997,17,12,6,2,2,2.165256801992655,7.749161342158914,5.864406324923039,Santiago Comesaña,Villarreal,La_Liga,M S,M,True,27.7,6000000.0,1996-10-05,2024-06-30,santiago comesana,0.1094224924012158,0.118463897981361,0.118463897981361,0.0,0.078645620189358,0.9300911854103344,0.6565349544072948,0.4239662740390895,0.3208489782632666,41.1214953271028,24.922118380062305,57.009345794392516,67.601246105919,67.91277258566979,35.82554517133956,33.021806853582554,62.30529595015576,51.86915887850468,48.92523364485981
380598,2024,35,2597,4,4.790394257754088,2,2.9417879972606897,39,28,7,0,4,4.790394257754088,16.32327102124691,12.05175619572401,Santiago Comesaña,Villarreal,La_Liga,M S,M,True,28.7,8000000.0,1996-10-05,2025-06-30,santiago comesana,0.1386214863303812,0.1660128930295987,0.1660128930295987,0.0693107431651906,0.101948756162288,1.3515594917212168,0.9703504043126684,0.5656890226847215,0.4176580891856607,52.19941348973607,51.61290322580645,76.24633431085044,80.35190615835776,79.17888563049853,65.98240469208211,51.90615835777126,78.2991202346041,72.58064516129032,67.34604105571847
381753,2022,31,1581,0,0.2761705769225955,0,0.8603825625032187,6,8,3,0,0,0.2761705769225955,4.923180348239839,4.011659775860608,Ilia Gruev,Werder Bremen,Bundesliga,M S,M,True,23.1,3000000.0,2000-05-06,2023-06-30,ilia gruev,0.0,0.0157212852138099,0.0157212852138099,0.0,0.0489781344878492,0.3415559772296015,0.4554079696394687,0.2802569458201047,0.2283677291761257,22.0125786163522,10.062893081761008,27.9874213836478,44.65408805031446,11.0062893081761,6.60377358490566,16.037735849056602,36.32075471698113,8.80503144654088,20.966981132075468
381967,2023,17,1331,1,0.7531502321362495,3,1.4872490242123604,8,9,4,0,1,0.7531502321362495,4.319001622498035,3.1800113022327423,Albert Sambi Lokonga,Luton,EPL,M S,M,True,24.7,15000000.0,1999-10-22,2024-06-30,albert sambi lokonga,0.067618332081142,0.0509267625035781,0.0509267625035781,0.2028549962434259,0.1005652984065457,0.540946656649136,0.608564988730278,0.2920436859690632,0.2150270602561583,55.140186915887845,19.314641744548286,26.168224299065418,33.95638629283489,35.202492211838006,13.395638629283487,37.22741433021807,30.062305295950154,24.299065420560748,30.8411214953271
381967,2024,22,1482,0,0.7697582906112075,2,1.4027855917811394,13,19,4,0,0,0.7697582906112075,4.781468503177166,3.417637664824724,Albert Sambi Lokonga,Sevilla,La_Liga,M S,M,True,25.7,8000000.0,1999-10-22,2025-06-30,albert sambi lokonga,0.0,0.0467464548954174,0.0467464548954174,0.1214574898785425,0.0851894084077615,0.7894736842105263,1.1538461538461535,0.2903725811646052,0.2075488460419873,44.28152492668622,60.117302052785924,20.527859237536656,29.03225806451613,28.739002932551323,28.739002932551323,52.199413489736074,24.780058651026394,28.739002932551323,35.564516129032256
386455,2023,22,1116,2,2.646036193706095,3,2.760981880128384,34,13,1,0,2,2.646036193706095,7.369942061603069,3.5621309839189053,Riccardo Sottil,Fiorentina,Serie_A,M S,M,True,25.1,6000000.0,1999-06-03,2024-06-30,riccardo sottil,0.1612903225806451,0.2133900156214593,0.2133900156214593,0.2419354838709677,0.2226598290426116,2.7419354838709675,1.0483870967741935,0.594350166258312,0.2872686277353956,87.22741433021807,54.82866043613706,80.06230529595015,59.813084112149525,90.03115264797508,96.88473520249221,71.02803738317756,69.93769470404985,93.45794392523365,77.37538940809968
386455,2024,24,932,1,1.176107570528984,1,1.387419410049915,24,15,1,0,1,1.176107570528984,4.663248609751463,2.823948331177234,Riccardo Sottil,"AC Milan,Fiorentina",Serie_A,M S,M,True,26.1,5000000.0,1999-06-03,2025-06-30,riccardo sottil,0.0965665236051502,0.113572619471683,0.113572619471683,0.0965665236051502,0.1339782692108287,2.3175965665236054,1.448497854077253,0.4503137069502486,0.2726988731823509,64.22287390029325,73.60703812316716,56.30498533724341,45.16129032258064,64.80938416422288,93.841642228739,68.9149560117302,50.733137829912025,79.32551319648094,65.67448680351906
386552,2022,35,2922,3,1.100285050459206,3,1.870213680434972,17,20,12,0,3,1.100285050459206,7.79218075890094,5.591252405196428,Lassana Coulibaly,Salernitana,Serie_A,M S,M,True,27.2,5000000.0,1996-04-10,2023-06-30,lassana coulibaly,0.0924024640657084,0.0338896832790309,0.0338896832790309,0.0924024640657084,0.0576041174671962,0.5236139630390144,0.6160164271047228,0.2400055675226162,0.1722151664844896,28.30188679245283,22.0125786163522,18.553459119496853,24.21383647798742,21.69811320754717,15.09433962264151,25.157232704402517,21.38364779874214,18.39622641509434,21.80817610062893
386552,2023,28,2096,0,0.4365227520465851,1,0.973370311781764,13,11,5,0,0,0.4365227520465851,5.651856973767281,5.296831698156893,Lassana Coulibaly,Salernitana,Serie_A,M S,M,True,28.2,3500000.0,1996-04-10,2024-06-30,lassana coulibaly,0.0,0.0187438204600155,0.0187438204600155,0.0429389312977099,0.0417954809448276,0.558206106870229,0.4723282442748092,0.2426846983010759,0.227440292382691,18.38006230529595,9.657320872274143,15.887850467289718,37.38317757009346,10.59190031152648,14.018691588785046,14.018691588785046,26.635514018691588,12.305295950155763,17.92056074766355
386552,2024,38,2687,1,1.2990855276584623,0,1.0492202918976543,9,12,3,0,1,1.2990855276584623,7.347924545407295,5.172801356762648,Lassana Coulibaly,Lecce,Serie_A,M S,M,True,29.2,2500000.0,1996-04-10,2025-06-30,lassana coulibaly,0.0334946036471901,0.0435123548527211,0.0435123548527211,0.0,0.0351432178157011,0.3014514328247115,0.4019352437662821,0.2461158202778774,0.1732609311904124,12.903225806451612,8.211143695014663,12.903225806451612,20.527859237536656,24.926686217008797,4.69208211143695,10.557184750733137,16.715542521994134,14.809384164222873,13.988269794721404
387106,2022,32,1659,2,2.866222945973277,5,4.564499044790864,34,38,3,0,1,2.106127930805087,9.825070720165968,5.406812550500035,Lovro Majer,Rennes,Ligue_1,M S,M,True,25.4,20000000.0,1998-01-17,2023-06-30,lovro majer,0.1084990958408679,0.1554912990582247,0.114256488108775,0.2712477396021699,0.2476220096631572,1.844484629294756,2.061482820976492,0.5330056448552966,0.2933171365551556,93.71069182389937,92.76729559748428,79.55974842767296,64.15094339622641,69.81132075471697,86.16352201257862,93.23899371069183,71.85534591194968,77.9874213836478,81.17924528301887
387626,2024,24,1152,1,2.867841899394989,2,2.372280452400446,28,16,3,0,1,2.867841899394989,6.292120710015297,2.2766535691916943,Leon Bailey,Aston Villa,EPL,M S,M,True,27.9,28000000.0,1997-08-09,2025-06-30,leon bailey,0.078125,0.2240501483902335,0.2240501483902335,0.15625,0.1853344103437848,2.1875,1.25,0.491571930469945,0.1778635600931011,81.81818181818183,64.51612903225806,63.929618768328446,21.114369501466275,88.85630498533725,90.6158357771261,73.16715542521995,42.52199413489736,89.73607038123167,67.41202346041055
388125,2024,26,1757,0,0.3885128498077392,0,0.5273087993264198,8,4,5,1,0,0.3885128498077392,5.142895905300975,4.918737573549151,Stanko Juric,Real Valladolid,La_Liga,M S,M,True,28.9,1200000.0,1996-08-16,2025-06-30,stanko juric,0.0,0.019901056620772,0.019901056620772,0.0,0.0270106954691962,0.4097894137734775,0.2048947068867387,0.263438037266413,0.2519558233462855,7.038123167155426,0.8797653958944283,15.542521994134898,41.05571847507331,8.504398826979472,8.211143695014663,3.958944281524927,28.299120234604104,8.357771260997067,13.79765395894428
388409,2024,27,1397,1,1.2556910952553153,0,0.7185362754389644,18,13,2,0,1,1.2556910952553153,7.633903082460165,6.519067211076617,Philipp Sander,Borussia M.Gladbach,Bundesliga,M S,M,True,27.4,4000000.0,1998-02-21,2025-06-30,philipp sander,0.0644237652111667,0.0808963482984813,0.0808963482984813,0.0,0.0462908123045861,1.159627773801002,0.8375089477451682,0.4918047798292161,0.4199828554022158,18.7683284457478,42.22873900293255,64.22287390029325,80.93841642228739,49.266862170087975,53.0791788856305,30.498533724340177,72.58064516129032,51.17302052785924,51.429618768328446
390160,2022,15,962,1,0.6986130904406309,0,1.3112847432494164,14,12,3,1,1,0.6986130904406309,3.028219427913428,2.91070756316185,Salvatore Esposito,Spezia,Serie_A,M S,M,True,22.7,3300000.0,2000-10-07,2023-06-30,salvatore esposito,0.0935550935550935,0.0653588130349862,0.0653588130349862,0.0,0.1226773668320659,1.30977130977131,1.1226611226611227,0.2833053518837926,0.2723115183831253,65.09433962264151,56.91823899371069,28.930817610062892,58.80503144654088,45.59748427672956,65.72327044025157,61.0062893081761,43.867924528301884,55.660377358490564,53.404088050314456
392538,2024,21,1180,2,2.5043334010988474,2,1.3730711620301008,24,11,4,2,2,2.5043334010988474,5.308426357805729,3.1972428830340505,Tommaso Pobega,Bologna,Serie_A,M S,M,True,26.0,9000000.0,1999-07-15,2025-06-30,tommaso pobega,0.1525423728813559,0.1910084797448273,0.1910084797448273,0.1525423728813559,0.1047257665955161,1.830508474576271,0.8389830508474577,0.4048799764428098,0.2438575080280207,53.665689149560116,42.52199413489736,48.97360703812317,39.29618768328446,83.87096774193549,82.99120234604106,48.09384164222874,44.13489736070382,83.43108504398828,57.30938416422288
392765,2024,34,2101,6,5.261677466332912,3,2.434781737625599,37,24,3,0,6,5.261677466332912,12.505846868269144,6.85691377799958,Emile Smith-Rowe,Fulham,EPL,M S,M,True,24.9,30000000.0,2000-07-28,2025-06-30,emile smith rowe,0.2570204664445502,0.2253931327796106,0.2253931327796106,0.1285102332222751,0.1042981229825339,1.5849595430747263,1.028081865778201,0.5357097658944421,0.2937278629319191,52.785923753665685,55.42521994134897,73.02052785923753,52.785923753665685,89.14956011730204,75.65982404692082,54.10557184750733,62.90322580645161,82.40469208211144,65.67448680351906
392770,2022,36,2858,2,3.7860292261466384,6,2.8023471105843782,56,34,8,0,1,3.025934129022062,18.4569663964212,14.472377145662904,Angel Gomes,Lille,Ligue_1,M S,M,True,22.8,16000000.0,2000-08-31,2023-06-30,angel gomes,0.0629811056682995,0.1192241533776058,0.0952883385626261,0.1889433170048985,0.0882474597454842,1.7634709587123862,1.0706787963610918,0.5812200754646285,0.4557431571412391,46.22641509433962,53.77358490566038,85.22012578616352,90.25157232704403,60.691823899371066,83.9622641509434,50.0,87.73584905660377,72.32704402515724,69.90566037735849
392770,2023,31,2605,0,1.7343415468931198,8,7.537701047956943,35,48,5,0,0,1.7343415468931198,12.069569908082483,7.670033901929855,Angel Gomes,Lille,Ligue_1,M S,M,True,23.8,25000000.0,2000-08-31,2024-06-30,angel gomes,0.0,0.0599196695663649,0.0599196695663649,0.2763915547024952,0.2604196139409308,1.2092130518234163,1.6583493282149713,0.4169908989356712,0.2649915743469048,92.5233644859813,81.30841121495327,54.82866043613706,53.89408099688473,38.940809968847354,53.58255451713395,86.91588785046729,54.3613707165109,46.26168224299065,63.325545171339556
392959,2022,27,920,4,2.059443517588079,1,2.3543422631919384,24,17,1,0,4,2.059443517588079,4.2922855615615845,2.150717295706272,Andrea Colpani,Monza,Serie_A,M S,M,True,24.1,4000000.0,1999-05-11,2023-06-30,andrea colpani,0.391304347826087,0.2014673006336164,0.2014673006336164,0.0978260869565217,0.2303160909644287,2.347826086956521,1.6630434782608696,0.4198975005875462,0.210396257188657,92.45283018867924,83.9622641509434,57.861635220125784,36.477987421383645,90.88050314465409,95.59748427672956,88.20754716981132,47.16981132075472,93.23899371069183,75.35377358490567
392959,2024,25,1469,2,3.3541502580046654,1,1.1401456985622644,36,17,1,0,2,3.3541502580046654,7.350004870444536,3.4852827321738005,Andrea Colpani,Fiorentina,Serie_A,M S,M,True,26.1,9500000.0,1999-05-11,2025-06-30,andrea colpani,0.1225323349217154,0.2054959313957929,0.2054959313957929,0.0612661674608577,0.0698523572978923,2.2055820285908783,1.0415248468345812,0.4503066292307748,0.2135299155177958,33.43108504398827,56.01173020527859,56.01173020527859,31.964809384164223,86.21700879765396,90.9090909090909,44.72140762463343,43.988269794721404,88.56304985337243,57.61730205278592
393621,2023,25,1791,0,1.3544314978644252,0,1.5766075644642117,16,18,7,0,0,1.3544314978644252,5.938078632578254,4.403514040634036,Douglas Augusto,Nantes,Ligue_1,M S,M,True,27.5,6000000.0,1997-01-13,2024-06-30,douglas augusto,0.0,0.0680618843147952,0.0680618843147952,0.0,0.079226510777096,0.8040201005025126,0.9045226130653268,0.2983959111848369,0.2212821125946751,41.74454828660436,44.23676012461059,27.725856697819314,35.51401869158878,44.23676012461059,29.906542056074763,42.99065420560748,31.61993769470405,37.07165109034268,37.23520249221184
393621,2024,28,2336,4,4.262156402692199,2,1.7073585921898484,36,14,8,0,4,4.262156402692199,10.406336123123763,6.2770048305392265,Douglas Augusto,Nantes,Ligue_1,M,M,True,28.5,6000000.0,1997-01-13,2025-06-30,douglas augusto,0.1541095890410959,0.1642097929119425,0.1642097929119425,0.0770547945205479,0.0657800827470403,1.386986301369863,0.5393835616438356,0.4009290458395285,0.2418366587108435,30.498533724340177,16.422287390029325,48.38709677419355,38.41642228739003,78.59237536656892,66.86217008797654,23.46041055718475,43.40175953079179,72.72727272727272,45.219941348973606
394300,2022,36,2930,7,7.41614169627428,0,1.8945508040487768,64,29,4,0,7,7.41614169627428,12.5463175624609,4.618593320250511,Davide Frattesi,Sassuolo,Serie_A,M S,M,True,23.8,25000000.0,1999-09-22,2023-06-30,davide frattesi,0.2150170648464163,0.2277995742882884,0.2277995742882884,0.0,0.0581943932984265,1.9658703071672357,0.8907849829351535,0.3853817681301983,0.1418680542056471,28.61635220125786,42.45283018867924,52.51572327044025,13.836477987421384,93.39622641509435,88.9937106918239,35.534591194968556,33.17610062893082,91.19496855345912,51.40723270440252
394300,2024,28,1194,5,5.315815009176731,1,1.0950888358056543,28,7,1,0,5,5.315815009176731,8.426437519490719,2.8256054520606995,Davide Frattesi,Inter,Serie_A,M S,M,True,25.8,35000000.0,1999-09-22,2025-06-30,davide frattesi,0.3768844221105527,0.4006895735560349,0.4006895735560349,0.0753768844221105,0.0825443846084664,2.1105527638190957,0.5276381909547738,0.6351586069967878,0.2129853355824648,41.348973607038126,15.542521994134898,83.28445747800586,31.378299120234605,98.53372434017595,89.14956011730204,28.44574780058651,57.33137829912023,93.841642228739,58.17448680351906
394327,2022,24,1790,0,0.0835402803495526,1,0.6932991156354547,4,7,4,0,0,0.0835402803495526,4.049316678196192,3.758611302822828,Boubacar Kamara,Aston Villa,EPL,M S,M,True,23.6,30000000.0,1999-11-23,2023-06-30,boubacar kamara,0.0,0.0042003492913182,0.0042003492913182,0.0502793296089385,0.0348586147526206,0.2011173184357541,0.3519553072625698,0.2035969279539984,0.1889804565665109,12.578616352201259,5.031446540880504,10.062893081761008,30.18867924528302,1.5723270440251573,1.8867924528301887,8.80503144654088,20.125786163522015,1.729559748427673,10.644654088050313
394327,2023,20,1686,0,0.1435272945091128,1,1.0960499802604318,5,20,7,1,0,0.1435272945091128,9.230381686240436,8.439194424077868,Boubacar Kamara,Aston Villa,EPL,M,M,True,24.6,38000000.0,1999-11-23,2024-06-30,boubacar kamara,0.0,0.0076615993510202,0.0076615993510202,0.0533807829181494,0.0585080060637241,0.2669039145907473,1.0676156583629892,0.4927250010448631,0.4504908055557581,30.8411214953271,56.074766355140184,69.78193146417445,83.8006230529595,1.557632398753894,2.803738317757009,43.45794392523364,76.79127725856696,2.1806853582554515,42.74143302180684
394694,2023,35,2536,0,0.914044759236276,4,1.7954023014754057,13,12,8,0,0,0.914044759236276,8.087164682336152,6.460835027508438,Sergio Ruiz,Granada,La_Liga,M S,M,True,29.5,2000000.0,1994-12-16,2024-06-30,sergio ruiz,0.0,0.0324384969760508,0.0324384969760508,0.1419558359621451,0.0637169586485751,0.4613564668769716,0.4258675078864353,0.287005055761141,0.2292883093358672,33.95638629283489,7.165109034267912,25.233644859813083,38.006230529595015,20.87227414330218,9.345794392523365,20.560747663551403,31.61993769470405,15.109034267912772,22.79595015576324
395236,2023,24,1435,1,0.1724660396575927,2,1.649123763665557,4,22,3,0,1,0.1724660396575927,8.18585869949311,7.408783662132919,Yacine Adli,AC Milan,Serie_A,M S,M,True,23.9,15000000.0,2000-07-29,2024-06-30,yacine adli,0.0627177700348432,0.010816685414065,0.010816685414065,0.1254355400696864,0.1034293649685715,0.2508710801393728,1.3797909407665503,0.5133988034525295,0.4646623899595559,56.38629283489096,72.89719626168224,72.89719626168224,84.73520249221184,4.361370716510903,2.1806853582554515,64.6417445482866,78.81619937694704,3.2710280373831773,51.19158878504672
395236,2024,26,1246,4,0.90202596783638,6,3.4848021315410733,14,23,1,1,4,0.90202596783638,6.728238292038441,4.386798335239291,Yacine Adli,Fiorentina,Serie_A,M S,M,True,24.9,11000000.0,2000-07-29,2025-06-30,yacine adli,0.2889245585874799,0.0651543636478926,0.0651543636478926,0.4333868378812199,0.2517112294050534,1.0112359550561798,1.6613162118780098,0.4859883196496466,0.316863443155326,91.78885630498533,80.05865102639295,62.4633431085044,61.29032258064516,41.05571847507331,43.6950146627566,85.92375366568913,61.87683284457478,42.375366568914956,64.44281524926686
395237,2022,36,2786,4,3.322642717510462,7,5.514702761545777,26,59,2,0,4,3.322642717510462,19.77249785233289,13.964762263000011,Maxence Caqueret,Lyon,Ligue_1,M S,M,True,23.4,25000000.0,2000-02-15,2023-06-30,maxence caqueret,0.1292175161521895,0.1073359097544657,0.1073359097544657,0.2261306532663316,0.1781490482911414,0.8399138549892319,1.9059583632447956,0.6387382651507394,0.4511229733201726,86.16352201257862,88.67924528301887,89.30817610062893,89.937106918239,66.66666666666666,32.38993710691824,87.42138364779875,89.62264150943396,49.52830188679245,76.82389937106917
395237,2023,34,3033,1,2.33883365476504,3,6.2454175893217325,24,56,1,0,1,2.33883365476504,17.27113639935851,11.142841279506683,Maxence Caqueret,Lyon,Ligue_1,M,M,True,24.4,20000000.0,2000-02-15,2024-06-30,maxence caqueret,0.029673590504451,0.0694015921295264,0.0694015921295264,0.0890207715133531,0.1853239640748288,0.7121661721068249,1.6617210682492582,0.5124966290610834,0.3306481091841746,81.30841121495327,81.61993769470405,72.58566978193146,70.40498442367601,45.17133956386293,22.741433021806852,81.46417445482865,71.49532710280374,33.95638629283489,63.7227414330218
395237,2024,18,1110,2,0.7744915895164013,3,2.1084248200058937,8,19,4,0,2,0.7744915895164013,5.449922807514668,3.510226085782051,Maxence Caqueret,Como,Serie_A,M S,M,True,25.4,16000000.0,2000-02-15,2025-06-30,maxence caqueret,0.1621621621621621,0.0627966153661947,0.0627966153661947,0.2432432432432432,0.1709533637842616,0.6486486486486487,1.5405405405405403,0.4418856330417298,0.2846129258742204,78.00586510263929,75.65982404692082,54.252199413489734,49.56011730205279,39.589442815249264,19.941348973607038,76.83284457478005,51.90615835777126,29.765395894428153,53.9882697947214
395695,2024,28,2384,1,0.4561059325933456,3,0.921045613475144,7,14,7,0,1,0.4561059325933456,5.172322070226073,3.932241784408689,Elisha Owusu,Auxerre,Ligue_1,M,M,True,27.6,3000000.0,1997-11-07,2025-06-30,elisha owusu,0.0377516778523489,0.0172187642338091,0.0172187642338091,0.1132550335570469,0.0347710172872327,0.2642617449664429,0.5285234899328859,0.1952638365437695,0.1484487250825427,12.609970674486803,15.835777126099707,4.69208211143695,12.023460410557185,7.038123167155426,2.932551319648094,14.222873900293255,8.357771260997067,4.98533724340176,9.39882697947214
397033,2022,34,2720,2,2.344867580570281,7,6.739804450422525,32,62,7,0,2,2.344867580570281,15.118916081264617,10.164697060361505,Sandro Tonali,AC Milan,Serie_A,M S,M,True,23.1,50000000.0,2000-05-08,2023-06-30,sandro tonali,0.0661764705882353,0.0775875302394578,0.0775875302394578,0.2316176470588235,0.2230082354919217,1.0588235294117647,2.051470588235294,0.5002582526889028,0.3363318880266674,91.19496855345912,92.45283018867924,74.52830188679245,72.32704402515722,52.20125786163522,48.742138364779876,91.82389937106919,73.42767295597483,50.47169811320755,72.97955974842768
397033,2024,36,2619,4,4.238380494527519,2,2.1789364712312818,35,28,5,0,4,4.238380494527519,15.48093932121992,11.201060734689236,Sandro Tonali,Newcastle United,EPL,M S,M,True,25.1,60000000.0,2000-05-08,2025-06-30,sandro tonali,0.1374570446735395,0.1456488142449319,0.1456488142449319,0.0687285223367697,0.0748775419667107,1.2027491408934707,0.9621993127147764,0.5319910419663202,0.3849161764498019,36.070381231671554,50.146627565982406,72.43401759530792,76.24633431085044,74.48680351906158,56.598240469208214,43.10850439882698,74.34017595307918,65.5425219941349,60.76979472140763
398808,2023,15,1079,0,0.0897515546530485,0,0.2959393579512834,3,9,0,0,0,0.0897515546530485,1.571519217453897,1.2555691627785563,Martin Hongla,Verona,Serie_A,M S,M,True,26.3,2500000.0,1998-03-16,2024-06-30,martin hongla,0.0,0.0074862279135999,0.0074862279135999,0.0,0.024684469152563,0.2502316960148285,0.7506950880444857,0.1310813063677949,0.1047277336886655,6.230529595015576,33.021806853582554,1.2461059190031152,4.049844236760125,1.2461059190031152,1.8691588785046727,19.626168224299064,2.64797507788162,1.5576323987538938,8.263239875389408
399434,2024,29,1930,3,6.411486806347966,5,5.201899139210582,57,43,6,0,3,6.411486806347966,16.51350423321128,8.325464472174644,Marcus Tavernier,Bournemouth,EPL,M S,M,True,26.3,18000000.0,1999-03-22,2025-06-30,marcus tavernier,0.1398963730569948,0.2989812500369518,0.2989812500369518,0.233160621761658,0.2425756075279546,2.6580310880829017,2.005181347150259,0.7700597828958629,0.3882340945573668,90.32258064516128,90.32258064516128,92.66862170087975,77.12609970674487,95.60117302052787,96.7741935483871,90.32258064516128,84.89736070381231,96.18768328445748,90.183284457478
401173,2024,31,1760,3,2.4174315705895424,4,4.314331844449043,24,39,2,0,3,2.4174315705895424,10.85904686525464,5.599680565297604,Jadon Sancho,Chelsea,EPL,M S,M,True,25.3,28000000.0,2000-03-25,2025-06-30,jadon sancho,0.1534090909090909,0.1236186598596925,0.1236186598596925,0.2045454545454545,0.2206192420456897,1.2272727272727273,1.9943181818181817,0.555292169245976,0.2863473016345366,88.26979472140762,89.73607038123167,74.48680351906158,50.733137829912025,68.32844574780059,58.35777126099707,89.00293255131965,62.6099706744868,63.34310850439883,72.0674486803519
401356,2023,31,2405,1,1.2118008164688945,1,0.5929595055058599,17,12,11,0,1,1.2118008164688945,6.416552271693945,5.055172272026539,Edson Álvarez,West Ham,EPL,M S,M,True,26.7,35000000.0,1997-10-24,2024-06-30,edson alvarez,0.0374220374220374,0.0453480555019544,0.0453480555019544,0.0374220374220374,0.022189752804793,0.6361746361746362,0.4490644490644491,0.24012045923179,0.189174845938623,4.984423676012461,8.09968847352025,15.264797507788161,26.168224299065418,28.66043613707165,19.314641744548286,6.542056074766355,20.71651090342679,23.98753894080997,16.73676012461059
401578,2022,25,1665,4,2.7983853723853827,2,1.506558766588569,20,15,4,0,1,0.5250557949766517,10.362398341298103,9.40145754814148,Exequiel Palacios,Bayer Leverkusen,Bundesliga,M S,M,True,24.7,22000000.0,1998-10-05,2023-06-30,exequiel palacios,0.2162162162162162,0.1512640741829936,0.0283813943230622,0.1081081081081081,0.0814356090047875,1.0810810810810811,0.8108108108108109,0.5601296400701677,0.508186894494134,41.82389937106918,38.05031446540881,82.38993710691824,92.45283018867924,18.553459119496853,49.37106918238994,39.937106918238996,87.42138364779873,33.9622641509434,54.764150943396224
401578,2023,24,1858,4,3.4670117869973183,4,3.0578365633264184,21,26,6,0,2,1.951458401978016,17.10044719092548,13.883696779608728,Exequiel Palacios,Bayer Leverkusen,Bundesliga,M S,M,True,25.7,45000000.0,1998-10-05,2024-06-30,exequiel palacios,0.193756727664155,0.1679392146554137,0.0945270485349953,0.193756727664155,0.1481191015604831,1.017222820236814,1.2594187298170074,0.8283316723268531,0.6725149139745886,71.02803738317756,65.42056074766354,93.45794392523365,96.26168224299066,57.943925233644855,40.18691588785047,68.22429906542055,94.85981308411215,49.06542056074766,71.79906542056074
401578,2024,24,1134,1,1.3166885189712048,6,2.3877435363829136,13,28,2,0,1,1.3166885189712048,7.412650372833013,4.945953451097012,Exequiel Palacios,Bayer Leverkusen,Bundesliga,M S,M,True,26.7,40000000.0,1998-10-05,2025-06-30,exequiel palacios,0.0793650793650793,0.1044990888072384,0.1044990888072384,0.4761904761904761,0.1895034552684852,1.0317460317460316,2.2222222222222223,0.5883055851454772,0.3925359881823025,83.28445747800586,95.01466275659824,78.59237536656892,78.00586510263929,61.87683284457478,45.16129032258064,89.14956011730206,78.2991202346041,53.51906158357771,74.66275659824046
402008,2022,31,1418,2,2.706375576555729,1,1.3238185830414295,19,12,7,0,2,2.706375576555729,7.044573534280062,5.077068915590644,Amadou Haidara,RasenBallsport Leipzig,Bundesliga,M S,M,True,25.4,17000000.0,1998-01-31,2023-06-30,amadou haidara,0.1269393511988716,0.1717727798942282,0.1717727798942282,0.0634696755994358,0.0840223360181443,1.2059238363892806,0.7616361071932299,0.4471167969571266,0.3222399170685176,43.39622641509434,32.70440251572327,63.83647798742138,68.86792452830188,86.47798742138365,59.43396226415094,38.0503144654088,66.35220125786164,72.95597484276729,58.427672955974835
402008,2023,21,1582,2,0.9922775700688362,1,1.6235595028847456,21,17,5,0,2,0.9922775700688362,12.830584708601236,10.555549938231708,Amadou Haidara,RasenBallsport Leipzig,Bundesliga,M S,M,True,26.4,20000000.0,1998-01-31,2024-06-30,amadou haidara,0.11378002528445,0.0564506835058124,0.0564506835058124,0.056890012642225,0.0923643206445177,1.1946902654867255,0.9671302149178256,0.7299321262794635,0.6005053694316395,51.09034267912772,48.90965732087228,87.22741433021807,93.45794392523365,37.69470404984423,51.71339563862928,50.0,90.34267912772586,44.704049844236756,62.53115264797508
402008,2024,28,1321,0,1.6384502304717898,1,0.928176186978817,18,5,7,0,0,1.6384502304717898,6.831356715410948,5.516967276111245,Amadou Haidara,RasenBallsport Leipzig,Bundesliga,M S,M,True,27.4,16000000.0,1998-01-31,2025-06-30,amadou haidara,0.0,0.1116279490858903,0.1116279490858903,0.0681302043906131,0.0632368333293667,1.2263436790310371,0.3406510219530658,0.4654217292861357,0.3758721081377835,29.32551319648094,5.571847507331378,58.94428152492669,74.19354838709677,64.22287390029325,58.06451612903226,17.44868035190616,66.56891495601172,61.143695014662754,47.74926686217008
405687,2022,32,2562,2,2.0188082177191973,0,0.9653695691376925,25,12,8,0,2,2.0188082177191973,6.291782749816775,4.340799113735557,Tom Krauß,Schalke 04,Bundesliga,M S,M,True,22.0,7000000.0,2001-06-22,2023-06-30,tom krauss,0.0702576112412178,0.0709183214655455,0.0709183214655455,0.0,0.0339122799462889,0.8782201405152226,0.4215456674473068,0.2210228132254136,0.1524870883045277,11.949685534591195,7.547169811320755,11.949685534591195,16.352201257861633,48.742138364779876,33.0188679245283,9.748427672955975,14.150943396226413,40.880503144654085,20.628930817610062
405687,2023,29,1320,1,0.5937967412173748,2,0.6373225171118975,17,8,5,0,1,0.5937967412173748,3.8558023143559694,3.005203675478697,Tom Krauß,Mainz 05,Bundesliga,M S,M,True,23.0,4000000.0,2001-06-22,2024-06-30,tom krauss,0.0681818181818181,0.0404861414466391,0.0404861414466391,0.1363636363636363,0.0434538079849021,1.1590909090909092,0.5454545454545454,0.2628956123424524,0.2049002506008202,19.003115264797508,14.018691588785046,19.314641744548286,30.529595015576323,26.791277258566975,49.22118380062305,16.510903426791277,24.922118380062305,38.006230529595015,25.90342679127726
405687,2024,13,1003,0,0.3642132692039013,0,0.8930504964664578,11,12,2,0,0,0.3642132692039013,3.5684762112796307,2.6481395289301872,Tom Krauß,Bochum,Bundesliga,M S,M,True,24.0,4000000.0,2001-06-22,2025-06-30,tom krauss,0.0,0.032681150776023,0.032681150776023,0.0,0.0801341422552155,0.9870388833499502,1.0767696909272184,0.3202022522583916,0.2376196985081922,40.17595307917888,57.478005865102645,27.27272727272727,36.950146627565985,17.008797653958943,41.935483870967744,48.82697947214076,32.111436950146626,29.472140762463344,37.17008797653959
406634,2024,21,934,2,3.061050277203321,2,2.4148010704666376,22,21,1,0,1,2.299881439656019,6.484979265369475,2.8589688697829843,Matt O&#039;Riley,Brighton,EPL,M S,M,True,24.6,22000000.0,2000-11-21,2025-06-30,matt oriley,0.1927194860813704,0.2949620181459303,0.2216159845492952,0.1927194860813704,0.2326896106445368,2.119914346895075,2.02355460385439,0.6248909356351743,0.2754895056536066,89.14956011730204,90.6158357771261,82.40469208211144,46.33431085043988,88.56304985337243,89.44281524926686,89.88269794721407,64.36950146627566,89.00293255131965,80.6891495601173
406638,2022,23,1510,1,0.2079088976606726,0,0.542324174195528,7,10,7,0,1,0.2079088976606726,5.209485713392496,4.576617915183306,Oliver Skipp,Tottenham,EPL,M S,M,True,22.8,15000000.0,2000-09-16,2023-06-30,oliver skipp,0.0596026490066225,0.0123919210526228,0.0123919210526228,0.0,0.0323239574023824,0.4172185430463576,0.5960264900662252,0.3104991484803474,0.272778551236091,10.69182389937107,19.18238993710692,36.79245283018868,59.11949685534591,7.861635220125786,10.377358490566039,14.937106918238994,47.95597484276729,9.119496855345911,24.748427672955973
406638,2024,24,1095,0,0.2431342415511608,0,0.3397108828648925,5,9,8,0,0,0.2431342415511608,2.2539359983056784,1.7920793881639838,Oliver Skipp,Leicester,EPL,M S,M,True,24.8,10000000.0,2000-09-16,2025-06-30,oliver skipp,0.0,0.0199836362918762,0.0199836362918762,0.0,0.0279214424272514,0.410958904109589,0.7397260273972602,0.1852550135593708,0.1472941962874507,7.9178885630498534,33.724340175953074,2.6392961876832843,11.436950146627565,8.797653958944283,8.504398826979472,20.821114369501466,7.038123167155424,8.651026392961878,12.346041055718475
406640,2022,30,1824,3,3.1746669095009565,5,3.009401008486748,37,20,3,0,3,3.1746669095009565,8.86590768583119,5.571464359760284,Felix Nmecha,Wolfsburg,Bundesliga,M S,M,True,22.7,15000000.0,2000-10-10,2023-06-30,felix nmecha,0.1480263157894736,0.1566447488240603,0.1566447488240603,0.2467105263157894,0.1484901813398066,1.8256578947368425,0.986842105263158,0.4374625502877231,0.2749077809092246,74.21383647798741,49.056603773584904,61.63522012578616,59.74842767295597,82.0754716981132,85.53459119496856,61.63522012578616,60.691823899371066,83.80503144654088,67.95597484276729
406640,2023,20,1004,1,2.3005349542945623,2,0.7578889355063438,23,13,3,0,1,2.3005349542945623,6.008954947814345,3.727810999378562,Felix Nmecha,Borussia Dortmund,Bundesliga,M S,M,True,23.7,20000000.0,2000-10-10,2024-06-30,felix nmecha,0.0896414342629482,0.2062232528750106,0.2062232528750106,0.1792828685258964,0.0679382511908077,2.0617529880478087,1.1653386454183268,0.538651339943517,0.3341663246454886,35.51401869158878,60.43613707165109,76.32398753894081,71.02803738317756,88.78504672897196,87.22741433021807,47.97507788161994,73.67601246105919,88.00623052959502,68.9797507788162
406640,2024,26,1519,4,1.0889532221481204,1,1.5874149296432734,18,14,3,0,4,1.0889532221481204,8.52881558611989,7.484039213508367,Felix Nmecha,Borussia Dortmund,Bundesliga,M S,M,True,24.7,28000000.0,2000-10-10,2025-06-30,felix nmecha,0.2369980250164582,0.0645199407461032,0.0645199407461032,0.0592495062541145,0.0940535508017739,1.066491112574062,0.8294930875576036,0.5053281124100001,0.4434256281868025,47.50733137829912,41.05571847507331,67.15542521994135,85.33724340175954,40.76246334310851,47.214076246334315,44.28152492668622,76.24633431085044,43.98826979472141,55.381231671554254
409153,2023,28,2143,6,3.2207208909094334,3,3.952919630333781,44,43,7,0,5,2.4606257379055023,9.891975186765194,7.325576866045594,Teddy Teuma,Reims,Ligue_1,M S,M,True,30.7,7000000.0,1993-09-30,2024-06-30,teddy teuma,0.2519832011199253,0.1352612600008628,0.1033393916992511,0.1259916005599626,0.166011557036883,1.8478768082127857,1.805879608026132,0.4154352621599941,0.3076537181260398,77.57009345794393,85.35825545171339,54.51713395638629,64.797507788162,61.37071651090342,81.61993769470405,81.46417445482865,59.65732087227414,71.49532710280374,70.8411214953271
410425,2022,23,988,0,0.1294596353545785,0,0.4400514382869005,6,8,6,0,0,0.1294596353545785,4.439508566632867,4.140980340540409,Yves Bissouma,Tottenham,EPL,M S,M,True,26.8,18000000.0,1996-08-30,2023-06-30,yves bissouma,0.0,0.0117928817630688,0.0117928817630688,0.0,0.0400856573338269,0.5465587044534413,0.728744939271255,0.4044086750981356,0.3772148083488227,16.352201257861633,29.559748427672954,55.0314465408805,76.72955974842768,7.547169811320755,16.037735849056602,22.955974842767294,65.88050314465409,11.79245283018868,34.630503144654085
410425,2023,28,2120,0,1.1663736272603271,0,0.4049058575183153,24,10,8,2,0,1.1663736272603271,11.2580073364079,10.58978133648634,Yves Bissouma,Tottenham,EPL,M S,M,True,27.8,35000000.0,1996-08-30,2024-06-30,yves bissouma,0.0,0.0495158615346365,0.0495158615346365,0.0,0.0171893996116265,1.018867924528302,0.4245283018867924,0.4779342737154297,0.4495661888130993,3.115264797507788,6.853582554517133,67.601246105919,83.48909657320873,33.021806853582554,40.49844236760124,4.984423676012461,75.54517133956386,36.7601246105919,39.21339563862928
410425,2024,28,1404,2,0.4450572794303298,0,0.292962247505784,11,6,7,0,2,0.4450572794303298,5.60918369051069,5.173720224760473,Yves Bissouma,Tottenham,EPL,M S,M,True,28.8,25000000.0,1996-08-30,2025-06-30,yves bissouma,0.1282051282051282,0.0285293127839954,0.0285293127839954,0.0,0.0187796312503707,0.7051282051282052,0.3846153846153846,0.3595630570840186,0.3316487323564405,4.105571847507331,7.331378299120235,39.002932551319645,66.27565982404691,13.196480938416421,24.04692082111437,5.718475073313783,52.63929618768328,18.621700879765395,26.01173020527859
412045,2024,30,2015,0,0.1622262680903077,1,1.0035563968122003,8,18,11,0,0,0.1622262680903077,4.491670474410057,3.831235613673925,Pol Lozano,Espanyol,La_Liga,M S,M,True,25.7,5000000.0,1999-10-06,2025-06-30,pol lozano,0.0,0.0072458382769864,0.0072458382769864,0.0446650124069478,0.0448238589146888,0.3573200992555831,0.8039702233250621,0.2006205174674467,0.1711221862186865,18.181818181818183,39.589442815249264,5.865102639296188,19.941348973607038,1.466275659824047,5.865102639296188,28.885630498533722,12.903225806451612,3.6656891495601176,15.7258064516129
413112,2022,33,2119,0,1.8135417830199003,4,2.2470023315399885,38,22,2,0,0,1.8135417830199003,16.806700598448515,15.325574142858386,Aurelien Tchouameni,Real Madrid,La_Liga,M S,M,True,23.4,85000000.0,2000-01-27,2023-06-30,aurelien tchouameni,0.0,0.0770263145218456,0.0770263145218456,0.1698914582350165,0.0954366256907026,1.6139688532326568,0.9344030202925908,0.7138287181974358,0.6509210348547686,50.62893081761006,44.0251572327044,92.76729559748428,98.74213836477988,51.886792452830186,78.9308176100629,47.327044025157235,95.75471698113208,65.40880503144655,69.70125786163521
414908,2024,33,2773,6,8.626677747815847,3,3.570738360285759,54,28,5,0,6,8.626677747815847,14.203629340976477,3.3349140491336584,Marshall Munetsi,Reims,Ligue_1,M,M,True,29.0,15000000.0,1996-06-22,2025-06-30,marshall munetsi,0.1947349441038586,0.2799859348371533,0.2799859348371533,0.0973674720519293,0.1158912558332918,1.752614496934728,0.9087630724846736,0.46099049429783,0.1082373834915359,56.598240469208214,47.80058651026393,57.77126099706745,3.812316715542522,94.13489736070382,80.05865102639295,52.199413489736074,30.791788856304986,87.09677419354838,55.17595307917888
417346,2023,29,2229,3,4.149862082675099,3,4.3471535332500935,34,27,1,0,3,4.149862082675099,8.462419219315052,2.3600274678319693,Jack Harrison,Everton,EPL,M S,M,True,27.6,18000000.0,1996-11-20,2024-06-30,jack harrison,0.1211305518169582,0.1675583613462355,0.1675583613462355,0.1211305518169582,0.1755243687718745,1.372812920592194,1.0901749663526246,0.3416858365806885,0.0952904764938884,79.43925233644859,57.009345794392516,38.006230529595015,3.115264797507788,81.30841121495327,65.10903426791276,68.22429906542055,20.560747663551403,73.20872274143301,53.037383177570085
418571,2023,28,1234,1,0.6631547901779413,0,0.6085196658968925,16,15,4,0,1,0.6631547901779413,3.90921900421381,2.836152932606637,Hamza Rafia,Lecce,Serie_A,M S,M,True,25.2,1700000.0,1999-04-02,2024-06-30,hamza rafia,0.072933549432739,0.0483662326710005,0.0483662326710005,0.0,0.0443814991334848,1.1669367909238249,1.094003241491086,0.2851132174872308,0.206850700109074,19.937694704049843,57.476635514018696,24.299065420560748,31.464174454828658,32.087227414330215,49.68847352024922,38.70716510903427,27.8816199376947,40.88785046728972,35.572429906542055
418571,2024,18,1083,0,0.4039858905598521,0,1.1233587395399809,10,16,4,0,0,0.4039858905598521,3.56144916638732,2.3710656855255365,Hamza Rafia,Lecce,Serie_A,M S,M,True,26.2,,1999-04-02,2025-06-30,hamza rafia,0.0,0.0335722346725638,0.0335722346725638,0.0,0.0933539118731286,0.8310249307479225,1.329639889196676,0.2959653046859268,0.1970414697112634,47.214076246334315,68.32844574780059,22.87390029325513,26.68621700879765,19.35483870967742,31.964809384164223,57.77126099706745,24.78005865102639,25.65982404692082,36.590909090909086
421637,2023,26,1124,1,2.0069142188876867,2,1.8476180955767632,22,12,8,0,1,2.0069142188876867,6.113463159650564,2.3846182618290186,Frank Onyeka,Brentford,EPL,M S,M,True,26.5,9000000.0,1998-01-01,2024-06-30,frank onyeka,0.0800711743772241,0.1606959783806866,0.1606959783806866,0.1601423487544483,0.1479409507134418,1.7615658362989324,0.9608540925266904,0.4895121747051163,0.1909391846660246,70.7165109034268,48.28660436137071,69.1588785046729,26.791277258566975,79.12772585669782,80.06230529595015,59.50155763239876,47.97507788161994,79.59501557632399,61.49532710280374
421637,2024,31,2627,0,1.68868612870574,1,1.5073444563895464,24,19,8,0,0,1.68868612870574,8.303025526925921,5.712598657235503,Frank Onyeka,Augsburg,Bundesliga,M S,M,True,27.5,7000000.0,1998-01-01,2025-06-30,frank onyeka,0.0,0.0578537310938395,0.0578537310938395,0.0342596117244004,0.0516410358108333,0.822230681385611,0.6509326227636087,0.2844584306902675,0.1957114119342197,21.114369501466275,26.68621700879765,18.7683284457478,25.806451612903224,35.483870967741936,31.085043988269796,23.900293255131963,22.287390029325515,33.28445747800586,26.151026392961874
423440,2022,36,3111,1,2.1527466010302305,3,2.5357956681400537,13,20,12,0,1,2.1527466010302305,12.739665783941746,10.548374282196164,Martín Zubimendi,Real Sociedad,La_Liga,M S,M,True,24.4,40000000.0,1999-02-02,2023-06-30,martin zubimendi,0.0289296046287367,0.0622781080336614,0.0622781080336614,0.0867888138862102,0.073359566098555,0.3760848601735776,0.5785920925747349,0.3685534942316802,0.3051602974598698,38.05031446540881,17.92452830188679,49.685534591194966,66.98113207547169,43.710691823899374,8.176100628930817,27.9874213836478,58.33333333333333,25.943396226415096,37.99528301886792
423440,2023,31,2647,4,2.6000347044318914,1,1.4402537755668163,22,16,5,0,4,2.6000347044318914,9.632920825853944,7.485700702294707,Martín Zubimendi,Real Sociedad,La_Liga,M S,M,True,25.4,50000000.0,1999-02-02,2024-06-30,martin zubimendi,0.1360030222893842,0.0884031444650057,0.0884031444650057,0.034000755572346,0.0489697165851958,0.7480166225916132,0.5440120891575368,0.3275265864476218,0.2545194798664615,24.922118380062305,13.707165109034266,35.202492211838006,49.22118380062305,54.82866043613706,25.85669781931464,19.314641744548286,42.21183800623053,40.34267912772585,33.63707165109034
423440,2024,36,2966,2,3.922204528003931,1,1.213069198653102,24,19,6,0,2,3.922204528003931,13.16597349382937,9.92495701648295,Martín Zubimendi,Real Sociedad,La_Liga,M S,M,True,26.4,60000000.0,1999-02-02,2025-06-30,martin zubimendi,0.0606877950101146,0.1190149721916229,0.1190149721916229,0.0303438975050573,0.0368092474304717,0.7282535401213757,0.576534052596089,0.3995069502510597,0.3011618784502581,14.66275659824047,19.941348973607038,48.09384164222874,56.01173020527859,67.15542521994135,24.926686217008797,17.302052785923756,52.05278592375366,46.04105571847507,38.08651026392962
423444,2022,36,2867,0,0.619591386988759,2,1.6969859739765525,25,24,3,0,0,0.619591386988759,8.659702401608229,7.899770747870207,Fran Beltrán,Celta Vigo,La_Liga,M S,M,True,24.4,15000000.0,1999-02-03,2023-06-30,fran beltran,0.0,0.0194500261001005,0.0194500261001005,0.0627833972793861,0.0532712722908579,0.7847924659923265,0.7534007673526334,0.2718427681007117,0.2479872226398042,24.21383647798742,31.132075471698112,25.157232704402517,52.20125786163522,12.89308176100629,30.50314465408805,27.672955974842765,38.67924528301887,21.69811320754717,29.732704402515722
423444,2023,33,2463,0,0.6912616118788719,0,1.1813373565673828,21,18,2,0,0,0.6912616118788719,12.35244132578373,11.672832887619734,Fran Beltrán,Celta Vigo,La_Liga,M S,M,True,25.4,6000000.0,1999-02-03,2024-06-30,fran beltran,0.0,0.025259255001664,0.025259255001664,0.0,0.0431670166833392,0.7673568818514007,0.6577344701583434,0.4513681361431326,0.4265346974769696,18.69158878504673,25.233644859813083,63.2398753894081,81.93146417445483,15.264797507788161,27.41433021806853,21.962616822429908,72.58566978193147,21.339563862928348,39.493769470404985
423444,2024,34,2443,2,0.895150656811893,1,2.1079451413825154,23,15,3,0,2,0.895150656811893,12.19867887813598,10.053263377398252,Fran Beltrán,Celta Vigo,La_Liga,M S,M,True,26.4,8000000.0,1999-02-03,2025-06-30,fran beltran,0.0736799017601309,0.0329773062272085,0.0329773062272085,0.0368399508800654,0.0776565954664045,0.8473188702415063,0.5525992632009824,0.4493987306722219,0.3703617290077129,38.12316715542522,17.888563049853374,55.718475073313776,73.60703812316716,17.888563049853374,33.724340175953074,28.005865102639298,64.66275659824046,25.806451612903224,40.17595307917888
423744,2023,30,2154,0,0.7286842339672148,1,2.0903379926458,25,22,8,1,0,0.7286842339672148,17.74679738096893,16.257044926285744,Billy Gilmour,Brighton,EPL,M S,M,True,23.1,18000000.0,2001-06-11,2024-06-30,billy gilmour,0.0,0.0304464164610256,0.0304464164610256,0.0417827298050139,0.0873400275478746,1.0445682451253482,0.9192200557103064,0.7415096398733535,0.6792637155829698,47.66355140186916,46.10591900311526,88.47352024922118,96.57320872274143,19.003115264797508,41.43302180685358,46.88473520249221,92.5233644859813,30.218068535825545,57.85825545171338
423744,2024,26,1161,0,0.6270224712789059,1,1.503951701335609,9,21,0,0,0,0.6270224712789059,8.001585158519447,6.564580678939819,Billy Gilmour,Napoli,Serie_A,M S,M,True,24.1,20000000.0,2001-06-11,2025-06-30,billy gilmour,0.0,0.0486063931223958,0.0486063931223958,0.0775193798449612,0.1165854032043107,0.6976744186046512,1.6279069767441858,0.6202779192650735,0.5088822231736294,57.478005865102645,78.59237536656892,81.52492668621701,90.9090909090909,30.205278592375368,22.87390029325513,68.03519061583577,86.21700879765396,26.53958944281525,61.95014662756598
425902,2022,26,1842,0,1.7420261716470122,2,1.0617644041776657,26,7,5,0,0,1.7420261716470122,3.5049553960561752,1.5388160664588213,Ryan Yates,Nottingham Forest,EPL,M S,M,True,25.6,11000000.0,1997-11-21,2023-06-30,ryan yates,0.0,0.085115285259626,0.085115285259626,0.0977198697068403,0.0518777396178012,1.270358306188925,0.3420195439739413,0.1712518923154483,0.0751864527585743,22.955974842767297,4.40251572327044,4.088050314465408,1.8867924528301887,55.660377358490564,63.52201257861635,13.679245283018869,2.9874213836477983,59.59119496855345,23.710691823899367
425902,2023,35,1967,1,2.6223334167152643,1,1.0064595751464367,32,7,6,0,1,2.6223334167152643,7.967897219583392,5.582980010658503,Ryan Yates,Nottingham Forest,EPL,M S,M,True,26.6,12000000.0,1997-11-21,2024-06-30,ryan yates,0.0457549567869852,0.1199847521628743,0.1199847521628743,0.0457549567869852,0.0460505143686727,1.464158617183528,0.3202846975088967,0.3645707929651781,0.2554490091302823,21.806853582554517,3.4267912772585665,43.30218068535825,51.09034267912772,68.22429906542055,71.02803738317756,12.616822429906541,47.19626168224299,69.62616822429905,41.82242990654205
425902,2024,35,1883,2,2.863330416381359,1,1.0837957467883823,33,19,10,0,2,2.863330416381359,6.05943701043725,4.180756267160177,Ryan Yates,Nottingham Forest,EPL,M S,M,True,27.6,12000000.0,1997-11-21,2025-06-30,ryan yates,0.0955921402018056,0.1368559413034106,0.1368559413034106,0.0477960701009028,0.0518011774885578,1.5772703133297927,0.9081253319171536,0.2896172761228638,0.1998237196199766,21.407624633431084,47.214076246334315,20.234604105571847,27.27272727272727,71.5542521994135,74.7800586510264,34.3108504398827,23.753665689149557,73.16715542521995,42.272727272727266
428563,2023,31,2725,6,6.609099584631622,3,3.129140879958868,60,33,8,0,6,6.609099584631622,14.55499241221696,7.731563315726817,Lewis Ferguson,Bologna,Serie_A,M,M,True,24.9,24000000.0,1999-08-24,2024-06-30,lewis ferguson,0.1981651376146789,0.2182821881162737,0.2182821881162737,0.0990825688073394,0.1033477721821277,1.981651376146789,1.089908256880734,0.4807153457245968,0.2553543847396013,56.074766355140184,56.69781931464174,68.22429906542055,50.467289719626166,90.65420560747664,85.35825545171339,56.386292834890966,59.34579439252336,88.00623052959502,66.90809968847353
428563,2024,16,974,1,0.948494052514434,1,1.5487658977508545,6,14,0,0,0,0.1871952172368765,5.328851531259716,3.822157620452344,Lewis Ferguson,Bologna,Serie_A,M S,M,True,25.9,28000000.0,1999-08-24,2025-06-30,lewis ferguson,0.0924024640657084,0.0876431876040031,0.0172972993340029,0.0924024640657084,0.1431097852131179,0.5544147843942505,1.2936344969199178,0.4923990121287211,0.3531767821773213,68.62170087976538,65.6891495601173,64.80938416422288,69.50146627565982,7.331378299120235,16.129032258064516,67.15542521994135,67.15542521994135,11.730205278592376,50.52785923753665
429014,2024,34,2868,7,6.140304567292333,8,6.105838568881154,61,51,9,1,7,6.140304567292333,17.928511697798967,10.13072724826634,Morgan Gibbs-White,Nottingham Forest,EPL,M,M,True,25.4,50000000.0,2000-01-27,2025-06-30,morgan gibbs white,0.2196652719665272,0.192687381818797,0.192687381818797,0.2510460251046025,0.1916058128309986,1.9142259414225944,1.600418410041841,0.562610199721725,0.317909850887019,83.57771260997067,77.41935483870968,75.65982404692082,61.58357771260997,84.75073313782991,86.21700879765396,80.49853372434018,68.6217008797654,85.48387096774194,77.83724340175952
430280,2024,35,2883,4,2.240483092144132,2,2.812581107020378,53,29,5,1,4,2.240483092144132,6.240041554905474,4.334810188040137,Hans Nicolussi Caviglia,Venezia,Serie_A,M S,M,True,25.0,8500000.0,2000-06-18,2025-06-30,hans nicolussi caviglia,0.1248699271592091,0.0699422401293693,0.0699422401293693,0.0624349635796045,0.0878016994907506,1.6545265348595213,0.9053069719042665,0.1947983836078712,0.1353218581073924,46.04105571847507,46.62756598240469,4.105571847507331,8.504398826979472,43.10850439882698,77.71260997067448,46.33431085043988,6.3049853372434015,60.41055718475073,36.54692082111437
432090,2022,26,1523,3,1.8505884343758223,3,0.9258906226605176,13,15,3,0,3,1.8505884343758223,4.298062361776829,1.9208921734243631,Nicolo Fagioli,Juventus,Serie_A,M S,M,True,22.4,35000000.0,2001-02-12,2023-06-30,nicolo fagioli,0.1772816808929743,0.1093584760957478,0.1093584760957478,0.1772816808929743,0.054714481969433,0.7682206172028891,0.8864084044648719,0.2539892400262079,0.1135129977729433,25.471698113207548,42.138364779874216,21.69811320754717,6.289308176100629,67.61006289308176,29.245283018867923,33.80503144654088,13.9937106918239,48.42767295597484,31.257861635220124
432090,2024,32,1514,1,0.8893392160534859,2,3.0206517837941647,22,27,4,0,1,0.8893392160534859,9.793622113764286,8.04011969268322,Nicolo Fagioli,"Fiorentina,Juventus",Serie_A,M S,M,True,24.4,18000000.0,2001-02-12,2025-06-30,nicolo fagioli,0.059445178335535,0.0528669282990843,0.0528669282990843,0.11889035667107,0.179563183977196,1.30779392338177,1.605019815059445,0.5821836131035573,0.4779463489706009,79.76539589442815,78.00586510263929,78.00586510263929,89.44281524926686,33.43108504398827,63.929618768328446,78.88563049853371,83.72434017595307,48.68035190615836,71.51759530791789
433183,2023,26,1175,0,0.4136425852775574,0,0.6756884949281812,14,8,2,0,0,0.4136425852775574,4.574842236936092,4.24587644636631,Tommy Doyle,Wolverhampton Wanderers,EPL,M S,M,True,22.7,10000000.0,2001-10-17,2024-06-30,tommy doyle,0.0,0.0316832618510469,0.0316832618510469,0.0,0.0517548634413074,1.0723404255319149,0.6127659574468085,0.3504134479355305,0.3252160682323131,26.479750778816197,19.937694704049843,40.49844236760124,68.53582554517133,20.5607476635514,42.679127725856695,23.20872274143302,54.51713395638629,31.61993769470405,36.69003115264797
433188,2022,18,1059,3,1.2679023258388042,1,1.010046985000372,15,14,2,0,3,1.2679023258388042,6.753665236756206,4.948233054950833,Curtis Jones,Liverpool,EPL,M S,M,True,22.4,22000000.0,2001-01-30,2023-06-30,curtis jones,0.254957507082153,0.1077537387398417,0.1077537387398417,0.0849858356940509,0.0858396871105132,1.274787535410765,1.1898016997167138,0.5739658841435868,0.4205297213839235,44.9685534591195,61.63522012578616,84.59119496855347,84.90566037735849,66.98113207547169,64.15094339622641,53.301886792452834,84.74842767295598,65.56603773584905,67.9874213836478
433188,2023,23,1152,1,2.483465351164341,1,0.9511555470526218,19,11,3,1,1,2.483465351164341,9.832491017878056,6.74063022620976,Curtis Jones,Liverpool,EPL,M S,M,True,23.4,35000000.0,2001-01-30,2024-06-30,curtis jones,0.078125,0.1940207305597141,0.1940207305597141,0.078125,0.074309027113486,1.484375,0.8593750000000001,0.7681633607717231,0.5266117364226375,38.31775700934579,41.1214953271028,89.09657320872275,89.09657320872275,87.85046728971963,71.33956386292834,39.719626168224295,89.09657320872275,79.59501557632399,68.96417445482867
434990,2024,19,1077,0,1.0217911591753364,1,1.1393643002957106,14,9,4,0,0,1.0217911591753364,2.331791497766972,0.6401858534663916,Alex Sola,Getafe,La_Liga,M S,M,True,26.1,2500000.0,1999-06-09,2025-06-30,alex sola,0.0,0.0853864478419501,0.0853864478419501,0.0835654596100278,0.0952115014174688,1.1699164345403898,0.7520891364902508,0.1948572282256522,0.0534974250807569,48.97360703812317,35.19061583577713,4.398826979472141,0.2932551319648094,52.19941348973607,53.665689149560116,42.08211143695015,2.346041055718475,52.93255131964809,31.429618768328446
435772,2022,32,1071,0,2.647942738607526,1,2.665880348533392,19,20,2,0,0,2.647942738607526,9.00316684693098,4.739595953375101,Charles De Ketelaere,AC Milan,Serie_A,M S,M,True,22.3,22000000.0,2001-03-10,2023-06-30,charles de ketelaere,0.0,0.2225161965216408,0.2225161965216408,0.0840336134453781,0.224023558700285,1.5966386554621848,1.680672268907563,0.7565686425992422,0.3982853742332018,91.50943396226415,84.59119496855347,93.71069182389937,82.70440251572327,92.76729559748428,77.67295597484278,88.0503144654088,88.20754716981132,85.22012578616352,87.2562893081761
441515,2023,30,2031,1,0.6598985847085714,0,0.4136646664701402,13,14,6,1,1,0.6598985847085714,6.659005264751613,5.759857155382633,Daniel Boloca,Sassuolo,Serie_A,M S,M,True,25.5,7000000.0,1998-12-22,2024-06-30,daniel boloca,0.0443131462333825,0.0292421824833931,0.0292421824833931,0.0,0.0183307828568747,0.5760709010339734,0.620384047267356,0.2950814740658026,0.2552373924098656,3.4267912772585665,20.24922118380062,27.102803738317753,50.155763239875384,17.75700934579439,14.953271028037381,11.838006230529594,38.629283489096565,16.355140186915886,22.57009345794392
442703,2023,34,2989,1,1.12616962287575,0,0.8014742638915777,31,16,13,0,1,1.12616962287575,7.142113093286753,5.900680987164378,Ylber Ramadani,Lecce,Serie_A,M,M,True,28.2,4000000.0,1996-04-12,2024-06-30,ylber ramadani,0.0301104048176647,0.0339094232381457,0.0339094232381457,0.0,0.0241327145367152,0.9334225493476078,0.4817664770826363,0.2150519164924081,0.1776718932234172,5.607476635514018,10.2803738317757,8.722741433021806,20.5607476635514,21.806853582554517,36.44859813084112,7.943925233644859,14.641744548286603,29.12772585669782,16.643302180685357
442703,2024,29,1831,1,0.5368887726217508,1,0.8912339806556702,17,16,3,0,1,0.5368887726217508,5.1174457632005215,3.889126590453088,Ylber Ramadani,Lecce,Serie_A,M S,M,True,29.2,1800000.0,1996-04-12,2025-06-30,ylber ramadani,0.0491534680502457,0.0263899451315988,0.0263899451315988,0.0491534680502457,0.0438072409934518,0.835608956854178,0.7864554888039322,0.2515402068203424,0.1911640596071971,17.595307917888565,37.24340175953079,14.076246334310852,24.633431085043988,12.023460410557185,32.55131964809384,27.41935483870968,19.35483870967742,22.28739002932551,23.057184750733136
442805,2023,25,1416,0,0.3663055226206779,0,0.4541104203090071,8,6,5,0,0,0.3663055226206779,1.828830935060978,1.3067606063559651,Iddrisu Baba,Almeria,La_Liga,M S,M,True,28.4,2200000.0,1996-01-22,2024-06-30,iddrisu baba,0.0,0.023282130675043,0.023282130675043,0.0,0.028862950443369,0.5084745762711864,0.3813559322033898,0.116239254347096,0.083056818200591,9.034267912772584,5.29595015576324,0.6230529595015576,1.8691588785046727,13.395638629283487,12.149532710280374,7.165109034267912,1.2461059190031152,12.77258566978193,6.775700934579438
443331,2022,23,1009,0,0.2443461809307336,0,0.2897718846797943,6,5,3,0,0,0.2443461809307336,1.296768233180046,0.8393440395593643,Patrick Osterhage,Bochum,Bundesliga,M S,M,True,23.4,4000000.0,2000-02-01,2023-06-30,patrick osterhage,0.0,0.0217950012723151,0.0217950012723151,0.0,0.0258468479892779,0.535183349851338,0.4459861248761149,0.115668127835683,0.074867159128189,9.119496855345911,8.49056603773585,0.628930817610063,1.5723270440251573,14.779874213836477,15.40880503144654,8.80503144654088,1.10062893081761,15.09433962264151,7.995283018867925
443331,2024,30,2297,1,1.7293015737086537,0,2.2099559139460325,21,17,4,1,1,1.7293015737086537,10.987612433731556,7.910030540078878,Patrick Osterhage,Freiburg,Bundesliga,M S,M,True,25.4,10000000.0,2000-02-01,2025-06-30,patrick osterhage,0.0391815411406182,0.0677567007548014,0.0677567007548014,0.0,0.0865894785612289,0.8228123639529822,0.6660861993905093,0.430511588609421,0.3099271870296469,44.868035190615835,28.739002932551323,52.19941348973607,58.65102639296188,41.935483870967744,31.378299120234605,36.80351906158358,55.42521994134897,36.65689149560117,43.277126099706734
447661,2022,37,2947,6,3.191290902905166,6,4.567880779504776,34,45,6,1,6,3.191290902905166,15.93928093276918,11.555413709953427,Douglas Luiz,Aston Villa,EPL,M S,M,True,25.1,40000000.0,1998-05-09,2023-06-30,douglas luiz,0.1832371903630811,0.0974605297799338,0.0974605297799338,0.1832371903630811,0.1395009399916626,1.0383440787241265,1.3742789277231082,0.4867781757547424,0.3528969236158156,71.38364779874213,73.27044025157232,71.69811320754717,74.84276729559748,62.264150943396224,46.22641509433962,72.32704402515722,73.27044025157232,54.24528301886792,67.23270440251571
447661,2023,35,3043,9,7.572099968791008,5,5.288189608603716,48,53,12,0,5,4.527424611151218,17.31126916781068,13.624405791983008,Douglas Luiz,Aston Villa,EPL,M,M,True,26.1,70000000.0,1998-05-09,2024-06-30,douglas luiz,0.2661846861649687,0.2239530059780449,0.1339034554727603,0.1478803812027604,0.1564038990385588,1.4196516595465003,1.5675320407492608,0.5119994167278873,0.4029564644359089,73.20872274143302,77.25856697819314,72.27414330218068,78.81619937694704,73.20872274143302,67.28971962616822,75.23364485981308,75.54517133956386,70.24922118380061,73.84735202492212
448028,2023,30,954,3,2.825762929394841,0,1.507950717583299,29,17,1,0,3,2.825762929394841,5.80783118866384,3.043549472466111,Kevin Sessa,FC Heidenheim,Bundesliga,M S,M,True,24.0,2500000.0,2000-07-06,2024-06-30,kevin sessa,0.2830188679245283,0.2665814084334755,0.2665814084334755,0.0,0.1422595016588018,2.7358490566037736,1.6037735849056602,0.5479086027041359,0.287127308723218,69.47040498442367,79.43925233644859,77.57009345794393,59.50155763239875,94.39252336448598,96.57320872274143,74.45482866043614,68.53582554517133,95.48286604361371,78.69158878504672
449496,2022,34,1861,1,0.8337907223030925,2,1.9919086061418056,20,35,3,0,1,0.8337907223030925,6.48014413472265,4.823382252827287,Álvaro Aguado,Real Valladolid,La_Liga,M S,M,True,27.2,3000000.0,1996-05-01,2023-06-30,alvaro aguado,0.0483610961848468,0.0403230333193327,0.0403230333193327,0.0967221923696937,0.096330883693048,0.967221923696937,1.69263836646964,0.3133868737909933,0.2332640530652637,51.57232704402516,84.90566037735849,37.10691823899371,46.540880503144656,26.41509433962264,39.937106918238996,68.23899371069183,41.82389937106918,33.17610062893082,48.4748427672956
450050,2024,35,1693,2,1.7939026495441794,7,4.052603563293815,22,26,3,0,2,1.7939026495441794,9.27028871141374,4.406124430708587,Jean-Ricner Bellegarde,Wolverhampton Wanderers,EPL,M S,M,True,27.0,18000000.0,1998-06-27,2025-06-30,jean ricner bellegarde,0.106320141760189,0.0953639920017579,0.0953639920017579,0.3721204961606615,0.2154366926736227,1.1695215593620791,1.3821618428824571,0.4928092049776943,0.2342298870429845,87.3900293255132,70.96774193548387,65.10263929618768,36.36363636363637,58.06451612903226,53.3724340175953,79.17888563049854,50.733137829912025,55.71847507331378,62.18475073313783
450936,2024,18,1153,1,2.262565119192004,2,2.2090650498867035,11,18,2,0,1,2.262565119192004,8.218117773532867,4.595833238214254,Tanguy NDombele Alvaro,Nice,Ligue_1,M S,M,True,28.5,7000000.0,1996-12-28,2025-06-30,tanguy ndombele alvaro,0.0780572419774501,0.1766095929985086,0.1766095929985086,0.1561144839549002,0.1724335251429343,0.8586296617519515,1.4050303555941024,0.6414836076478387,0.3587380671632983,78.88563049853371,71.5542521994135,84.75073313782991,71.26099706744868,80.93841642228739,34.89736070381232,75.2199413489736,78.00586510263929,57.91788856304986,71.00439882697947
451276,2023,33,2135,3,3.519060474820435,2,5.657645266503096,60,55,1,0,3,3.519060474820435,21.23098065704108,15.891304083168508,Dominik Szoboszlai,Liverpool,EPL,M S,M,True,23.7,75000000.0,2000-10-25,2024-06-30,dominik szoboszlai,0.126463700234192,0.1483444696645616,0.1483444696645616,0.0843091334894613,0.2384955850048143,2.529274004683841,2.3185011709601877,0.8949827911633242,0.6698910386347381,90.03115264797508,93.14641744548287,96.57320872274143,95.95015576323988,77.57009345794393,94.0809968847352,91.58878504672897,96.26168224299064,85.82554517133957,91.49532710280374
454863,2024,26,1540,1,0.6617573574185371,1,1.2446431815624237,12,9,3,0,1,0.6617573574185371,3.4801805214956403,1.9088122537359595,Andras Schafer,Union Berlin,Bundesliga,M S,M,True,26.2,5000000.0,1999-04-13,2025-06-30,andras schafer,0.0584415584415584,0.0386741312777067,0.0386741312777067,0.0584415584415584,0.0727388872341676,0.7012987012987013,0.525974025974026,0.2033871733341608,0.1115539628806729,35.483870967741936,15.249266862170089,6.744868035190615,4.398826979472141,21.700879765395893,23.75366568914956,25.366568914956012,5.571847507331379,22.727272727272727,17.646627565982403
455181,2023,36,1499,2,4.203992499038577,0,1.2770522255450487,29,17,1,0,2,4.203992499038577,7.655280977487564,2.874981191009283,Jorge De Frutos,Rayo Vallecano,La_Liga,M S,M,True,27.4,4000000.0,1997-02-20,2024-06-30,jorge de frutos,0.1200800533689126,0.2524078218235303,0.2524078218235303,0.0,0.076674249699169,1.741160773849233,1.0206804536357572,0.4596232741653641,0.1726139474255073,38.940809968847354,53.58255451713395,64.48598130841121,17.445482866043612,93.45794392523365,79.12772585669782,46.26168224299065,40.96573208722741,86.29283489096574,56.41744548286604
457221,2022,37,2896,2,2.3716749036684632,7,7.5181821854785085,36,53,7,0,2,2.3716749036684632,13.242084063589571,7.222204795107245,Lucas Robertone,Almeria,La_Liga,M S,M,True,26.3,7000000.0,1997-03-18,2023-06-30,lucas robertone,0.0621546961325966,0.0737053664814094,0.0737053664814094,0.2175414364640883,0.2336451646039591,1.1187845303867403,1.647099447513812,0.4115288555673554,0.2244469722236367,93.08176100628931,83.64779874213836,56.289308176100626,41.82389937106918,50.943396226415096,52.51572327044025,88.36477987421384,49.056603773584904,51.729559748427675,63.61635220125786
457221,2023,33,2454,0,1.0352079533040524,5,2.8863672353327274,37,33,11,0,0,1.0352079533040524,10.68546389695257,8.120876839384437,Lucas Robertone,Almeria,La_Liga,M S,M,True,27.3,7000000.0,1997-03-18,2024-06-30,lucas robertone,0.0,0.0379660618571168,0.0379660618571168,0.1833740831295843,0.1058569890708824,1.3569682151589242,1.2102689486552567,0.3918874289835905,0.2978316689260796,58.56697819314641,62.616822429906534,50.467289719626166,62.928348909657316,24.922118380062305,63.862928348909655,60.59190031152647,56.69781931464174,44.39252336448598,54.36915887850466
459128,2024,29,959,4,4.397535916417837,2,1.2350470423698423,20,7,1,0,4,4.397535916417837,7.267041644081473,2.323193995282054,Marco Brescianini,Atalanta,Serie_A,M S,M,True,25.4,8000000.0,2000-01-20,2025-06-30,marco brescianini,0.3753910323253389,0.4126988868379618,0.4126988868379618,0.1876955161626694,0.1159063960513929,1.8769551616266944,0.656934306569343,0.6819955661807431,0.2180265480452396,56.89149560117303,27.56598240469208,87.97653958944281,33.137829912023456,98.82697947214076,84.1642228739003,42.228739002932556,60.55718475073313,91.49560117302053,63.42375366568915
459665,2024,26,1528,1,0.4354055868461728,0,0.2544679529964924,8,6,3,0,1,0.4354055868461728,3.3008227180689573,3.045926110818982,Patrizio Masini,Genoa,Serie_A,M S,M,True,24.4,6000000.0,2001-01-27,2025-06-30,patrizio masini,0.0589005235602094,0.0256456170262798,0.0256456170262798,0.0,0.0149882956607881,0.4712041884816754,0.3534031413612565,0.1944201862736951,0.1794066426529505,1.466275659824047,5.865102639296188,3.519061583577713,21.700879765395893,11.436950146627565,10.557184750733137,3.6656891495601176,12.609970674486803,10.997067448680351,8.995601173020528
460651,2023,32,2715,1,0.622934453189373,0,1.2004082184284923,8,15,3,2,1,0.622934453189373,6.938698309473693,5.549611383117735,Antoine Makoumbou,Cagliari,Serie_A,M,M,True,26.0,4500000.0,1998-07-18,2024-06-30,antoine makoumbou,0.0331491712707182,0.0206497608792057,0.0206497608792057,0.0,0.0397925376274638,0.2651933701657458,0.4972375690607734,0.2300120986565865,0.1839650182248972,16.1993769470405,11.214953271028037,12.77258566978193,23.364485981308412,12.149532710280374,2.4922118380062304,13.707165109034268,18.068535825545172,7.320872274143302,13.317757009345794
460651,2024,33,2189,0,0.1962309386581182,3,0.903908770531416,7,8,2,1,0,0.1962309386581182,8.027866251766682,7.405774045735598,Antoine Makoumbou,Cagliari,Serie_A,M S,M,True,27.0,3500000.0,1998-07-18,2025-06-30,antoine makoumbou,0.0,0.0080679691545137,0.0080679691545137,0.1233439926907263,0.0371639055951701,0.2878026496116948,0.3289173138419369,0.3300630254266795,0.3044859132554608,14.95601173020528,4.69208211143695,30.205278592375368,57.18475073313783,2.0527859237536656,3.519061583577713,9.824046920821115,43.6950146627566,2.7859237536656893,19.567448680351905
460939,2023,36,2843,3,4.087502425536513,3,3.857007266953588,44,50,8,0,3,4.087502425536513,20.718899864703417,14.411027738824489,Tijjani Reijnders,AC Milan,Serie_A,M S,M,True,25.9,30000000.0,1998-07-29,2024-06-30,tijjani reijnders,0.0949701020049243,0.1293968407661928,0.1293968407661928,0.0949701020049243,0.1221001245254389,1.3928948294055574,1.5828350334154062,0.6558920111935658,0.4562055914506521,63.862928348909655,78.19314641744548,84.42367601246106,84.11214953271028,71.02803738317756,65.73208722741433,71.02803738317756,84.26791277258567,68.38006230529595,74.86760124610592
460939,2024,37,3136,10,8.066354492679238,4,4.986120350658894,77,46,2,1,10,8.066354492679238,25.90405914932489,16.791109887883067,Tijjani Reijnders,AC Milan,Serie_A,M S,M,True,26.9,60000000.0,1998-07-29,2025-06-30,tijjani reijnders,0.2869897959183674,0.231496142965922,0.231496142965922,0.1147959183673469,0.1430965661860014,2.2098214285714284,1.3201530612244898,0.7434200648722067,0.4818877199966441,68.32844574780059,66.71554252199414,91.49560117302052,90.02932551319648,90.02932551319648,91.20234604105572,67.52199413489737,90.7624633431085,90.61583577712611,82.58431085043988
461496,2022,35,2967,0,0.491272771731019,4,1.794936815276742,17,25,9,1,0,0.491272771731019,7.871476680040359,6.6831129267811775,Morten Hjulmand,Lecce,Serie_A,M S,M,True,24.0,15000000.0,1999-06-25,2023-06-30,morten hjulmand,0.0,0.0149021063214667,0.0149021063214667,0.121334681496461,0.0544470216969689,0.5156723963599595,0.7583417593528817,0.2387707789698794,0.2027233445939689,25.157232704402517,32.075471698113205,17.29559748427673,33.64779874213836,10.062893081761008,14.465408805031446,28.61635220125786,25.471698113207545,12.264150943396228,22.610062893081757
461906,2022,31,1778,0,0.9379508132115006,2,2.346919506788254,16,36,3,0,0,0.9379508132115006,4.733368762768805,3.646705650724471,João Moutinho,Wolverhampton Wanderers,EPL,M S,M,True,25.5,1500000.0,1998-01-12,2023-06-30,joao moutinho,0.0,0.0474778251906833,0.0474778251906833,0.1012373453318335,0.1187979502873694,0.8098987626546682,1.8222722159730036,0.2395968440096695,0.1845913996429709,62.893081761006286,86.79245283018868,18.238993710691823,28.30188679245283,32.38993710691824,31.446540880503143,74.84276729559748,23.270440251572325,31.91823899371069,43.915094339622634
463618,2022,35,2576,2,3.341425497084856,4,5.406199236400425,38,36,3,0,2,3.341425497084856,12.87140430510044,6.19269286096096,Kephren Thuram,Nice,Ligue_1,M S,M,True,22.3,40000000.0,2001-03-26,2023-06-30,kephren thuram,0.0698757763975155,0.1167423504416293,0.1167423504416293,0.139751552795031,0.1888811845015676,1.3276397515527951,1.2577639751552796,0.4496996845726085,0.2163596108254994,87.42138364779875,66.98113207547169,64.77987421383648,39.308176100628934,70.12578616352201,66.35220125786164,77.20125786163521,52.04402515723271,68.23899371069183,65.70754716981132
463618,2023,27,2131,1,3.9183114636689433,1,4.024295303970575,39,31,7,0,1,3.9183114636689433,13.10879285633564,7.108978260308504,Kephren Thuram,Nice,Ligue_1,M S,M,True,23.3,35000000.0,2001-03-26,2024-06-30,kephren thuram,0.0422336931018301,0.1654847638339769,0.1654847638339769,0.0422336931018301,0.1699608528190294,1.6471140309713748,1.3092444861567338,0.5536327344299425,0.3002384061134516,77.88161993769471,68.84735202492212,77.88161993769471,63.2398753894081,80.37383177570094,76.32398753894081,73.3644859813084,70.56074766355141,78.34890965732087,73.8785046728972
463618,2024,35,2331,4,3.5313255190849304,5,4.682116312906146,36,25,5,0,4,3.5313255190849304,15.060948219150305,9.894022192806004,Kephren Thuram,Juventus,Serie_A,M S,M,True,24.3,40000000.0,2001-03-26,2025-06-30,kephren thuram,0.1544401544401544,0.1363446146364838,0.1363446146364838,0.193050193050193,0.1807766916179979,1.38996138996139,0.9652509652509652,0.5815037922451856,0.3820085788728186,80.05865102639295,51.02639296187683,77.41935483870968,75.95307917888563,71.26099706744868,67.15542521994135,65.54252199413489,76.68621700879766,69.20821114369502,70.54252199413489
465830,2023,33,2378,2,1.3498496962711215,3,3.336887179873884,26,23,3,1,2,1.3498496962711215,9.756979374215009,7.131837922148407,Matteo Guendouzi,Lazio,Serie_A,M S,M,True,25.2,25000000.0,1999-04-14,2024-06-30,matteo guendouzi,0.0756938603868797,0.0510876672264091,0.0510876672264091,0.1135407905803196,0.1262909361600713,0.9840201850294364,0.8704793944491169,0.369271717274748,0.2699181719904779,64.797507788162,42.05607476635514,44.85981308411215,55.7632398753894,35.51401869158878,39.56386292834891,53.426791277258566,50.311526479750775,37.53894080996885,47.57009345794392
465830,2024,37,3281,1,1.5578105077147484,3,3.081902503967285,27,43,7,0,1,1.5578105077147484,19.77757119387388,16.28183127194643,Matteo Guendouzi,Lazio,Serie_A,M,M,True,26.2,32000000.0,1999-04-14,2025-06-30,matteo guendouzi,0.0274306613837244,0.0427317725371311,0.0427317725371311,0.0822919841511734,0.0845386240039791,0.7406278573605607,1.1795184395001526,0.5425118584116578,0.4466214003276985,43.6950146627566,61.29032258064516,73.31378299120234,85.63049853372434,24.34017595307918,25.513196480938415,52.49266862170088,79.47214076246334,24.926686217008797,53.665689149560116
465967,2023,37,2951,1,0.5625613089650869,0,0.994552617892623,16,21,7,0,1,0.5625613089650869,8.876669323071837,8.04570441506803,Ander Guevara,Alaves,La_Liga,M S,M,True,27.0,5000000.0,1997-07-07,2024-06-30,ander guevara,0.0304981362250084,0.0171570714357363,0.0171570714357363,0.0,0.030332001223428,0.4879701796001355,0.6404608607251778,0.2707218702393986,0.2453789892768969,10.59190031152648,23.05295950155763,21.49532710280374,44.54828660436137,9.345794392523365,10.903426791277258,16.822429906542055,33.021806853582554,10.12461059190031,20.482866043613704
465967,2024,33,1969,0,0.9672462455928326,1,0.6741306530311704,12,12,3,0,0,0.9672462455928326,3.655263607390225,2.1133727561682463,Ander Guevara,Alaves,La_Liga,M S,M,True,28.0,3500000.0,1997-07-07,2025-06-30,ander guevara,0.0,0.0442113570865185,0.0442113570865185,0.0457084814626714,0.0308134884574938,0.5485017775520569,0.5485017775520569,0.1670765488395735,0.096599059449031,11.436950146627565,17.302052785923756,0.8797653958944283,1.7595307917888565,25.513196480938415,14.95601173020528,14.369501466275661,1.3196480938416424,20.234604105571847,11.56158357771261
466801,2024,32,1985,0,1.6414828356355429,1,1.7734992038458586,21,22,4,0,0,1.6414828356355429,11.457704674452543,9.533348131924868,Sergi Altimira,Real Betis,La_Liga,M S,M,True,23.8,15000000.0,2001-08-25,2025-06-30,sergi altimira,0.0,0.0744249144620649,0.0744249144620649,0.0453400503778337,0.0804105432474192,0.9521410579345088,0.9974811083123424,0.5194929071540196,0.4322424845709008,40.469208211143695,53.3724340175953,69.50146627565982,83.57771260997067,46.04105571847507,40.76246334310851,46.9208211143695,76.53958944281524,43.40175953079179,56.231671554252195
466802,2024,21,1464,1,1.5122445924207568,1,1.6502636158838868,27,23,1,0,1,1.5122445924207568,8.45220860093832,6.969147564843297,Adrián Bernabé,Parma Calcio 1913,Serie_A,M S,M,True,24.1,15000000.0,2001-05-26,2025-06-30,adrian bernabe,0.0614754098360655,0.0929658560914399,0.0929658560914399,0.0614754098360655,0.1014506321240094,1.6598360655737705,1.4139344262295082,0.5196029877626016,0.42843120275676,51.61290322580645,72.43401759530792,69.79472140762464,82.99120234604106,56.598240469208214,78.59237536656892,62.023460410557185,76.39296187683286,67.59530791788856,68.72434017595309
466805,2022,50,2767,7,8.96716021746397,2,2.7161255273967986,74,32,5,0,5,7.444564238190651,14.58080262131989,7.759704461321233,Nico González,Valencia,La_Liga,M S,M,True,21.5,10000000.0,2002-01-03,2023-06-30,nico gonzalez,0.2276834116371521,0.2916676615727348,0.2421433977004548,0.0650524033249006,0.0883452466446374,2.4069389230213227,1.0408384531984098,0.4742581264614348,0.2523937121499497,46.540880503144656,52.51572327044025,68.23899371069182,53.459119496855344,94.0251572327044,96.22641509433963,49.52830188679245,60.849056603773576,95.12578616352201,67.1698113207547
466805,2023,29,1915,12,10.854810073971748,2,2.028881089761853,85,22,1,0,11,8.570913629606366,10.353842929005625,3.5413291305303574,Nicolás González,Fiorentina,Serie_A,M S,M,True,22.5,15000000.0,2002-01-03,2024-06-30,nicolas gonzalez,0.5639686684073107,0.510147731936009,0.402810562226931,0.0939947780678851,0.0953521138791471,3.994778067885117,1.0339425587467364,0.4866035841308126,0.1664332228447687,53.271028037383175,54.51713395638629,68.84735202492212,16.1993769470405,99.06542056074767,100.0,53.89408099688473,42.523364485981304,99.53271028037383,63.60591900311526
467434,2023,34,2150,6,3.82297052256763,3,2.18938222900033,34,20,2,0,6,3.82297052256763,11.016384686343372,6.000934523530304,Rocco Reitz,Borussia M.Gladbach,Bundesliga,M S,M,True,22.1,10000000.0,2002-05-29,2024-06-30,rocco reitz,0.2511627906976744,0.1600313242005054,0.1600313242005054,0.1255813953488372,0.0916485584232696,1.4232558139534883,0.8372093023255813,0.4611509868701877,0.2512019102873151,50.155763239875384,39.25233644859813,64.797507788162,47.66355140186916,78.81619937694704,67.91277258566979,44.704049844236756,56.230529595015575,73.3644859813084,57.33644859813083
467434,2024,27,1865,2,1.959852170199156,1,2.19960018992424,23,16,1,0,2,1.959852170199156,9.072347270324826,6.828269526362419,Rocco Reitz,Borussia M.Gladbach,Bundesliga,M S,M,True,23.1,15000000.0,2002-05-29,2025-06-30,rocco reitz,0.096514745308311,0.094577316524356,0.094577316524356,0.0482573726541555,0.1061469260553252,1.1099195710455765,0.772117962466488,0.4378076430719755,0.3295143471166851,54.54545454545454,36.070381231671554,53.3724340175953,65.39589442815249,57.478005865102645,49.266862170087975,45.30791788856305,59.38416422287389,53.37243401759531,52.65395894428153
467632,2023,32,1964,1,1.4494038056582212,3,2.040348768234253,15,14,1,0,1,1.4494038056582212,7.773001629859209,5.090816708281636,Cristian Cásseres Jr.,Toulouse,Ligue_1,M S,M,True,24.4,4000000.0,2000-01-20,2024-06-30,cristian casseres jr,0.0458248472505091,0.0664187079985946,0.0664187079985946,0.1374745417515274,0.0934986706420991,0.6873727087576375,0.6415478615071284,0.356196612366257,0.2332858980373458,51.71339563862928,23.364485981308412,41.43302180685358,39.25233644859813,43.30218068535825,21.49532710280374,37.53894080996885,40.34267912772586,32.398753894081,36.97819314641744
467632,2024,32,2739,1,0.9852043334394692,3,3.1847235038876534,17,28,11,0,1,0.9852043334394692,12.039634557440875,9.933802988380194,Cristian Cásseres Jr.,Toulouse,Ligue_1,M S,M,True,25.4,6000000.0,2000-01-20,2025-06-30,cristian casseres jr,0.0328587075575027,0.0323725410768719,0.0323725410768719,0.0985761226725082,0.1046458982657498,0.5585980284775465,0.9200438116100766,0.3956068310221536,0.3264119273290315,53.3724340175953,48.38709677419355,46.04105571847507,63.63636363636363,16.715542521994134,16.422287390029325,50.879765395894424,54.83870967741935,16.56891495601173,41.97214076246334
467992,2022,28,2070,2,2.303225079551339,1,2.2518239337950945,21,16,6,0,2,2.303225079551339,10.326330281794071,7.514573078602552,Samuele Ricci,Torino,Serie_A,M S,M,True,21.9,20000000.0,2001-08-21,2023-06-30,samuele ricci,0.0869565217391304,0.1001402208500582,0.1001402208500582,0.0434782608695652,0.0979053884258736,0.9130434782608696,0.6956521739130435,0.4489708818171335,0.3267205686348935,53.459119496855344,27.358490566037734,64.46540880503144,70.44025157232704,62.893081761006286,36.477987421383645,40.40880503144654,67.45283018867924,49.685534591194966,52.65723270440251
467992,2023,32,2425,1,1.2500714594498277,2,2.916640043258667,30,26,6,1,1,1.2500714594498277,9.489967902190983,6.507628761231899,Samuele Ricci,Torino,Serie_A,M S,M,True,22.9,22000000.0,2001-08-21,2024-06-30,samuele ricci,0.0371134020618556,0.0463944046806121,0.0463944046806121,0.0742268041237113,0.108246434595167,1.11340206185567,0.9649484536082474,0.3522049943081189,0.2415202426848952,59.50155763239875,48.598130841121495,40.809968847352025,43.30218068535825,29.906542056074763,45.482866043613704,54.04984423676012,42.05607476635514,37.69470404984423,44.945482866043605
467992,2024,34,2863,1,1.2636383641511202,1,0.6732697440311313,22,15,8,1,1,1.2636383641511202,6.681054439395666,4.934482039883733,Samuele Ricci,Torino,Serie_A,M,M,True,23.9,30000000.0,2001-08-21,2025-06-30,samuele ricci,0.0314355571079287,0.0397231759600422,0.0397231759600422,0.0314355571079287,0.0211646094875311,0.6915822563744324,0.4715333566189312,0.2100226683708033,0.1551181919628138,5.865102639296188,11.436950146627565,7.9178885630498534,15.249266862170089,21.994134897360702,22.58064516129032,8.651026392961876,11.583577712609971,22.28739002932551,13.768328445747798
468066,2022,31,1500,3,1.6550854835659266,1,0.9337591668590904,27,16,7,1,3,1.6550854835659266,8.068573766387999,6.341216832399368,Jens Cajuste,Reims,Ligue_1,M S,M,True,23.9,6000000.0,1999-08-10,2023-06-30,jens cajuste,0.18,0.0993051290139556,0.0993051290139556,0.06,0.0560255500115454,1.62,0.96,0.48411442598328,0.3804730099439621,26.729559748427672,45.911949685534594,71.0691823899371,77.9874213836478,62.57861635220125,80.18867924528303,36.320754716981135,74.52830188679245,71.38364779874215,60.2122641509434
468066,2023,26,986,0,1.4428469873964789,2,1.3371006846427915,16,15,7,0,0,1.4428469873964789,6.839327538385987,4.322914877906442,Jens Cajuste,Napoli,Serie_A,M S,M,True,24.9,10000000.0,1999-08-10,2024-06-30,jens cajuste,0.0,0.1317000292755406,0.1317000292755406,0.1825557809330628,0.1220477298355489,1.460446247464503,1.3691683569979716,0.6242793899135282,0.3945865507216833,63.55140186915887,72.27414330218068,82.2429906542056,77.57009345794393,71.96261682242991,70.40498442367601,67.91277258566977,79.90654205607476,71.18380062305296,73.09190031152647
468066,2024,30,2019,1,0.6125177554786205,1,0.6245124880224466,12,13,2,0,1,0.6125177554786205,5.957525156438351,5.012046929448843,Jens Cajuste,Ipswich,EPL,M S,M,True,25.9,12000000.0,1999-08-10,2025-06-30,jens cajuste,0.0445765230312035,0.0273039118341138,0.0273039118341138,0.0445765230312035,0.0278385953056068,0.5349182763744428,0.5794947994056463,0.2655657573449488,0.2234196253840494,7.624633431085044,20.234604105571847,15.835777126099707,34.31085043988269,12.609970674486803,14.369501466275661,13.929618768328446,25.0733137829912,13.489736070381232,17.697947214076244
469669,2024,30,2344,1,0.4572473959997296,1,0.7096966840326786,16,13,14,0,1,0.4572473959997296,5.066599708050489,4.101959167979658,Yvan Neyou,Leganes,La_Liga,M S,M,True,28.5,3000000.0,1997-01-03,2025-06-30,yvan neyou,0.03839590443686,0.0175564273208087,0.0175564273208087,0.03839590443686,0.0272494460592752,0.6143344709897611,0.4991467576791809,0.1945366782101297,0.1574984322176489,7.331378299120235,13.196480938416421,3.812316715542522,16.129032258064516,7.624633431085044,19.06158357771261,10.263929618768328,9.970674486803519,13.343108504398828,11.085043988269796
470794,2022,25,2050,2,0.6122278096154332,3,2.349258441478014,14,29,4,0,2,0.6122278096154332,8.439980059862137,7.252860890701413,Ivan Ilic,"Torino,Verona",Serie_A,M S,M,True,22.3,19000000.0,2001-03-17,2023-06-30,ivan ilic,0.0878048780487804,0.0268782940806775,0.0268782940806775,0.1317073170731707,0.1031381754795225,0.6146341463414634,1.273170731707317,0.370535709945167,0.3184182830064035,54.71698113207547,67.29559748427673,50.314465408805034,68.55345911949685,17.29559748427673,19.18238993710692,61.00628930817609,59.43396226415094,18.238993710691823,47.625786163522
470794,2023,31,2097,3,2.571698747575283,2,5.4198929220438,27,47,3,0,3,2.571698747575283,7.87908730097115,4.572807356715202,Ivan Ilic,Torino,Serie_A,M S,M,True,23.3,18000000.0,2001-03-17,2024-06-30,ivan ilic,0.1287553648068669,0.1103733368058061,0.1103733368058061,0.0858369098712446,0.2326134301306352,1.158798283261803,2.017167381974249,0.3381582532605643,0.1962578264684636,89.09657320872275,89.7196261682243,37.07165109034268,28.037383177570092,65.42056074766354,48.90965732087228,89.40809968847353,32.55451713395638,57.165109034267914,59.83644859813083
474662,2022,32,1679,1,0.845764878205955,2,0.479370217770338,17,12,2,0,1,0.845764878205955,3.264620556496084,2.34049663040787,Hugo Magnetti,Brest,Ligue_1,M S,M,True,25.1,2000000.0,1998-05-30,2023-06-30,hugo magnetti,0.053603335318642,0.0453358183672042,0.0453358183672042,0.1072066706372841,0.0256958425249138,0.9112567004169148,0.6432400238237046,0.1749945503779914,0.1254584256919048,8.49056603773585,23.58490566037736,5.660377358490567,8.176100628930817,30.81761006289308,35.84905660377358,16.037735849056602,6.918238993710691,33.33333333333333,18.03459119496855
474662,2023,33,2385,2,2.3243492525070906,0,1.240470776334405,36,24,6,0,2,2.3243492525070906,7.814084395766258,5.734977852553129,Hugo Magnetti,Brest,Ligue_1,M S,M,True,26.1,7000000.0,1998-05-30,2024-06-30,hugo magnetti,0.0754716981132075,0.0877112925474373,0.0877112925474373,0.0,0.0468102179748832,1.3584905660377358,0.9056603773584904,0.2948711092741984,0.2164142585869105,22.429906542056074,44.54828660436137,26.791277258566975,34.26791277258567,54.20560747663551,64.17445482866043,33.48909657320873,30.52959501557632,59.19003115264797,40.16355140186916
474662,2024,32,2352,1,0.8659364832565188,0,0.5326036140322685,19,6,5,0,1,0.8659364832565188,7.780316152609885,6.655176809057593,Hugo Magnetti,Brest,Ligue_1,M S,M,True,27.1,6000000.0,1998-05-30,2025-06-30,hugo magnetti,0.0382653061224489,0.0331353246144076,0.0331353246144076,0.0,0.0203802403328674,0.7270408163265306,0.2295918367346938,0.2977161793090517,0.254662377897612,4.9853372434017595,1.1730205278592376,23.75366568914956,41.64222873900293,18.475073313782993,24.633431085043988,3.0791788856304985,32.697947214076244,21.55425219941349,18.988269794721408
476701,2023,25,1938,0,0.4321953430771827,2,1.0513594467192888,10,14,5,0,0,0.4321953430771827,12.84576378017664,11.88918875530362,Manuel Ugarte,Paris Saint Germain,Ligue_1,M S,M,True,23.2,45000000.0,2001-04-11,2024-06-30,manuel ugarte,0.0,0.020070991164575,0.020070991164575,0.0928792569659442,0.0488247421077069,0.4643962848297213,0.6501547987616099,0.5965524975314229,0.55212950876023,24.610591900311526,23.67601246105919,80.37383177570094,90.65420560747664,11.838006230529595,9.968847352024921,24.14330218068536,85.51401869158879,10.903426791277258,41.651090342679126
476701,2024,29,1802,1,1.087446665391326,2,1.616088747046888,19,10,11,0,1,1.087446665391326,7.235839036293328,6.052829889580607,Manuel Ugarte,Manchester United,EPL,M S,M,True,24.2,45000000.0,2001-04-11,2025-06-30,manuel ugarte,0.0499445061043285,0.0543119866177687,0.0543119866177687,0.099889012208657,0.0807147542920199,0.948945615982242,0.4994450610432852,0.3613904069180907,0.3023055993686208,40.76246334310851,13.48973607038123,39.882697947214076,56.30498533724341,34.60410557184751,40.469208211143695,27.126099706744867,48.09384164222874,37.5366568914956,37.58797653958944
478573,2023,26,1116,1,1.7132481131702662,0,1.092048980295658,23,15,0,0,1,1.7132481131702662,7.440316876396537,5.028185680508614,Ryan Gravenberch,Liverpool,EPL,M S,M,True,22.1,35000000.0,2002-05-16,2024-06-30,ryan gravenberch,0.0806451612903225,0.1381651704169569,0.1381651704169569,0.0,0.0880684661528756,1.8548387096774197,1.2096774193548387,0.6000255545481078,0.4054988452023075,48.598130841121495,62.30529595015576,80.99688473520249,79.12772585669782,75.0778816199377,82.55451713395638,55.45171339563863,80.06230529595015,78.81619937694704,71.07476635514018
478573,2024,37,3199,0,1.3318934980779886,4,2.415423891507089,20,26,6,1,0,1.3318934980779886,21.408910930156708,19.362357161939144,Ryan Gravenberch,Liverpool,EPL,M,M,True,23.1,75000000.0,2002-05-16,2025-06-30,ryan gravenberch,0.0,0.0374712143879396,0.0374712143879396,0.1125351672397624,0.067955032896417,0.5626758361988121,0.7314785870584558,0.6023138429865907,0.5447365253437084,31.964809384164223,32.84457478005865,80.64516129032258,92.37536656891496,20.527859237536656,16.715542521994134,32.40469208211144,86.51026392961876,18.621700879765395,47.20674486803519
484992,2024,22,1028,0,1.0357473585754633,1,1.532620931044221,10,10,2,0,0,1.0357473585754633,4.927065301686525,3.188139194622636,Aïmen Moueffek,Saint-Etienne,Ligue_1,M S,M,True,24.2,,2001-04-09,2025-06-30,aimen moueffek,0.0,0.0906782706924043,0.0906782706924043,0.0875486381322957,0.1341788752859726,0.8754863813229572,0.8754863813229572,0.431357857151544,0.2791172446654059,64.51612903225806,44.868035190615835,52.49266862170088,46.9208211143695,55.42521994134897,36.36363636363637,54.692082111436946,49.70674486803519,45.894428152492665,50.30791788856304
485706,2022,33,2529,1,3.0847347732633352,2,2.063957966864109,34,22,9,0,1,3.0847347732633352,8.601867258548737,5.032614782452583,Amadou Onana,Everton,EPL,M S,M,True,21.9,45000000.0,2001-08-16,2023-06-30,amadou onana,0.0355871886120996,0.1097770381944247,0.1097770381944247,0.0711743772241993,0.0734504614542387,1.209964412811388,0.7829181494661922,0.3061162725462183,0.1790966114751809,38.36477987421384,33.9622641509434,36.16352201257861,25.157232704402517,67.9245283018868,60.062893081761004,36.16352201257862,30.660377358490564,63.9937106918239,42.58647798742138
485706,2023,30,2093,2,2.553437914699316,0,2.4138805400580168,29,18,5,0,2,2.553437914699316,10.676468232646585,8.992594484239817,Amadou Onana,Everton,EPL,M S,M,True,22.9,50000000.0,2001-08-16,2024-06-30,amadou onana,0.0860009555661729,0.1097990503215186,0.1097990503215186,0.0,0.1037980165337895,1.2470138557095078,0.7740086000955566,0.459093235039748,0.3866858593318603,56.69781931464174,34.26791277258567,64.17445482866043,76.94704049844236,64.797507788162,55.7632398753894,45.482866043613704,70.5607476635514,60.2803738317757,58.69937694704049
485706,2024,26,1650,3,2.578012069687248,0,0.6834856616333127,17,10,4,0,3,2.578012069687248,9.019286430440845,8.535910098813474,Amadou Onana,Aston Villa,EPL,M S,M,True,23.9,50000000.0,2001-08-16,2025-06-30,amadou onana,0.1636363636363636,0.1406188401647589,0.1406188401647589,0.0,0.0372810360890897,0.9272727272727274,0.5454545454545454,0.4919610780240461,0.4655950962989167,15.249266862170089,16.715542521994134,64.51612903225806,87.97653958944281,73.02052785923753,39.29618768328446,15.982404692082111,76.24633431085044,56.158357771260995,49.12756598240469
485963,2022,16,1186,1,1.7227493803948164,3,1.3830681256949902,20,10,2,3,1,1.7227493803948164,5.552737345919013,3.770221248269081,Pape Alassane Gueye,Sevilla,La_Liga,M S,M,True,24.4,10000000.0,1999-01-24,2023-06-30,pape alassane gueye,0.0758853288364249,0.1307314032340079,0.1307314032340079,0.2276559865092748,0.1049545795215422,1.5177065767284992,0.7588532883642496,0.4213712994373618,0.2861044792109758,55.9748427672956,32.38993710691824,58.490566037735846,62.264150943396224,73.58490566037736,73.27044025157232,44.18238993710692,60.37735849056604,73.42767295597484,58.62421383647798
487469,2022,36,2473,2,2.882865082472563,3,2.676277987658977,30,27,3,0,2,2.882865082472563,21.72390940785408,17.688012532889843,Vitinha,Paris Saint Germain,Ligue_1,M S,M,True,23.4,42000000.0,2000-02-13,2023-06-30,vitinha,0.0727860897695107,0.1049162383431179,0.1049162383431179,0.109179134654266,0.0973979049289558,1.0917913465426607,0.9826122118883944,0.7905992101523928,0.6437206340315754,52.20125786163522,48.42767295597484,94.65408805031447,98.11320754716981,64.77987421383648,49.685534591194966,50.314465408805034,96.38364779874215,57.23270440251572,68.51415094339622
487469,2024,54,3366,7,5.48683522362262,4,6.913782847113907,60,44,3,0,5,3.966644984669984,33.714798998087645,28.07344484701753,Vitinha,Paris Saint Germain,Ligue_1,M S,M,True,25.4,80000000.0,2000-02-13,2025-06-30,vitinha,0.1871657754010695,0.1467068241610326,0.1060600263280744,0.106951871657754,0.1848605039335269,1.60427807486631,1.1764705882352942,0.9014652138526108,0.7506268675673137,80.93841642228739,60.70381231671554,95.60117302052787,98.82697947214076,62.4633431085044,76.24633431085044,70.82111436950146,97.21407624633432,69.35483870967742,79.61876832844574
488362,2022,35,1590,3,2.5371697302907705,1,2.6282018795609474,28,21,9,1,3,2.5371697302907705,8.282571202144027,3.598362954333425,Conor Gallagher,Chelsea,EPL,M S,M,True,23.4,32000000.0,2000-02-06,2023-06-30,conor gallagher,0.1698113207547169,0.1436133809598549,0.1436133809598549,0.0566037735849056,0.1487661441260913,1.5849056603773584,1.1886792452830188,0.4688247850270203,0.2036809219434014,74.52830188679245,61.32075471698113,67.29559748427673,34.276729559748425,77.67295597484278,77.35849056603774,67.9245283018868,50.78616352201257,77.51572327044026,64.80345911949685
488362,2023,37,3171,5,4.717563968151808,7,5.792711144313216,48,52,7,1,5,4.717563968151808,25.90884201787412,18.71241710893809,Conor Gallagher,Chelsea,EPL,M,M,True,24.4,50000000.0,2000-02-06,2024-06-30,conor gallagher,0.1419110690633869,0.1338949092190673,0.1338949092190673,0.1986754966887417,0.1644099662529768,1.3623462630085146,1.4758751182592242,0.7353502937901831,0.5310998233378834,76.32398753894081,75.0778816199377,87.53894080996885,89.40809968847351,72.89719626168224,64.48598130841121,75.70093457943926,88.47352024922118,68.69158878504672,78.06853582554517
488362,2024,32,1637,3,3.0007524248212576,3,1.3112464919686315,23,12,2,0,3,3.0007524248212576,7.897032497450709,4.44360277056694,Conor Gallagher,Atletico Madrid,La_Liga,M S,M,True,25.4,40000000.0,2000-02-06,2025-06-30,conor gallagher,0.1649358582773366,0.164977225555231,0.164977225555231,0.1649358582773366,0.0720905218553309,1.2645082467929138,0.6597434331093464,0.4341679442703505,0.2443031456023363,34.89736070381232,27.859237536656888,52.785923753665685,39.882697947214076,78.88563049853371,60.70381231671554,31.3782991202346,46.33431085043988,69.79472140762462,48.13782991202345
488996,2024,21,1156,0,1.3021719567477703,4,0.9663341771811248,16,22,0,0,0,1.3021719567477703,2.938693890348077,1.4568527415394783,Thórir Helgason,Lecce,Serie_A,M S,M,True,24.8,3000000.0,2000-09-28,2025-06-30,thorir helgason,0.0,0.1013801696429925,0.1013801696429925,0.3114186851211072,0.0752336297113332,1.245674740484429,1.71280276816609,0.2287910468264073,0.1134227912963261,36.65689149560117,81.81818181818183,10.557184750733137,4.9853372434017595,60.70381231671554,59.530791788856305,59.2375366568915,7.771260997067449,60.117302052785924,41.488269794721404
495621,2023,33,2457,0,0.6555717512965202,1,1.479127185419202,20,20,4,1,0,0.6555717512965202,6.338301086332649,4.706147252582014,Antonio Blanco,Alaves,La_Liga,M S,M,True,23.9,7500000.0,2000-07-23,2024-06-30,antonio blanco,0.0,0.0240136172636088,0.0240136172636088,0.0366300366300366,0.0541804829823883,0.7326007326007326,0.7326007326007326,0.2321722009645659,0.1723863462484254,28.971962616822427,31.464174454828658,13.395638629283487,17.133956386292834,14.330218068535824,23.98753894080997,30.218068535825545,15.26479750778816,19.1588785046729,21.666666666666664
495621,2024,35,2755,0,0.7065247548744082,1,1.7390412520617249,25,14,10,1,0,0.7065247548744082,6.047557967714965,4.138327054679394,Antonio Blanco,Alaves,La_Liga,M S,M,True,24.9,10000000.0,2000-07-23,2025-06-30,antonio blanco,0.0,0.0230806634986195,0.0230806634986195,0.0326678765880217,0.0568107850038313,0.8166969147005445,0.4573502722323049,0.1975608773482202,0.1351903575031381,25.219941348973606,10.850439882697946,5.278592375366569,8.211143695014663,10.557184750733137,30.791788856304986,18.035190615835777,6.744868035190615,20.674486803519063,14.875366568914956
495629,2022,25,1646,1,0.9558834321796894,4,1.908470902591944,4,25,5,0,0,0.2126054055988788,6.08751536346972,5.444655075669289,Hugo Guillamón,Valencia,La_Liga,M S,M,True,23.4,14000000.0,2000-01-31,2023-06-30,hugo guillamon,0.0546780072904009,0.0522658012734945,0.0116248399173141,0.2187120291616038,0.1043513859254404,0.2187120291616038,1.3669501822600243,0.3328532094242252,0.297702889921164,55.34591194968554,72.64150943396226,42.138364779874216,64.77987421383648,6.60377358490566,2.20125786163522,63.99371069182389,53.45911949685535,4.40251572327044,42.429245283018865
495629,2023,26,1262,1,0.1433142628520727,0,0.2364084236323833,3,7,7,0,1,0.1433142628520727,3.1233228221535683,2.9077119259163737,Hugo Guillamón,Valencia,La_Liga,M S,M,True,24.4,8000000.0,2000-01-31,2024-06-30,hugo guillamon,0.0713153724247226,0.0102205100290701,0.0102205100290701,0.0,0.016859554775685,0.2139461172741679,0.4992076069730586,0.2227409302645175,0.2073645589005337,2.803738317757009,11.526479750778815,10.59190031152648,31.775700934579437,3.7383177570093453,1.557632398753894,7.165109034267912,21.18380062305296,2.6479750778816196,10.71651090342679
495667,2024,36,2639,3,1.5810190811753273,2,4.5990445874631405,37,54,4,0,3,1.5810190811753273,11.007021154277028,8.987369268201292,Lucas Da Cunha,Como,Serie_A,M S,M,True,24.1,10000000.0,2001-06-09,2025-06-30,lucas da cunha,0.1023114816218264,0.0539188015558088,0.0539188015558088,0.0682076544145509,0.1568450219293985,1.2618416066691929,1.841606669192876,0.3753815475122897,0.3065036885707147,74.19354838709677,86.51026392961877,42.52199413489736,57.77126099706745,34.01759530791789,60.410557184750736,80.35190615835776,50.146627565982406,47.214076246334315,59.83870967741935
497291,2023,26,1543,2,1.7021510526537895,2,0.9089695196598768,22,10,4,0,2,1.7021510526537895,6.102301966398954,3.8425266593694687,Nicolás Domínguez,Nottingham Forest,EPL,M S,M,True,26.0,17000000.0,1998-06-28,2024-06-30,nicolas dominguez,0.1166558651976668,0.0992829518722236,0.0992829518722236,0.1166558651976668,0.0530183128771153,1.2832145171743357,0.5832793259883344,0.355934657793847,0.2241266359969229,27.102803738317753,17.75700934579439,41.1214953271028,36.44859813084112,60.12461059190031,57.63239875389408,22.429906542056074,38.78504672897196,58.87850467289719,39.08878504672897
497291,2024,34,1979,0,1.9267512233927848,1,1.4655370814725757,21,13,9,0,0,1.9267512233927848,4.884785549715161,3.653871604241431,Nicolás Domínguez,Nottingham Forest,EPL,M S,M,True,27.0,18000000.0,1998-06-28,2025-06-30,nicolas dominguez,0.0,0.0876238555358012,0.0876238555358012,0.045477513895907,0.066648982987636,0.9550277918140474,0.5912076806467913,0.2221479027156971,0.1661689966557497,31.378299120234605,21.407624633431084,8.504398826979472,18.181818181818183,53.665689149560116,41.05571847507331,26.392961876832842,13.343108504398828,47.360703812316714,28.115835777126097
503160,2024,31,2347,10,6.269156511873007,4,4.314232256263495,44,35,3,1,10,6.269156511873007,17.700350554659963,8.364783497527242,Paul Nebel,Mainz 05,Bundesliga,M S,M,True,22.7,24000000.0,2002-10-10,2025-06-30,paul nebel,0.3834682573498082,0.2404022522661144,0.2404022522661144,0.1533873029399233,0.1654371125111694,1.6872603323391564,1.342138900724329,0.6787522581676169,0.3207628950905205,76.24633431085044,69.50146627565982,87.68328445747801,62.4633431085044,90.6158357771261,79.17888563049853,72.87390029325513,75.0733137829912,84.89736070381231,77.25073313782991
503749,2022,35,2675,6,5.228078290820122,7,5.728406075388193,33,42,5,0,6,5.228078290820122,14.287118025124071,6.712041646242142,Jacob Ramsey,Aston Villa,EPL,M S,M,True,22.1,42000000.0,2001-05-28,2023-06-30,jacob ramsey,0.2018691588785046,0.1758979611864713,0.1758979611864713,0.2355140186915888,0.1927314193588551,1.1102803738317757,1.4130841121495328,0.4806880830882865,0.2258257002473991,88.67924528301887,75.47169811320755,70.12578616352201,43.39622641509434,87.73584905660378,51.257861635220124,82.0754716981132,56.76100628930817,69.49685534591195,69.44182389937106
503871,2024,35,3115,2,1.6894174106419086,0,0.7124996110796928,31,14,5,0,2,1.6894174106419086,8.62092512845993,6.655704429373145,Morten Frendrup,Genoa,Serie_A,M,M,True,24.2,20000000.0,2001-04-07,2025-06-30,morten frendrup,0.0577849117174959,0.0488114179639716,0.0488114179639716,0.0,0.0205858635624951,0.8956661316211878,0.4044943820224719,0.2490796987355999,0.1922996464345371,5.278592375366569,8.504398826979472,13.48973607038123,25.513196480938415,30.791788856304986,37.5366568914956,6.89149560117302,19.501466275659823,34.16422287390029,19.48680351906158
503881,2023,24,1128,0,0.1110397037118673,0,0.137501161545515,4,4,6,0,0,0.1110397037118673,2.3230541590601206,2.2155466321855783,Aster Vranckx,Wolfsburg,Bundesliga,M S,M,True,21.7,12000000.0,2002-10-04,2024-06-30,aster vranckx,0.0,0.0088595508280745,0.0088595508280745,0.0,0.0109708373573549,0.3191489361702128,0.3191489361702128,0.1853500658824564,0.1767723376743812,1.557632398753894,3.115264797507788,4.049844236760125,19.937694704049843,2.4922118380062304,3.7383177570093453,2.336448598130841,11.993769470404985,3.1152647975077876,5.950155763239875
503987,2023,23,1066,5,3.003602419048548,2,2.160680465400219,32,20,2,0,4,2.242433581501245,7.7808678727597,4.740718839690089,Noni Madueke,Chelsea,EPL,M S,M,True,22.3,28000000.0,2002-03-10,2024-06-30,noni madueke,0.4221388367729831,0.2535874462611345,0.189323660727122,0.1688555347091932,0.1824214276604312,2.701688555347092,1.6885553470919326,0.6569213025782111,0.4002483072909081,80.99688473520249,82.55451713395638,84.73520249221184,78.19314641744548,86.6043613707165,95.95015576323988,81.77570093457943,81.46417445482865,91.27725856697819,84.51713395638627
503991,2022,33,2164,0,2.176886333152652,2,2.0381622835993767,22,16,10,1,0,2.176886333152652,7.027413062751293,4.138658317737281,Yunus Musah,Valencia,La_Liga,M S,M,True,20.6,18000000.0,2002-11-29,2023-06-30,yunus musah,0.0,0.0905359380701195,0.0905359380701195,0.0831792975970425,0.0847664535692901,0.9149722735674676,0.6654343807763401,0.2922676412419669,0.1721253459317723,43.710691823899374,25.157232704402517,32.38993710691824,23.89937106918239,59.11949685534591,37.10691823899371,34.43396226415095,28.144654088050316,48.11320754716981,36.33647798742138
505219,2023,37,3016,1,2.2248211354017258,2,5.287607742473483,41,43,7,0,1,2.2248211354017258,9.332132609561086,5.183267613872886,James Garner,Everton,EPL,M S,M,True,23.3,22000000.0,2001-03-13,2024-06-30,james garner,0.029840848806366,0.0663905511227305,0.0663905511227305,0.059681697612732,0.1577867031905217,1.223474801061008,1.28315649867374,0.2784787582428706,0.1546731051885145,73.5202492211838,66.66666666666666,23.364485981308412,13.707165109034266,42.679127725856695,54.20560747663551,70.09345794392523,18.53582554517134,48.442367601246104,45.55295950155763
506248,2022,28,1162,2,0.6080315532162786,2,1.951344233006239,19,21,3,1,2,0.6080315532162786,4.529221378266811,3.0405226051807404,Edu Expósito,Espanyol,La_Liga,M S,M,True,26.9,4000000.0,1996-08-01,2023-06-30,edu exposito,0.1549053356282272,0.0470936659117599,0.0470936659117599,0.1549053356282272,0.1511368166700185,1.4716006884681585,1.6265060240963856,0.3508002788674811,0.2354965873203671,76.10062893081762,83.01886792452831,45.911949685534594,48.113207547169814,31.761006289308174,70.44025157232704,79.55974842767296,47.0125786163522,51.10062893081761,59.630503144654085
507486,2024,37,3015,4,4.3499494809657335,0,2.630914680659771,34,20,6,0,4,4.3499494809657335,15.720251835882664,9.804565664380789,Simon Sohm,Parma Calcio 1913,Serie_A,M S,M,True,24.2,5000000.0,2001-04-11,2025-06-30,simon sohm,0.1194029850746268,0.129849238237783,0.129849238237783,0.0,0.0785347665868588,1.0149253731343284,0.5970149253731344,0.4692612488323183,0.2926736019218146,39.29618768328446,21.994134897360702,59.530791788856305,52.49266862170088,70.38123167155426,44.28152492668622,30.64516129032258,56.011730205278596,57.33137829912024,47.52932551319648
513245,2022,27,1729,7,5.696989983320236,2,2.896976849064231,45,18,2,0,7,5.696989983320236,10.873751252889631,3.7506067249923936,Jesper Lindstrom,Eintracht Frankfurt,Bundesliga,M S,M,True,23.3,28000000.0,2000-02-29,2023-06-30,jesper lindstrom,0.3643724696356275,0.2965466156731181,0.2965466156731181,0.1041064198958935,0.1507969441386817,2.3423944476576053,0.9369577790630422,0.5660136568884134,0.1952311192882102,75.78616352201259,44.339622641509436,84.27672955974843,32.075471698113205,97.48427672955975,95.28301886792453,60.06289308176101,58.17610062893082,96.38364779874215,70.29874213836477
513245,2024,25,1279,0,2.0184412728995085,1,2.881908133625984,28,19,2,0,0,2.0184412728995085,5.934147605672479,3.5494546946138144,Jesper Lindstrom,Everton,EPL,M S,M,True,25.3,18000000.0,2000-02-29,2025-06-30,jesper lindstrom,0.0,0.1420326149812007,0.1420326149812007,0.070367474589523,0.2027925973622663,1.9702892885066456,1.3369820172009383,0.4175709808526373,0.2497661630299009,85.04398826979472,68.62170087976538,49.853372434017594,40.469208211143695,73.60703812316716,87.09677419354838,76.83284457478005,45.16129032258064,80.35190615835776,66.80351906158356
517753,2022,34,2569,0,0.3034171825274825,0,0.7375471564009786,12,19,11,0,0,0.3034171825274825,5.178929050453007,4.546009203419089,Óscar Valentín,Rayo Vallecano,La_Liga,M S,M,True,28.9,5000000.0,1994-08-20,2023-06-30,oscar valentin,0.0,0.0106296404933722,0.0106296404933722,0.0,0.0258385535523892,0.4203970416504476,0.6656286492798754,0.1814338709773338,0.1592607350360911,8.80503144654088,25.471698113207548,6.918238993710692,18.867924528301888,5.660377358490567,11.0062893081761,17.138364779874216,12.89308176100629,8.333333333333334,13.011006289308176
517753,2023,34,2728,1,2.517518602311611,0,0.7553664008155465,15,11,5,1,1,2.517518602311611,6.878373552113771,6.031045524403453,Óscar Valentín,Rayo Vallecano,La_Liga,M S,M,True,29.9,4000000.0,1994-08-20,2024-06-30,oscar valentin,0.032991202346041,0.0830559656187848,0.0830559656187848,0.0,0.0249204457747064,0.4948680351906158,0.3629032258064516,0.2269258136694426,0.1989714432537796,6.853582554517133,4.984423676012461,11.526479750778815,28.971962616822427,52.64797507788161,11.214953271028037,5.919003115264797,20.24922118380062,31.931464174454824,18.73831775700934
517753,2024,34,1804,0,0.7470753621309996,0,0.8123187460005283,5,13,4,0,0,0.7470753621309996,4.489038864150643,3.837142636999488,Óscar Valentín,Rayo Vallecano,La_Liga,M S,M,True,30.9,2500000.0,1994-08-20,2025-06-30,oscar valentin,0.0,0.0372709437870232,0.0372709437870232,0.0,0.0405258797893833,0.2494456762749446,0.6485587583148559,0.2239542670585132,0.1914317280099522,16.422287390029325,26.24633431085044,8.797653958944283,24.926686217008797,20.234604105571847,2.346041055718475,21.334310850439884,16.86217008797654,11.290322580645162,16.755865102639294
520624,2022,32,2762,4,2.726729958318174,5,3.806102696806192,28,42,7,0,4,2.726729958318174,16.498836187645793,13.379123143851755,Bruno Guimarães,Newcastle United,EPL,M,M,True,25.6,70000000.0,1997-11-16,2023-06-30,bruno guimaraes,0.1303403330919623,0.0888507227547558,0.0888507227547558,0.1629254163649529,0.1240221733209838,0.9123823316437364,1.3685734974656047,0.5376159510818687,0.435959841762005,66.66666666666666,72.95597484276729,80.81761006289308,87.10691823899371,57.861635220125784,36.16352201257861,69.81132075471697,83.9622641509434,47.0125786163522,67.9245283018868
520624,2023,37,3292,7,4.978310074657202,8,7.888791332021356,48,62,8,0,7,4.978310074657202,23.88053077459336,18.56961396895349,Bruno Guimarães,Newcastle United,EPL,M,M,True,26.6,85000000.0,1997-11-16,2024-06-30,bruno guimaraes,0.1913730255164034,0.1361020372779915,0.1361020372779915,0.2187120291616038,0.2156716949823578,1.3122721749696231,1.6950182260024302,0.6528699178959302,0.5076747439871854,85.98130841121495,82.86604361370716,84.11214953271028,87.85046728971963,73.83177570093457,60.747663551401864,84.42367601246106,85.98130841121495,67.28971962616822,79.82866043613706
520624,2024,38,3321,5,4.702356463298202,6,6.579319527372718,45,52,7,0,5,4.702356463298202,20.815922878682613,14.020939897745848,Bruno Guimarães,Newcastle United,EPL,M,M,True,27.6,80000000.0,1997-11-16,2025-06-30,bruno guimaraes,0.1355013550135501,0.1274351345067263,0.1274351345067263,0.1626016260162601,0.1783013422052227,1.2195121951219512,1.4092140921409213,0.5641171511838107,0.3799712709416218,79.47214076246334,72.14076246334311,75.95307917888563,74.7800586510264,69.20821114369502,57.478005865102645,75.80645161290323,75.36656891495602,63.343108504398835,71.91348973607037
525704,2022,28,1769,1,1.320841331966221,2,2.0849048728123307,23,23,6,1,1,1.320841331966221,11.923506755381824,10.56555624678731,Nicolo Rovella,"Juventus,Monza",Serie_A,M S,M,True,21.6,18000000.0,2001-12-04,2023-06-30,nicolo rovella,0.0508762012436404,0.0671993894160316,0.0671993894160316,0.1017524024872809,0.1060720398830468,1.170152628603731,1.170152628603731,0.6066227292167123,0.5375353658625539,56.91823899371069,60.37735849056604,86.79245283018868,94.33962264150944,46.855345911949684,55.9748427672956,58.64779874213836,90.56603773584905,51.41509433962264,67.64937106918238
525704,2023,23,1328,0,0.5673309545964003,2,0.3831647876650095,5,10,6,0,0,0.5673309545964003,4.864365924149752,4.15737172588706,Nicolo Rovella,Lazio,Serie_A,M S,M,True,22.6,18000000.0,2001-12-04,2024-06-30,nicolo rovella,0.0,0.0384486339711415,0.0384486339711415,0.1355421686746988,0.0259674931399479,0.338855421686747,0.677710843373494,0.3296633532932813,0.2817495898568037,7.78816199376947,26.791277258566975,35.82554517133956,58.25545171339564,25.54517133956386,4.049844236760125,17.28971962616822,47.0404984423676,14.797507788161994,26.95482866043613
525704,2024,33,2747,0,1.6033612098544836,3,2.8911108635365963,28,30,13,0,0,1.6033612098544836,12.793603636324406,10.814154289662838,Nicolo Rovella,Lazio,Serie_A,M S,M,True,23.6,30000000.0,2001-12-04,2025-06-30,nicolo rovella,0.0,0.0525309460818724,0.0525309460818724,0.0982890425919184,0.0947215062680355,0.9173643975245722,0.9828904259191846,0.4191570175716041,0.3543042905240828,48.38709677419355,52.49266862170088,50.733137829912025,70.38123167155426,32.84457478005865,39.002932551319645,50.43988269794721,60.55718475073314,35.92375366568915,49.62609970674486
527698,2022,36,2356,1,1.5908779939636588,2,2.4986217943951488,46,32,9,0,1,1.5908779939636588,7.024913653731346,4.2678336994722486,Kike Pérez,Real Valladolid,La_Liga,M S,M,True,26.4,4500000.0,1997-02-14,2023-06-30,kike perez,0.0382003395585738,0.0607720795656745,0.0607720795656745,0.0764006791171477,0.0954482009743478,1.757215619694397,1.222410865874363,0.2683540869421991,0.1630326964993643,50.943396226415096,64.15094339622641,24.21383647798742,21.069182389937108,42.76729559748428,83.64779874213836,57.54716981132076,22.641509433962263,63.20754716981132,47.02830188679245
527698,2024,35,2355,3,3.591485232114792,0,2.429849884007126,33,35,10,0,3,3.591485232114792,7.824495084583759,3.8067626785486937,Kike Pérez,Real Valladolid,La_Liga,M S,M,True,28.4,2800000.0,1997-02-14,2025-06-30,kike perez,0.1146496815286624,0.137254212692285,0.137254212692285,0.0,0.0928605051212914,1.2611464968152866,1.3375796178343948,0.2990252898567042,0.1454813762502685,46.9208211143695,68.91495601173021,24.34017595307918,10.850439882697946,71.8475073313783,60.117302052785924,57.91788856304986,17.59530791788856,65.98240469208211,46.224340175953074
528833,2022,37,1847,5,2.082535940222442,4,3.911521703004837,50,49,1,0,5,2.082535940222442,8.17041178792715,6.202445788308978,Lazar Samardzic,Udinese,Serie_A,M S,M,True,21.3,14000000.0,2002-02-24,2023-06-30,lazar samardzic,0.2436383324309691,0.1014771167406712,0.1014771167406712,0.1949106659447753,0.1905993249975286,2.4363833243096917,2.387655657823497,0.3981251006569808,0.3022307097714174,88.36477987421384,96.54088050314465,54.088050314465406,66.0377358490566,63.52201257861635,96.54088050314465,92.45283018867924,60.062893081761004,80.0314465408805,77.38993710691824
528833,2023,34,2393,6,3.76485834363848,2,5.842832416296005,57,61,3,0,5,3.0035595083609223,7.7469049682840705,5.526285901665688,Lazar Samardzic,Udinese,Serie_A,M S,M,True,22.3,20000000.0,2002-02-24,2024-06-30,lazar samardzic,0.2256581696615127,0.1415951738100556,0.1129629568543598,0.0752193898871709,0.219747144783385,2.143752611784371,2.294191391558713,0.2913587326141104,0.2078419269326836,86.29283489096574,92.83489096573209,25.54517133956386,32.087227414330215,66.97819314641744,88.78504672897196,89.56386292834891,28.81619937694704,77.8816199376947,64.797507788162
528833,2024,31,1119,2,1.92628039047122,1,3.317144453525543,33,35,3,0,2,1.92628039047122,8.127213651314378,4.740726798772812,Lazar Samardzic,Atalanta,Serie_A,M S,M,True,23.3,17000000.0,2002-02-24,2025-06-30,lazar samardzic,0.1608579088471849,0.1549287177322697,0.1549287177322697,0.0804289544235924,0.2667944600690785,2.6541554959785523,2.815013404825737,0.6536632963523628,0.381291699633202,92.66862170087975,98.82697947214076,85.92375366568915,75.65982404692082,76.24633431085044,96.48093841642229,95.74780058651027,80.79178885630498,86.36363636363637,87.69794721407624
530742,2024,20,947,3,1.4858720265328884,1,0.7893589623272419,16,9,0,0,3,1.4858720265328884,3.404227823019028,1.4639215217903256,Fisayo Dele-Bashiru,Lazio,Serie_A,M S,M,True,24.4,7500000.0,2001-02-06,2025-06-30,fisayo dele bashiru,0.2851108764519535,0.1412127585934107,0.1412127585934107,0.0950369588173178,0.0750182751947748,1.5205913410770855,0.8553326293558606,0.3235274594210269,0.1391266493781724,36.36363636363637,43.988269794721404,28.445747800586513,9.090909090909092,73.31378299120234,71.5542521994135,40.17595307917888,18.7683284457478,72.43401759530792,42.360703812316714
534033,2022,35,2882,10,11.532242968678474,2,3.928120201453567,86,47,8,0,4,6.965230006724596,19.9106729477644,12.656914940103889,Alexis Mac Allister,Brighton,EPL,M S,M,True,24.5,65000000.0,1998-12-24,2023-06-30,alexis mac allister,0.3122831367106176,0.3601325007567879,0.2175123874410873,0.0624566273421235,0.1226685697886263,2.685634975711312,1.4677307425399029,0.6217767402147106,0.3952541098575121,64.77987421383648,77.67295597484278,87.73584905660378,81.44654088050315,92.13836477987421,98.42767295597484,71.22641509433963,84.59119496855347,95.28301886792453,83.12106918238993
534033,2023,33,2661,5,3.998983211815357,5,3.578091200441122,44,47,7,1,4,3.237814389169216,22.71393956243992,18.186699956655502,Alexis Mac Allister,Liverpool,EPL,M S,M,True,25.5,75000000.0,1998-12-24,2024-06-30,alexis mac allister,0.1691093573844419,0.1352530962282533,0.1095089421365011,0.1691093573844419,0.1210177407139049,1.488162344983089,1.589627959413754,0.7682279446146535,0.6151082285227341,63.2398753894081,78.50467289719626,89.40809968847351,94.0809968847352,64.17445482866043,71.96261682242991,70.87227414330218,91.74454828660436,68.06853582554517,77.33644859813083
534033,2024,35,2621,5,3.568436846137047,5,4.891626043245196,38,45,6,0,5,3.568436846137047,23.3634732440114,19.07193909212947,Alexis Mac Allister,Liverpool,EPL,M S,M,True,26.5,100000000.0,1998-12-24,2025-06-30,alexis mac allister,0.1716901945822205,0.1225331232935269,0.1225331232935269,0.1716901945822205,0.167968845437645,1.304845478824876,1.5452117512399846,0.802255853476164,0.6548929867575933,77.12609970674487,76.24633431085044,93.54838709677419,97.0674486803519,68.03519061583577,63.34310850439883,76.68621700879766,95.30791788856305,65.6891495601173,79.90469208211144
535834,2022,23,1170,1,0.151798402890563,0,0.0739876860752701,4,2,2,0,1,0.151798402890563,1.986421794630587,1.9708956070244312,Eliot Matazo,Monaco,Ligue_1,M S,M,True,21.4,7000000.0,2002-02-15,2023-06-30,eliot matazo,0.0769230769230769,0.011676800222351,0.011676800222351,0.0,0.0056913604673284,0.3076923076923077,0.1538461538461538,0.1528016765100451,0.1516073543864947,0.9433962264150944,0.3144654088050315,2.8301886792452833,15.40880503144654,6.918238993710692,5.031446540880504,0.628930817610063,9.119496855345911,5.974842767295598,5.20440251572327
536508,2022,14,1127,0,0.8377298340201378,0,0.5191048234701157,13,11,3,0,0,0.8377298340201378,3.390039924532175,2.246228930540383,Han-Noah Massengo,Auxerre,Ligue_1,M S,M,True,22.0,5000000.0,2001-07-07,2023-06-30,han noah massengo,0.0,0.0668994543583073,0.0668994543583073,0.0,0.0414546886533366,1.0381543921916594,0.878438331854481,0.2707219105660122,0.1793794177006517,16.9811320754717,41.509433962264154,24.842767295597483,25.471698113207548,46.540880503144656,45.911949685534594,29.245283018867926,25.157232704402517,46.22641509433963,32.90880503144655
536508,2024,17,1048,0,0.362643314525485,0,0.6310354843735695,6,3,5,0,0,0.362643314525485,3.4386744014918804,3.12791520729661,Han-Noah Massengo,Auxerre,Ligue_1,M S,M,True,24.0,5000000.0,2001-07-07,2025-06-30,han noah massengo,0.0,0.0311430327359672,0.0311430327359672,0.0,0.0541919786198676,0.5152671755725191,0.2576335877862595,0.2953060077617073,0.2686186723823424,23.16715542521994,1.466275659824047,22.58064516129032,43.988269794721404,15.835777126099707,12.609970674486803,12.316715542521992,33.28445747800586,14.222873900293255,20.227272727272723
538971,2022,17,1426,2,0.6138978954404593,2,1.1083042230457067,16,16,2,1,2,0.6138978954404593,5.58202375471592,4.412002116441727,Naouirou Ahamada,VfB Stuttgart,Bundesliga,M,M,True,21.3,10000000.0,2002-03-29,2023-06-30,naouirou ahamada,0.126227208976157,0.0387453089688929,0.0387453089688929,0.126227208976157,0.0699490743857739,1.0098176718092566,1.0098176718092566,0.3523016394981997,0.2784573565776685,35.53459119496855,51.886792452830186,46.540880503144656,60.062893081761004,25.157232704402517,44.65408805031446,43.71069182389937,53.301886792452834,34.90566037735849,44.42610062893081
540333,2023,32,2105,3,3.3827812066301703,5,3.2258242769166827,53,28,7,0,2,2.6214823788031936,5.601638951338828,2.192126054316759,Tomás Suslov,Verona,Serie_A,M S,M,True,22.1,7000000.0,2002-06-07,2024-06-30,tomas suslov,0.1282660332541567,0.1446319755803873,0.1120823819915854,0.2137767220902613,0.1379212279916871,2.2660332541567696,1.1971496437054632,0.2395000026700686,0.0937251044600989,67.91277258566979,61.6822429906542,14.953271028037381,2.803738317757009,66.35514018691589,91.58878504672897,64.797507788162,8.878504672897195,78.97196261682242,49.47819314641744
540536,2023,18,1125,2,2.099360242486,4,4.537976810708642,15,33,1,0,2,2.099360242486,5.820134531706572,0.6914112120866776,Carlos Vicente,Alaves,La_Liga,M S,M,True,25.2,4000000.0,1999-04-23,2024-06-30,carlos vicente,0.16,0.16794881939888,0.16794881939888,0.32,0.3630381448566913,1.2000000000000002,2.64,0.4656107625365258,0.0553128969669342,98.75389408099689,95.6386292834891,65.42056074766354,0.3115264797507788,81.93146417445483,52.80373831775701,97.19626168224299,32.86604361370716,67.36760124610592,65.73208722741433
543382,2022,29,2206,0,0.9617398604750632,3,2.229152262210846,27,18,6,1,0,0.9617398604750632,12.112434014678,9.559408374130726,Mohamed Camara,Monaco,Ligue_1,M S,M,True,23.5,30000000.0,2000-01-06,2023-06-30,mohamed camara,0.0,0.0392368936730533,0.0392368936730533,0.1223934723481414,0.0909445619215666,1.101541251133273,0.7343608340888486,0.4941609525480598,0.3900030615012536,48.42767295597484,30.18867924528302,73.89937106918238,80.18867924528303,26.10062893081761,50.943396226415096,39.30817610062893,77.04402515723271,38.522012578616355,52.27987421383647
543382,2023,20,1073,1,1.5949666714295745,2,0.4871107516810298,14,14,4,0,0,0.8348715519532561,6.616976831108332,5.580427460372448,Mohamed Camara,Monaco,Ligue_1,M S,M,True,24.5,20000000.0,2000-01-06,2024-06-30,mohamed camara,0.0838769804287045,0.1337809882839344,0.0700265048236654,0.1677539608574091,0.0408573789853613,1.174277726001864,1.174277726001864,0.5550120361600651,0.4680694048774653,17.445482866043612,60.747663551401864,78.19314641744548,85.66978193146417,46.10591900311526,50.155763239875384,39.09657320872274,81.93146417445482,48.13084112149532,56.79906542056074
543387,2022,34,2825,0,0.9975933516398072,3,2.030144080519676,36,26,8,1,0,0.9975933516398072,8.899869498796761,7.775504394434392,Cheick Oumar Doucoure,Crystal Palace,EPL,M,M,True,23.5,35000000.0,2000-01-08,2023-06-30,cheick oumar doucoure,0.0,0.0317817350964894,0.0317817350964894,0.095575221238938,0.0646771565475295,1.1469026548672567,0.8283185840707964,0.2835356654483923,0.2477151842474673,32.075471698113205,38.9937106918239,29.245283018867923,51.886792452830186,20.754716981132077,53.77358490566038,35.534591194968556,40.56603773584905,37.26415094339623,37.814465408805034
543387,2023,11,926,0,0.1988849276676774,0,0.7361565185710788,6,10,2,0,0,0.1988849276676774,3.296035975217819,2.666292503476143,Cheick Oumar Doucoure,Crystal Palace,EPL,M,M,True,24.5,35000000.0,2000-01-08,2024-06-30,cheick oumar doucoure,0.0,0.0193300685638131,0.0193300685638131,0.0,0.071548689709932,0.5831533477321814,0.9719222462203024,0.3203490688656628,0.2591428999058886,35.82554517133956,49.532710280373834,33.33333333333333,51.71339563862928,11.214953271028037,15.57632398753894,42.6791277258567,42.523364485981304,13.39563862928349,33.839563862928344
543537,2024,34,2494,3,2.289319817908108,1,0.8812172105535865,24,17,3,1,3,2.289319817908108,8.082963166758418,5.432613124139607,Seydouba Cissé,Leganes,La_Liga,M S,M,True,24.4,,2001-02-10,2025-06-30,seydouba cisse,0.1082598235765838,0.0826137865323695,0.0826137865323695,0.0360866078588612,0.0318001399157268,0.8660785886126704,0.6134723336006416,0.2916867221364305,0.1960445794597291,11.730205278592376,22.87390029325513,21.407624633431084,26.099706744868033,50.43988269794721,35.19061583577713,17.302052785923753,23.753665689149557,42.81524926686217,27.214076246334308
543771,2024,22,960,2,2.2790823988616467,2,1.5879101548343897,16,14,4,0,0,0.756484741345048,4.228175640106201,3.637131825089455,Kristjan Asllani,Inter,Serie_A,M S,M,True,23.3,13000000.0,2002-03-09,2025-06-30,kristjan asllani,0.1875,0.2136639748932794,0.0709204445010982,0.1875,0.148866577015724,1.5,1.3125,0.3963914662599564,0.3409811086021364,70.96774193548387,66.27565982404691,46.33431085043988,66.86217008797654,44.28152492668622,70.38123167155426,68.6217008797654,56.59824046920821,57.33137829912024,61.02639296187682
552425,2024,32,2144,0,1.583032850176096,0,3.2875387091189623,21,34,8,0,0,1.583032850176096,8.322481885552406,5.819439947605133,Jon Moncayola,Osasuna,La_Liga,M S,M,True,27.1,7000000.0,1998-05-13,2025-06-30,jon moncayola,0.0,0.0664519386734368,0.0664519386734368,0.0,0.1380030241701056,0.8815298507462687,1.4272388059701493,0.3493579149718827,0.2442861918304393,65.6891495601173,72.72727272727273,36.65689149560117,39.589442815249264,41.64222873900293,36.950146627565985,69.20821114369502,38.12316715542522,39.29618768328446,49.35483870967742
552549,2022,30,1958,4,3.804456144571304,1,1.540488135069609,25,27,4,0,4,3.804456144571304,8.338156580924988,3.2832372095435858,Matheus Henrique,Sassuolo,Serie_A,M S,M,True,25.5,10000000.0,1997-12-19,2023-06-30,matheus henrique,0.1838610827374872,0.1748728564920415,0.1748728564920415,0.0459652706843718,0.0708089541145376,1.149131767109295,1.2410623084780388,0.3832656242508931,0.1509148870576724,36.477987421383645,64.77987421383648,51.886792452830186,15.09433962264151,87.10691823899371,54.088050314465406,50.62893081761006,33.490566037735846,70.59748427672956,50.62106918238993
552549,2023,31,2502,2,3.3476949287578464,2,1.78012574929744,19,36,6,1,2,3.3476949287578464,8.526001347228885,4.392212780192494,Matheus Henrique,Sassuolo,Serie_A,M S,M,True,26.5,8500000.0,1997-12-19,2024-06-30,matheus henrique,0.0719424460431654,0.12042068089057,0.12042068089057,0.0719424460431654,0.0640333003344402,0.6834532374100719,1.2949640287769786,0.306690695943485,0.1579932654745501,34.26791277258567,67.601246105919,29.283489096573206,15.57632398753894,68.84735202492212,20.5607476635514,50.93457943925233,22.429906542056074,44.704049844236756,39.088785046728965
555076,2022,26,1539,5,2.905648953281343,4,2.716280138120055,29,23,0,0,5,2.905648953281343,6.554494062438607,3.842236659489572,Romain Faivre,"Lorient,Lyon",Ligue_1,M S,M,True,25.0,10000000.0,1998-07-14,2023-06-30,romain faivre,0.2923976608187134,0.1699209914199615,0.1699209914199615,0.2339181286549707,0.1588467917029272,1.6959064327485378,1.345029239766082,0.383303746341439,0.2246922023093317,79.55974842767296,71.38364779874213,52.20125786163522,42.45283018867924,85.22012578616352,81.44654088050315,75.47169811320754,47.327044025157235,83.33333333333334,67.97955974842768
555820,2023,29,1796,2,1.4152702372521162,2,1.6361295226961374,38,14,6,1,2,1.4152702372521162,5.586488757282496,3.486677371431142,Martín Payero,Udinese,Serie_A,M S,M,True,25.8,4500000.0,1998-09-11,2024-06-30,martin payero,0.1002227171492204,0.0709211143389145,0.0709211143389145,0.1002227171492204,0.081988673186332,1.9042316258351888,0.7015590200445434,0.279946541289212,0.1747221399937654,43.613707165109034,29.595015576323984,23.67601246105919,18.38006230529595,47.0404984423676,84.42367601246106,36.60436137071651,21.02803738317757,65.73208722741433,39.890965732087224
555820,2024,25,1391,1,1.3691439758986237,1,1.263338158838451,31,15,5,0,1,1.3691439758986237,4.44339719042182,3.080846358090639,Martín Payero,Udinese,Serie_A,M S,M,True,26.8,5500000.0,1998-09-11,2025-06-30,martin payero,0.0647016534867002,0.0885858791019957,0.0885858791019957,0.0647016534867002,0.0817400677896912,2.005751258087707,0.9705248023005032,0.2874951453184499,0.1993358535069428,41.05571847507331,51.90615835777126,19.64809384164223,26.97947214076246,54.252199413489734,87.3900293255132,46.48093841642229,23.313782991202345,70.82111436950146,45.67448680351906
559794,2024,32,1151,0,1.3016396705061195,4,2.666540065780282,17,28,2,0,0,1.3016396705061195,5.49640105292201,1.92395218461752,Jack Clarke,Ipswich,EPL,M S,M,True,24.6,15000000.0,2000-11-23,2025-06-30,jack clarke,0.0,0.1017789490404437,0.1017789490404437,0.312771503040834,0.2085044360731758,1.3292788879235446,2.1894005212858385,0.42977940465941,0.1504393541403795,87.09677419354838,94.42815249266863,51.90615835777126,12.903225806451612,61.29032258064516,64.80938416422288,90.76246334310851,32.40469208211144,63.049853372434015,62.023460410557185
560593,2022,27,1874,1,0.813063396140933,2,2.378566392697394,21,23,5,0,1,0.813063396140933,11.239189656451344,9.103127291426064,Hichem Boudaoui,Nice,Ligue_1,M S,M,True,23.8,8000000.0,1999-09-23,2023-06-30,hichem boudaoui,0.048025613660619,0.0390478685446552,0.0390478685446552,0.096051227321238,0.1142321106418172,1.0085378868729988,1.1045891141942368,0.5397689802991574,0.4371832744014652,61.32075471698113,55.9748427672956,81.13207547169812,87.73584905660378,25.78616352201258,44.339622641509436,58.64779874213836,84.43396226415095,35.062893081761004,60.59748427672955
560593,2023,29,1609,2,3.567662664689124,0,2.251754865050316,29,20,5,0,2,3.567662664689124,9.234316141344609,4.888252913951874,Hichem Boudaoui,Nice,Ligue_1,M S,M,True,24.8,9000000.0,1999-09-23,2024-06-30,hichem boudaoui,0.1118707271597265,0.19955850827969,0.19955850827969,0.0,0.1259527270693153,1.622125543816035,1.1187072715972657,0.5165248307775107,0.2734262040122241,64.48598130841121,58.25545171339564,73.20872274143302,57.009345794392516,88.1619937694704,75.38940809968847,61.37071651090342,65.10903426791276,81.77570093457943,68.8006230529595
560593,2024,29,2450,2,3.869574027135968,3,2.752190748229623,39,22,9,0,2,3.869574027135968,15.767488967627289,10.564869833178818,Hichem Boudaoui,Nice,Ligue_1,M S,M,True,25.8,15000000.0,1999-09-23,2025-06-30,hichem boudaoui,0.073469387755102,0.1421476173233621,0.1421476173233621,0.110204081632653,0.1011008846288432,1.43265306122449,0.8081632653061225,0.5792138804434515,0.3880972591779973,51.31964809384164,40.17595307917888,76.83284457478005,76.83284457478005,73.90029325513197,69.20821114369502,45.747800586510266,76.83284457478005,71.5542521994135,64.36950146627566
562049,2023,31,1766,0,1.5188872143626213,2,0.919532866217196,19,16,2,0,0,1.5188872143626213,8.768603987060487,6.591720283031464,Edoardo Bove,Roma,Serie_A,M S,M,True,22.1,18000000.0,2002-05-16,2024-06-30,edoardo bove,0.0,0.077406483178163,0.077406483178163,0.101925254813137,0.0468618108491209,0.9682899207248018,0.8154020385050963,0.4468710978683147,0.3359313847524528,22.741433021806852,38.62928348909657,62.30529595015576,71.65109034267913,49.84423676012461,38.62928348909657,30.68535825545171,66.97819314641744,44.23676012461059,47.45327102803738
563137,2023,29,2029,1,2.999608102254569,1,3.741502471268177,32,45,0,1,1,2.999608102254569,7.7469913847744465,3.1558670178055763,Roberto Navarro,Cadiz,La_Liga,M S,M,True,22.2,6000000.0,2002-04-12,2024-06-30,roberto navarro,0.0443568260226712,0.133053094727901,0.133053094727901,0.0443568260226712,0.1659611741814371,1.4194184327254806,1.996057171020207,0.3436319490535732,0.1399842442594883,77.25856697819314,89.40809968847351,39.25233644859813,9.034267912772584,72.58566978193146,66.97819314641744,83.33333333333333,24.143302180685357,69.78193146417445,58.551401869158866
563137,2024,23,1302,1,2.833723386749625,0,1.881919821724296,18,13,3,0,1,2.833723386749625,7.154552217572928,3.6579713448882094,Roberto Navarro,Mallorca,La_Liga,M S,M,True,23.2,6000000.0,2002-04-12,2025-06-30,roberto navarro,0.0691244239631336,0.195879496779928,0.195879496779928,0.0,0.1300866236214951,1.2442396313364057,0.8986175115207373,0.494554300753889,0.2528551620890467,62.4633431085044,46.04105571847507,65.6891495601173,41.348973607038126,85.04398826979472,59.2375366568915,54.252199413489734,53.51906158357771,72.14076246334311,59.36217008797654
564785,2022,31,1112,2,2.017801232635975,1,1.5006314874626696,20,10,5,0,2,2.017801232635975,6.487498443573713,3.186978831887245,Kristian Thorstvedt,Sassuolo,Serie_A,M S,M,True,24.3,7500000.0,1999-03-13,2023-06-30,kristian thorstvedt,0.1618705035971223,0.1633112508428397,0.1633112508428397,0.0809352517985611,0.1214539872946405,1.618705035971223,0.8093525179856115,0.5250673200734121,0.2579389342354785,63.52201257861635,37.735849056603776,78.30188679245283,54.71698113207547,83.33333333333334,79.55974842767296,50.62893081761006,66.50943396226415,81.44654088050315,65.43238993710692
564785,2023,34,2439,6,4.574479971081018,1,1.940694333985448,42,37,7,0,6,4.574479971081018,8.221251201815903,3.545681210234761,Kristian Thorstvedt,Sassuolo,Serie_A,M S,M,True,25.3,8000000.0,1999-03-13,2024-06-30,kristian thorstvedt,0.2214022140221402,0.1687999989328788,0.1687999989328788,0.03690036900369,0.0716123370474335,1.5498154981549814,1.3653136531365313,0.303367203019037,0.1308369450271129,36.13707165109034,71.65109034267913,28.34890965732087,7.165109034267912,82.55451713395638,73.5202492211838,53.89408099688473,17.75700934579439,78.03738317757009,48.48909657320872
565435,2022,18,1460,0,0.4481054097414017,3,2.4704787489026785,17,24,5,0,0,0.4481054097414017,3.741628428921104,2.508486784994602,Arne Engels,Augsburg,Bundesliga,M,M,True,19.8,7500000.0,2003-09-08,2023-06-30,arne engels,0.0,0.0276229362169357,0.0276229362169357,0.184931506849315,0.152289785891261,1.047945205479452,1.4794520547945205,0.230648327810205,0.1546327470202152,76.72955974842768,78.61635220125787,14.779874213836477,17.29559748427673,18.238993710691823,46.855345911949684,77.67295597484278,16.037735849056602,32.54716981132076,42.56289308176101
566574,2023,37,3232,6,1.8378973649814725,2,1.910202752798796,43,37,8,0,6,1.8378973649814725,11.23528541252017,8.897437009960413,Kirian Rodríguez,Las Palmas,La_Liga,M S,M,True,28.3,12000000.0,1996-03-05,2024-06-30,kirian rodriguez,0.167079207920792,0.0511790726634692,0.0511790726634692,0.0556930693069306,0.0531925271509565,1.19740099009901,1.0303217821782178,0.3128637645813166,0.2477627880248877,27.41433021806853,54.20560747663551,30.529595015576323,46.10591900311526,35.82554517133956,52.024922118380054,40.80996884735202,38.31775700934579,43.92523364485981,40.87227414330218
566574,2024,21,1792,0,1.693218463100493,3,1.669024096801877,21,16,2,0,0,1.693218463100493,7.692378982901573,5.614286290481687,Kirian Rodríguez,Las Palmas,La_Liga,M,M,True,29.3,1000000.0,1996-03-05,2025-06-30,kirian rodriguez,0.0,0.0850388737048238,0.0850388737048238,0.1506696428571428,0.0838237548617014,1.0546875,0.8035714285714285,0.3863359980251906,0.2819675034282097,43.10850439882698,39.29618768328446,44.868035190615835,48.68035190615836,51.61290322580645,46.04105571847507,41.20234604105572,46.774193548387096,48.82697947214076,45.43988269794721
566723,2024,34,2370,12,10.028207782655954,15,14.287162024527788,86,89,3,0,12,10.028207782655954,31.13305725902319,15.147963047027588,Michael Olise,Bayern Munich,Bundesliga,M S,M,True,23.5,100000000.0,2001-12-12,2025-06-30,michael olise,0.4556962025316455,0.3808180170628843,0.3808180170628843,0.569620253164557,0.5425504566276375,3.2658227848101262,3.3797468354430378,1.1822679971780958,0.5752391030516806,100.0,99.70674486803519,99.41348973607037,95.01466275659824,97.36070381231671,98.82697947214076,99.85337243401759,97.21407624633432,98.09384164222874,98.40175953079178
566931,2023,32,2738,8,7.734520580619574,11,10.540094953030348,81,79,9,1,7,6.218967225402594,23.96453043073416,12.515338407829404,Xavi Simons,RasenBallsport Leipzig,Bundesliga,M,M,True,21.2,80000000.0,2003-04-21,2024-06-30,xavi simons,0.2629656683710737,0.2542391717515564,0.2044218591257244,0.3615777940102264,0.3464603892522758,2.6625273922571218,2.5967859751643534,0.7877310952396182,0.4113880411631286,98.13084112149532,95.32710280373831,91.58878504672897,80.37383177570094,88.47352024922118,95.01557632398755,96.72897196261681,85.98130841121495,91.74454828660436,91.47196261682242
566931,2024,25,2171,10,6.223592175170779,6,6.1870312336832285,50,50,5,0,10,6.223592175170779,16.81583746895194,6.952227101661265,Xavi Simons,RasenBallsport Leipzig,Bundesliga,M,M,True,22.2,70000000.0,2003-04-21,2025-06-30,xavi simons,0.4145555043758636,0.25800243932076,0.25800243932076,0.2487333026255182,0.2564867853668773,2.0727775218793183,2.0727775218793183,0.6971097983443918,0.2882084012664734,92.08211143695014,92.08211143695014,89.14956011730204,51.02639296187683,92.08211143695014,88.56304985337243,92.08211143695014,70.08797653958943,90.32258064516128,83.85630498533723
567576,2024,37,2773,2,2.230010911822319,6,4.1257980996742845,40,37,10,0,2,2.230010911822319,9.88364265859127,6.357638165354729,Elliot Anderson,Nottingham Forest,EPL,M S,M,True,22.6,32000000.0,2002-11-06,2025-06-30,elliot anderson,0.0649116480346195,0.0723768417107856,0.0723768417107856,0.1947349441038586,0.1339061770539796,1.298232960692391,1.2008654886404615,0.320781766777214,0.2063423854604852,63.929618768328446,62.75659824046921,27.56598240469208,28.739002932551323,45.16129032258064,63.049853372434015,63.34310850439883,28.1524926686217,54.10557184750733,48.25513196480938
568157,2024,34,1984,4,3.981011871248484,7,5.7880224250257015,29,39,11,0,4,3.981011871248484,14.707165252417326,6.185822805389762,Yeremi Pino,Villarreal,La_Liga,M S,M,True,22.7,30000000.0,2002-10-20,2025-06-30,yeremi pino,0.1814516129032258,0.1805902562562316,0.1805902562562316,0.3175403225806451,0.2625615011352384,1.315524193548387,1.7691532258064515,0.6671597140713506,0.2806068812928823,92.37536656891496,84.75073313782991,86.80351906158357,47.80058651026393,81.23167155425219,64.22287390029325,88.56304985337243,67.30205278592375,72.72727272727272,76.37096774193547
568177,2024,37,3228,15,15.77423645183444,8,12.95436640828848,126,87,7,0,11,11.968392122536898,29.99983731843531,9.8022615686059,Cole Palmer,Chelsea,EPL,M S,M,True,23.2,120000000.0,2002-05-06,2025-06-30,cole palmer,0.4182156133828996,0.4398021315567223,0.3336912301822555,0.2230483271375464,0.3611812195619464,3.513011152416357,2.425650557620818,0.8364266910344418,0.273297255630276,99.12023460410558,97.0674486803519,93.841642228739,45.74780058651026,96.48093841642229,99.41348973607037,98.09384164222874,69.79472140762464,97.94721407624633,88.14516129032256
568693,2023,34,2141,3,3.842421315610409,3,2.0322468373924494,36,20,9,0,3,3.842421315610409,16.10821724496782,11.238362627103925,Pape Sarr,Tottenham,EPL,M S,M,True,21.8,45000000.0,2002-09-14,2024-06-30,pape sarr,0.1261092947220924,0.1615216807122544,0.1615216807122544,0.1261092947220924,0.0854284051215882,1.5133115366651098,0.8407286314806165,0.677131971997713,0.4724206615783994,46.10591900311526,39.875389408099686,85.98130841121495,85.98130841121495,79.43925233644859,72.89719626168224,42.99065420560747,85.98130841121495,76.16822429906541,67.99065420560747
568693,2024,36,1913,3,3.994037317112088,2,2.015070780180394,34,16,6,0,3,3.994037317112088,11.247560657560824,7.256752958521247,Pape Sarr,Tottenham,EPL,M S,M,True,22.8,32000000.0,2002-09-14,2025-06-30,pape sarr,0.1411395713538944,0.1879055716362195,0.1879055716362195,0.0940930475692629,0.0948020753874728,1.59958180867747,0.7527443805541034,0.5291586299950204,0.3414050006622646,48.68035190615836,35.483870967741936,72.14076246334311,67.15542521994135,83.28445747800586,75.95307917888563,42.08211143695014,69.64809384164224,79.61876832844575,62.991202346041064
569031,2023,20,1022,0,0.5710894772782922,2,1.2406918285414577,15,9,5,0,0,0.5710894772782922,6.796610902994871,5.650862833485007,Umut Tohumcu,Hoffenheim,Bundesliga,M S,M,True,19.9,7000000.0,2004-08-11,2024-06-30,umut tohumcu,0.0,0.0502916369423153,0.0502916369423153,0.1761252446183953,0.1092585758989542,1.3209393346379648,0.7925636007827788,0.5985273789330121,0.4976297994262726,60.12461059190031,35.82554517133956,80.68535825545172,86.6043613707165,34.26791277258567,61.6822429906542,47.97507788161994,83.64485981308411,47.97507788161994,60.45950155763239
569366,2024,29,1863,6,8.739531425759196,5,2.9312736243009567,44,24,9,0,6,7.981754807755351,15.809536406770349,7.308554684743285,Enzo Millot,VfB Stuttgart,Bundesliga,M S,M,True,23.0,35000000.0,2002-07-17,2025-06-30,enzo millot,0.2898550724637681,0.4221995857854684,0.3855920196983261,0.2415458937198067,0.1416074214638143,2.1256038647343,1.1594202898550725,0.7637457201338332,0.3530702746252795,67.44868035190615,60.410557184750736,92.37536656891496,69.20821114369502,97.65395894428153,89.73607038123167,63.92961876832844,80.79178885630499,93.69501466275659,78.76099706744867
569384,2022,15,1108,0,0.5966484770178795,1,0.9095817655324936,9,12,5,0,0,0.5966484770178795,2.959144704043865,2.645480478182435,Lucien Agoume,Troyes,Ligue_1,M S,M,True,21.4,7000000.0,2002-02-09,2023-06-30,lucien agoume,0.0,0.0484642264725714,0.0484642264725714,0.0812274368231047,0.0738829953952386,0.7310469314079422,0.9747292418772564,0.2403637394981479,0.2148855984083205,38.9937106918239,47.79874213836478,18.867924528301888,38.67924528301887,33.33333333333333,25.78616352201258,43.39622641509434,28.77358490566038,29.559748427672954,34.12735849056603
569384,2024,35,2113,1,0.6494429102167487,3,2.382107900455594,10,26,5,1,1,0.6494429102167487,8.198752930387855,6.973515490069985,Lucien Agoume,Sevilla,La_Liga,M S,M,True,23.4,8000000.0,2002-02-09,2025-06-30,lucien agoume,0.0425934690014197,0.0276620264645089,0.0276620264645089,0.1277804070042593,0.1014622390160925,0.4259346900141978,1.1074301940369142,0.3492133287907747,0.2970262158572166,51.90615835777126,58.35777126099707,36.36363636363637,54.54545454545454,12.903225806451612,9.3841642228739,55.131964809384165,45.45454545454545,11.143695014662757,38.54838709677419
569390,2022,31,1677,1,1.997822909615934,4,2.954850767739117,14,27,1,0,1,1.997822909615934,8.850388104096055,4.994659159332514,Julien Ponceau,Lorient,Ligue_1,M S,M,True,22.6,2500000.0,2000-11-28,2023-06-30,julien ponceau,0.0536672629695885,0.1072176874570268,0.1072176874570268,0.2146690518783542,0.1585787531881458,0.7513416815742396,1.449016100178891,0.4749761057654412,0.2680496865473621,79.24528301886792,76.72955974842768,69.18238993710692,56.91823899371069,66.35220125786164,27.358490566037734,77.9874213836478,63.0503144654088,46.855345911949684,63.41981132075471
569598,2022,36,3088,2,2.030650452710688,2,3.252010581083596,42,32,2,2,2,2.030650452710688,14.774477191269398,11.286369399167596,Youssouf Fofana,Monaco,Ligue_1,M S,M,True,24.5,25000000.0,1999-01-10,2023-06-30,youssouf fofana,0.0582901554404145,0.059183465266827,0.059183465266827,0.0582901554404145,0.0947801011326177,1.2240932642487046,0.932642487046632,0.430603286014976,0.3289421133177084,50.0,43.710691823899374,60.37735849056604,71.38364779874213,40.56603773584906,61.32075471698113,46.855345911949684,65.88050314465409,50.94339622641509,54.740566037735846
569598,2023,32,2709,4,5.708632782101631,4,4.075116904452443,52,40,3,0,4,5.708632782101631,17.21247176080942,11.400775265879927,Youssouf Fofana,Monaco,Ligue_1,M S,M,True,25.5,30000000.0,1999-01-10,2024-06-30,youssouf fofana,0.1328903654485049,0.1896555741562003,0.1896555741562003,0.1328903654485049,0.1353859436695163,1.7275747508305648,1.32890365448505,0.571842915641509,0.378763297869765,66.35514018691589,70.09345794392523,78.81619937694704,76.32398753894081,86.91588785046729,78.50467289719626,68.22429906542055,77.57009345794393,82.71028037383178,75.84112149532709
569598,2024,35,2516,1,1.1362495608627796,6,3.525792809203267,36,24,5,0,1,1.1362495608627796,14.933577582240105,11.940524335950611,Youssouf Fofana,AC Milan,Serie_A,M S,M,True,26.5,30000000.0,1999-01-10,2025-06-30,youssouf fofana,0.0357710651828298,0.0406448571055843,0.0406448571055843,0.2146263910969793,0.1261213643991629,1.287758346581876,0.8585055643879173,0.534189977107158,0.4271252743384559,61.29032258064516,44.28152492668622,72.72727272727273,82.40469208211144,22.87390029325513,61.87683284457478,52.785923753665685,77.56598240469208,42.375366568914956,58.3357771260997
570466,2023,29,1099,0,0.3032666565850377,0,0.2647525919601321,7,7,3,0,0,0.3032666565850377,1.6934871384873986,1.3353054719045758,Mateusz Legowski,Salernitana,Serie_A,M S,M,True,21.4,3000000.0,2003-01-29,2024-06-30,mateusz legowski,0.0,0.0248353039969548,0.0248353039969548,0.0,0.0216812859657978,0.5732484076433121,0.5732484076433121,0.1386841150717614,0.1093516764980999,4.361370716510903,15.887850467289718,1.557632398753894,4.984423676012461,14.641744548286603,14.641744548286603,10.12461059190031,3.2710280373831773,14.641744548286603,9.0809968847352
571020,2022,36,2588,10,8.514426482841372,2,4.576554672792554,57,44,6,1,8,7.027870846912265,16.236426129937172,6.456854950636625,Oihan Sancet,Athletic Club,La_Liga,M S,M,True,23.2,30000000.0,2000-04-25,2023-06-30,oihan sancet,0.347758887171561,0.2960967478576984,0.2444004544907665,0.0695517774343122,0.1591537560090146,1.9822256568778984,1.5301391035548686,0.5646361482590206,0.2245428692261577,79.87421383647799,80.18867924528303,83.33333333333334,42.138364779874216,94.33962264150944,89.62264150943396,80.03144654088051,62.73584905660378,91.98113207547169,77.56289308176102
571020,2023,30,2041,4,7.619544181972742,5,5.002125304192305,42,42,3,2,4,6.876266572624445,19.383669286966324,8.901302080601454,Oihan Sancet,Athletic Club,La_Liga,M S,M,True,24.2,35000000.0,2000-04-25,2024-06-30,oihan sancet,0.1763841254287114,0.3359916591756721,0.3032160664067614,0.2204801567858892,0.2205738742661966,1.85203331700147,1.85203331700147,0.8547428886952324,0.3925120956659141,86.6043613707165,85.66978193146417,95.01557632398755,77.25856697819314,95.01557632398755,82.2429906542056,86.13707165109034,86.13707165109034,88.62928348909657,86.8847352024922
571607,2022,27,1224,0,2.226631075143814,2,1.8929376434534788,20,17,2,0,0,2.226631075143814,6.620300171896815,4.467609850689769,Fabio Miretti,Juventus,Serie_A,M S,M,True,19.9,15000000.0,2003-08-03,2023-06-30,fabio miretti,0.0,0.1637228731723392,0.1637228731723392,0.1470588235294117,0.1391865914304028,1.4705882352941178,1.25,0.4867867773453541,0.3285007243154241,71.0691823899371,66.0377358490566,72.0125786163522,71.0691823899371,84.27672955974843,70.12578616352201,68.55345911949685,71.54088050314465,77.20125786163521,72.19339622641509
571607,2024,25,1718,3,3.491154466755688,3,2.238197275437414,24,22,2,0,3,3.491154466755688,6.609325652010739,2.104139558970928,Fabio Miretti,Genoa,Serie_A,M S,M,True,21.9,14000000.0,2003-08-03,2025-06-30,fabio miretti,0.1571594877764842,0.1828893492479697,0.1828893492479697,0.1571594877764842,0.1172513124501555,1.2572759022118742,1.1525029103608846,0.3462394113393285,0.1102284984327028,58.06451612903226,59.82404692082112,35.19061583577713,4.105571847507331,82.11143695014663,59.82404692082112,58.944281524926694,19.64809384164223,70.96774193548387,48.79765395894428
576028,2024,16,934,1,1.9897623993456364,4,2.407982617616653,23,22,3,0,1,1.9897623993456364,9.874508246779442,7.28525160998106,Thiago Almada,Lyon,Ligue_1,M S,M,True,24.2,25000000.0,2001-04-26,2025-06-30,thiago almada,0.0963597430406852,0.1917329935129628,0.1917329935129628,0.3854389721627409,0.2320325862799772,2.21627408993576,2.119914346895075,0.951505077312794,0.7020049731245133,88.85630498533725,92.66862170087975,97.65395894428153,97.36070381231671,84.1642228739003,91.78885630498533,90.7624633431085,97.50733137829911,87.97653958944281,92.28739002932551
580195,2022,33,2234,12,9.34594888612628,10,7.170549068599939,66,52,1,0,12,9.34594888612628,27.62527047097683,15.357557548210025,Jamal Musiala,Bayern Munich,Bundesliga,M S,M,True,20.3,110000000.0,2003-02-26,2023-06-30,jamal musiala,0.4834377797672337,0.3765153982772449,0.3765153982772449,0.4028648164726947,0.2888761934529966,2.658907788719785,2.0948970456580125,1.1129249518298634,0.6187019603128479,96.85534591194968,93.39622641509435,99.68553459119497,97.79874213836479,98.74213836477988,98.11320754716981,95.12578616352201,98.74213836477988,98.42767295597484,97.38207547169812
580195,2023,24,1795,10,8.374677112326026,5,6.257946293801069,58,41,2,0,10,8.374677112326026,24.16584679484368,11.269792128354313,Jamal Musiala,Bayern Munich,Bundesliga,M S,M,True,21.3,120000000.0,2003-02-26,2024-06-30,jamal musiala,0.5013927576601671,0.4199002451862632,0.4199002451862632,0.2506963788300835,0.313768894953814,2.9080779944289694,2.0557103064066853,1.2116580565659785,0.5650592153492413,95.32710280373831,90.03115264797508,99.37694704049844,90.96573208722741,99.37694704049844,97.19626168224299,92.67912772585669,95.17133956386292,98.2866043613707,95.23364485981307
580195,2024,25,1822,12,11.052295371890068,2,5.645927414298058,68,41,3,0,12,11.052295371890068,23.51362369954586,10.554121501743792,Jamal Musiala,Bayern Munich,Bundesliga,M S,M,True,22.3,140000000.0,2003-02-26,2025-06-30,jamal musiala,0.5927552140504939,0.5459421424094985,0.5459421424094985,0.0987925356750823,0.278887742747983,3.358946212952799,2.025246981339188,1.161485254093923,0.5213342124900885,93.54838709677419,90.9090909090909,99.12023460410558,91.49560117302052,99.70674486803519,99.12023460410558,92.22873900293254,95.30791788856305,99.41348973607037,95.46187683284455
580657,2024,30,1251,3,2.7958415150642395,3,3.471310729160905,23,29,1,0,3,2.7958415150642395,10.217228714376688,5.46987983211875,Osame Sahraoui,Lille,Ligue_1,M S,M,True,24.1,12000000.0,2001-06-11,2025-06-30,osame sahraoui,0.2158273381294964,0.201139677342751,0.201139677342751,0.2158273381294964,0.2497345848317197,1.6546762589928057,2.0863309352517985,0.7350524254947258,0.3935165346848021,91.20234604105572,92.37536656891496,91.20234604105572,78.2991202346041,85.63049853372434,78.00586510263929,91.78885630498533,84.75073313782991,81.81818181818181,86.33431085043988
581357,2023,26,2000,2,0.8375998865813017,2,1.7514398954808712,17,14,3,0,2,0.8375998865813017,4.880874862894416,2.865587437525392,Jan Schöppner,FC Heidenheim,Bundesliga,M S,M,True,25.1,3000000.0,1999-06-12,2024-06-30,jan schoppner,0.09,0.0376919948961585,0.0376919948961585,0.09,0.0788147952966392,0.765,0.63,0.2196393688302487,0.1289514346886426,41.43302180685358,21.806853582554517,9.345794392523365,6.5420560747663545,24.610591900311526,26.791277258566975,31.61993769470405,7.94392523364486,25.70093457943925,21.557632398753892
581357,2024,33,2700,4,3.948262576013804,3,2.950019802898169,40,24,8,0,4,3.948262576013804,8.154726142063737,4.036705597303808,Jan Schöppner,FC Heidenheim,Bundesliga,M S,M,True,26.1,4000000.0,1999-06-12,2025-06-30,jan schoppner,0.1333333333333333,0.1316087525337934,0.1316087525337934,0.1,0.0983339934299389,1.3333333333333337,0.8,0.2718242047354579,0.1345568532434602,50.146627565982406,38.70967741935484,17.008797653958943,7.9178885630498534,70.67448680351906,65.39589442815249,44.42815249266862,12.463343108504398,68.03519061583577,40.32258064516129
581678,2022,31,2691,8,8.504038363695145,4,4.233295059762895,65,34,8,0,7,7.74626162648201,24.58158692717552,17.165961924940348,Jude Bellingham,Borussia Dortmund,Bundesliga,M S,M,True,20.0,120000000.0,2003-06-29,2023-06-30,jude bellingham,0.2675585284280936,0.2844159987857907,0.2590722952000672,0.1337792642140468,0.1415817745740098,2.1739130434782608,1.137123745819398,0.8221266530827932,0.5741124389612157,72.95597484276729,57.54716981132076,95.9119496855346,95.59748427672956,95.59748427672956,93.39622641509435,65.25157232704402,95.75471698113208,94.49685534591195,84.70125786163521
581678,2024,31,2510,9,13.084144294261932,8,4.306040400639176,62,43,5,1,8,11.597589049488306,24.68224741518497,15.25862560980022,Jude Bellingham,Real Madrid,La_Liga,M S,M,True,22.0,180000000.0,2003-06-29,2025-06-30,jude bellingham,0.3227091633466135,0.469152584256404,0.4158498065553576,0.2868525896414343,0.1543998550029983,2.223107569721116,1.5418326693227091,0.8850208236520508,0.5471220338175378,73.31378299120234,75.95307917888563,95.30791788856305,92.96187683284457,99.12023460410558,92.37536656891496,74.63343108504398,94.1348973607038,95.74780058651027,87.7932551319648
581781,2023,34,1805,0,0.6150052286684513,1,1.1749551789835095,16,19,3,0,0,0.6150052286684513,4.874503262341023,4.1022844389081,Enzo Loiodice,Las Palmas,La_Liga,M S,M,True,23.6,4000000.0,2000-11-27,2024-06-30,enzo loiodice,0.0,0.0306650806538285,0.0306650806538285,0.0498614958448753,0.058585022774801,0.7977839335180056,0.9473684210526316,0.2430500241610482,0.204546038505113,31.15264797507788,47.66355140186916,16.1993769470405,30.218068535825545,19.314641744548286,28.971962616822427,39.40809968847352,23.20872274143302,24.143302180685357,29.15887850467289
583255,2023,33,2141,8,6.423830641433597,2,3.799709178507328,70,29,7,0,8,6.423830641433597,15.41077795997262,5.712709335610271,Antoine Semenyo,Bournemouth,EPL,M S,M,True,24.5,10000000.0,2000-01-07,2024-06-30,antoine semenyo,0.3362914525922466,0.2700349172017859,0.2700349172017859,0.0840728631480616,0.1597262148835401,2.942550210182158,1.219056515646894,0.6478141132169715,0.2401419150887082,74.76635514018692,63.55140186915887,83.8006230529595,41.74454828660436,94.70404984423676,97.81931464174455,69.1588785046729,62.77258566978193,96.26168224299066,75.05451713395638
584769,2024,21,1374,4,1.512261677533388,6,6.039635524619371,24,37,1,0,4,1.512261677533388,8.58305960521102,3.5590311624109745,Dwight McNeil,Everton,EPL,M S,M,True,25.6,25000000.0,1999-11-22,2025-06-30,dwight mcneil,0.2620087336244541,0.0990564417598289,0.0990564417598289,0.3930131004366812,0.3956093138396967,1.5720524017467248,2.423580786026201,0.5622091444461367,0.2331243119483171,99.41348973607037,96.7741935483871,75.366568914956,35.77712609970675,59.82404692082112,74.34017595307918,98.09384164222874,55.57184750733138,67.08211143695016,73.90762463343108
585973,2022,31,1935,1,1.017426456324756,2,2.453080207109452,19,10,4,0,1,1.017426456324756,10.204815578646958,8.494066906161606,Johann Lepenant,Lyon,Ligue_1,M S,M,True,20.7,10000000.0,2002-10-22,2023-06-30,johann lepenant,0.0465116279069767,0.0473221607592909,0.0473221607592909,0.0930232558139534,0.1140967538190442,0.883720930232558,0.4651162790697674,0.4746425850533469,0.3950728793563538,61.0062893081761,11.635220125786164,68.86792452830188,81.13207547169812,32.075471698113205,33.33333333333333,36.320754716981135,75.0,32.70440251572327,48.77358490566038
585973,2024,29,2064,2,1.9494086122140288,1,1.3845457695424557,20,9,3,0,2,1.9494086122140288,6.8065758012235165,3.7388557083904734,Johann Lepenant,Nantes,Ligue_1,M S,M,True,22.7,6000000.0,2002-10-22,2025-06-30,johann lepenant,0.0872093023255814,0.0850032825093326,0.0850032825093326,0.0436046511627907,0.0603726352998163,0.872093023255814,0.3924418604651162,0.296798363425444,0.1630314989123753,27.56598240469208,7.624633431085044,23.46041055718475,17.302052785923756,51.31964809384164,35.77712609970675,17.59530791788856,20.381231671554254,43.54838709677419,26.356304985337243
592534,2024,31,2307,0,1.5250691939145329,1,0.530756245367229,22,8,10,0,0,1.5250691939145329,6.245415516197681,5.393634403124452,Nicolai Remberg,Holstein Kiel,Bundesliga,M S,M,True,25.0,3000000.0,2000-06-19,2025-06-30,nicolai remberg,0.0,0.0594955472268348,0.0594955472268348,0.0390117035110533,0.0207057052809062,0.8582574772431729,0.3120936280884265,0.2436442984212359,0.2104148661817081,5.571847507331378,4.398826979472141,12.316715542521994,29.91202346041056,37.24340175953079,34.60410557184751,4.9853372434017595,21.114369501466278,35.92375366568915,19.912023460410555
593482,2022,22,1234,1,2.550289196893573,0,2.151951802894473,26,18,1,0,1,2.550289196893573,8.911200556904078,5.306416779756546,Azz-Eddine Ounahi,"Angers,Marseille",Ligue_1,M S,M,True,23.2,12000000.0,2000-04-19,2023-06-30,azz eddine ounahi,0.072933549432739,0.1860016432094178,0.1860016432094178,0.0,0.156949483193276,1.8962722852512155,1.312803889789303,0.6499254863220154,0.38701581051709,77.9874213836478,68.55345911949685,89.62264150943396,78.61635220125787,89.30817610062893,87.42138364779875,73.27044025157232,84.11949685534591,88.36477987421384,81.59591194968553
593482,2023,21,1234,2,0.9383462257683276,0,1.6522557511925695,16,15,3,0,2,0.9383462257683276,5.264179594814777,3.744540598243475,Azz-Eddine Ounahi,Marseille,Ligue_1,M S,M,True,24.2,12000000.0,2000-04-19,2024-06-30,azz eddine ounahi,0.1458670988654781,0.0684369208420984,0.0684369208420984,0.0,0.1205048765051306,1.1669367909238249,1.094003241491086,0.3839353027012399,0.2731026368248888,62.616822429906534,57.476635514018696,47.35202492211838,56.38629283489096,44.54828660436137,49.68847352024922,60.046728971962615,51.86915887850467,47.11838006230529,53.30607476635513
597000,2022,29,2033,1,1.642373476177454,1,0.8461567042395473,28,7,6,0,1,1.642373476177454,3.915235852822661,2.890046799555421,Eric Martel,FC Cologne,Bundesliga,M S,M,True,21.2,9000000.0,2002-04-29,2023-06-30,eric martel,0.0442695523856369,0.0727071386404185,0.0727071386404185,0.0442695523856369,0.0374589785447905,1.2395474667978357,0.3098868666994589,0.1733257386886569,0.1279410781898612,14.465408805031446,3.7735849056603774,5.031446540880504,9.119496855345911,49.37106918238994,62.264150943396224,9.119496855345911,7.0754716981132075,55.81761006289308,22.413522012578614
597000,2023,30,2484,1,2.5668789613991976,1,1.150712525472045,27,12,6,0,1,2.5668789613991976,4.240097777917981,3.29002910014242,Eric Martel,FC Cologne,Bundesliga,M S,M,True,22.2,7500000.0,2002-04-29,2024-06-30,eric martel,0.036231884057971,0.0930028609202607,0.0930028609202607,0.036231884057971,0.0416924828069581,0.9782608695652174,0.4347826086956521,0.1536267310839848,0.1192039529037108,18.06853582554517,7.78816199376947,2.1806853582554515,5.607476635514018,57.3208722741433,38.940809968847354,12.92834890965732,3.894080996884735,48.13084112149532,20.327102803738313
598577,2023,32,2393,11,9.3572720233351,11,8.88662638887763,71,72,3,0,10,8.59949536062777,28.521583795547485,15.226114071905611,Florian Wirtz,Bayer Leverkusen,Bundesliga,M S,M,True,21.2,130000000.0,2003-05-03,2024-06-30,florian wirtz,0.41370664437944,0.3519241463017797,0.3234243971819889,0.41370664437944,0.3342233075633041,2.6702883409945675,2.707898035938153,1.0726880658584512,0.5726495054206038,96.88473520249221,96.26168224299066,98.4423676012461,91.90031152647975,96.88473520249221,95.32710280373831,96.57320872274144,95.17133956386293,96.10591900311526,95.9423676012461
598765,2022,18,1153,1,0.5603582076728344,1,2.087596282362938,13,16,2,0,1,0.5603582076728344,4.116906761191785,1.6743647428229451,Brian Ocampo,Cadiz,La_Liga,M S,M,True,24.0,2000000.0,1999-06-25,2023-06-30,brian ocampo,0.0780572419774501,0.0437400162103686,0.0437400162103686,0.0780572419774501,0.1629520081636291,1.0147441457068516,1.248915871639202,0.3213543872569477,0.1306962938890416,81.44654088050315,65.72327044025157,39.308176100628934,10.69182389937107,29.245283018867923,44.9685534591195,73.58490566037736,25.0,37.106918238993714,45.63679245283019
600041,2024,20,908,0,1.0934456456452608,3,1.2246886799111962,10,10,1,0,0,1.0934456456452608,3.3920855671167374,2.592358149588108,Mattia Felici,Cagliari,Serie_A,M S,M,True,24.2,2800000.0,2001-04-17,2025-06-30,mattia felici,0.0,0.1083811763304774,0.1083811763304774,0.2973568281938326,0.1213898471277617,0.9911894273127754,0.9911894273127754,0.3362199350666369,0.2569517989679843,59.82404692082112,52.785923753665685,32.25806451612903,42.22873900293255,63.049853372434015,42.52199413489736,56.3049853372434,37.24340175953079,52.785923753665685,48.577712609970675
601883,2022,34,2507,1,2.3803958501666784,1,2.0282051162794232,28,27,2,0,1,2.3803958501666784,6.00101482309401,2.8060512747615576,Matheus Nunes,Wolverhampton Wanderers,EPL,M S,M,True,24.8,45000000.0,1998-08-27,2023-06-30,matheus nunes,0.0358994814519345,0.0854549766713207,0.0854549766713207,0.0358994814519345,0.0728115119525919,1.0051854806541682,0.9692859992022336,0.2154333203344479,0.1007357856914799,37.42138364779874,47.16981132075472,11.0062893081761,3.7735849056603774,56.289308176100626,43.710691823899374,42.295597484276726,7.389937106918239,50.0,32.38993710691824
602105,2023,29,1329,1,3.493122511543333,1,3.495804164558649,43,22,5,0,1,3.493122511543333,11.48103859461844,6.454792508855462,Antony,Manchester United,EPL,M S,M,True,24.3,25000000.0,2000-02-24,2024-06-30,antony,0.0677200902934537,0.2365545718878103,0.2365545718878103,0.0677200902934537,0.2367361736721432,2.91196388261851,1.489841986455982,0.7774969702901877,0.4371191315252006,89.40809968847351,75.38940809968847,90.34267912772586,82.55451713395638,92.83489096573209,97.50778816199377,82.39875389408098,86.44859813084112,95.17133956386293,87.64797507788161
602105,2024,17,1372,5,2.7814827393740416,2,4.681491408497095,43,37,2,1,5,2.7814827393740416,9.913269273936749,5.053524797782302,Antony,Real Betis,La_Liga,M S,M,True,25.3,35000000.0,2000-02-24,2025-06-30,antony,0.3279883381924198,0.1824587802796383,0.1824587802796383,0.1311953352769679,0.3070949174670106,2.8206997084548107,2.427113702623907,0.650287343042498,0.3314994400877603,97.0674486803519,97.36070381231671,85.33724340175954,65.98240469208211,81.81818181818183,97.36070381231671,97.21407624633432,75.65982404692082,89.58944281524927,87.38269794721407
602124,2024,35,2636,1,1.3939758026972413,0,1.4734479561448095,26,18,9,0,1,1.3939758026972413,6.815836355090141,4.914733601734042,Alessandro Bianco,"Fiorentina,Monza",Serie_A,M S,M,True,22.7,5000000.0,2002-10-01,2025-06-30,alessandro bianco,0.0341426403641881,0.0475940145078724,0.0475940145078724,0.0,0.0503074036620003,0.8877086494688922,0.6145675265553869,0.2327106494530018,0.1678019818497965,20.234604105571847,23.16715542521994,10.850439882697946,18.475073313782993,29.32551319648094,37.24340175953079,21.700879765395893,14.66275659824047,33.28445747800586,22.712609970674485
607854,2023,69,5682,6,4.507856946438551,1,1.5685449875891209,38,18,13,0,6,4.507856946438551,24.64898112975061,20.294887771829963,Éderson,Atalanta,Serie_A,M S,M,True,25.0,40000000.0,1999-07-07,2024-06-30,ederson,0.0950369588173178,0.0714021691621734,0.0714021691621734,0.0158394931362196,0.0248449575647696,0.6019007391763463,0.2851108764519535,0.3904273674194922,0.3214607355622486,6.5420560747663545,1.8691588785046727,49.84423676012461,67.91277258566979,47.66355140186916,16.510903426791277,4.205607476635514,58.87850467289719,32.087227414330215,31.70560747663551
607854,2024,63,5222,4,4.337195685133338,5,6.88236228749156,39,41,7,1,4,4.337195685133338,28.245591240003705,20.978867769241333,Éderson,Atalanta,Serie_A,M S,M,True,26.0,50000000.0,1999-07-07,2025-06-30,ederson,0.0689391037916507,0.0747505958755267,0.0747505958755267,0.0861738797395633,0.1186159720172808,0.6721562619685943,0.7066258138644197,0.4868064365377889,0.3615660856437609,58.35777126099707,30.498533724340177,62.75659824046921,72.14076246334311,46.33431085043988,21.407624633431084,44.42815249266862,67.44868035190616,33.87096774193548,49.31818181818181
608832,2024,19,970,0,1.1238267552107573,1,1.742141860537231,12,9,2,0,0,1.1238267552107573,3.592243045568466,1.3427801579236984,Merlin Röhl,Freiburg,Bundesliga,M S,M,True,23.0,12000000.0,2002-07-05,2025-06-30,merlin rohl,0.0,0.1042725855350187,0.1042725855350187,0.0927835051546391,0.1616420282972688,1.11340206185567,0.8350515463917526,0.3333009011352185,0.1245878497042606,75.95307917888563,41.935483870967744,30.791788856304986,5.865102639296188,61.58357771260997,49.853372434017594,58.94428152492669,18.328445747800586,55.71847507331378,43.76099706744868
617074,2022,24,978,0,0.9218983240425588,2,1.366196213290095,21,12,4,2,0,0.9218983240425588,5.269978985190392,4.291049154475331,Ilaix Moriba,Valencia,La_Liga,M S,M,True,20.4,4000000.0,2003-01-19,2023-06-30,ilaix moriba,0.0,0.084837269083671,0.084837269083671,0.1840490797546012,0.1257235779101314,1.932515337423313,1.1042944785276074,0.4849673912751895,0.3948818240314722,66.98113207547169,55.660377358490564,71.38364779874213,80.81761006289308,55.34591194968554,88.0503144654088,61.32075471698113,76.1006289308176,71.69811320754717,69.60691823899371
617074,2024,33,2115,1,2.144344466738403,1,2.3155504409223795,34,20,7,1,1,2.144344466738403,10.528111347928643,7.22747259400785,Ilaix Moriba,Celta Vigo,La_Liga,M S,M,True,22.4,6000000.0,2003-01-19,2025-06-30,ilaix moriba,0.0425531914893617,0.0912487007122724,0.0912487007122724,0.0425531914893617,0.0985340613158459,1.4468085106382975,0.851063829787234,0.4480047382097295,0.3075520252769297,50.43988269794721,43.6950146627566,55.42521994134897,58.06451612903226,55.718475073313776,69.79472140762464,47.0674486803519,56.74486803519062,62.7565982404692,55.16129032258064
622988,2023,32,2135,1,1.1978931091725826,4,3.3480407260358334,20,19,4,0,1,1.1978931091725826,7.534912073984742,3.509936761111021,Fran Pérez,Valencia,La_Liga,M S,M,True,21.8,8000000.0,2002-09-09,2024-06-30,fran perez,0.0421545667447306,0.0504966650236685,0.0504966650236685,0.1686182669789227,0.1411352062497541,0.8430913348946136,0.800936768149883,0.3176309539384669,0.1479598634660383,68.84735202492212,36.7601246105919,32.71028037383177,11.526479750778815,34.57943925233645,31.15264797507788,52.80373831775701,22.11838006230529,32.86604361370716,36.08255451713395
624037,2022,35,2447,0,0.3013137923553586,6,3.331535736098885,12,27,4,0,0,0.3013137923553586,8.314840177074075,5.711736628785729,Joris Chotard,Montpellier,Ligue_1,M S,M,True,21.8,9000000.0,2001-09-24,2023-06-30,joris chotard,0.0,0.0110822400130699,0.0110822400130699,0.2206783816918676,0.1225329857984878,0.4413567633837352,0.993052717613404,0.3058175790505381,0.210076132648433,64.46540880503144,49.685534591194966,35.84905660377358,36.16352201257861,5.9748427672955975,11.635220125786164,57.075471698113205,36.00628930817609,8.80503144654088,35.220125786163514
624037,2023,31,2623,0,0.7801956203766167,3,1.7759358156472445,21,15,5,0,0,0.7801956203766167,6.4589342679828405,4.582611739635468,Joris Chotard,Montpellier,Ligue_1,M S,M,True,22.8,10000000.0,2001-09-24,2024-06-30,joris chotard,0.0,0.0267699602874172,0.0267699602874172,0.1029355699580632,0.0609356551308623,0.720548989706443,0.5146778497903165,0.22161802673216,0.1572379171052962,32.087227414330215,12.461059190031152,9.657320872274143,15.264797507788161,15.887850467289718,23.05295950155763,22.274143302180683,12.461059190031152,19.470404984423674,17.998442367601243
624037,2024,26,1908,1,1.5116395968943834,0,0.3835196532309055,19,7,5,0,1,1.5116395968943834,6.168501976877451,4.466396525502205,Joris Chotard,Montpellier,Ligue_1,M S,M,True,23.8,6000000.0,2001-09-24,2025-06-30,joris chotard,0.0471698113207547,0.0713037545704897,0.0713037545704897,0.0,0.018090549680703,0.8962264150943396,0.330188679245283,0.2909670743810119,0.2106790813916134,3.812316715542522,4.9853372434017595,20.821114369501466,30.498533724340177,44.57478005865102,37.82991202346041,4.39882697947214,25.65982404692082,41.20234604105572,22.881231671554254
625047,2024,30,1736,1,0.9114043265581132,0,1.089272540062666,16,10,7,0,1,0.9114043265581132,8.186401395127177,6.995430439710617,Beñat Prados,Athletic Club,La_Liga,M S,M,True,24.4,18000000.0,2001-02-08,2025-06-30,benat prados,0.0518433179723502,0.0472502243031279,0.0472502243031279,0.0,0.0564715026530183,0.8294930875576036,0.5184331797235023,0.4244102105768698,0.3626663246393753,24.926686217008797,14.95601173020528,51.61290322580645,72.72727272727273,29.03225806451613,31.671554252199414,19.941348973607038,62.17008797653959,30.35190615835777,37.84457478005865
625651,2024,18,1441,0,0.6779213137924671,2,0.8731456827372313,4,10,2,0,0,0.6779213137924671,3.598057383671403,2.2631248515099287,Urko Gonzalez,"Espanyol,Real Sociedad",La_Liga,M S,M,True,24.3,5000000.0,2001-03-20,2025-06-30,urko gonzalez,0.0,0.0423406788628189,0.0423406788628189,0.124913254684247,0.0545337345221032,0.2498265093684941,0.6245662734212353,0.2247225291675408,0.1413471454794542,23.75366568914956,24.04692082111437,9.3841642228739,9.3841642228739,24.04692082111437,2.6392961876832843,23.900293255131963,9.3841642228739,13.343108504398828,15.6524926686217
628451,2022,29,2261,1,0.2631778074428439,0,0.5177656905725598,12,16,9,0,1,0.2631778074428439,5.658787712454796,5.163240816444159,Romeo Lavia,Southampton,EPL,M S,M,True,19.5,32000000.0,2004-01-06,2023-06-30,romeo lavia,0.0398053958425475,0.0104758968022361,0.0104758968022361,0.0,0.0206098682669307,0.4776647501105706,0.6368863334807607,0.2252502848832072,0.2055248445289581,5.660377358490567,23.270440251572328,12.578616352201259,35.84905660377358,5.345911949685535,13.20754716981132,14.465408805031448,24.21383647798742,9.276729559748428,16.32075471698113
628834,2023,33,2694,0,2.9617251148447394,0,0.4454032639041543,34,9,4,0,0,2.9617251148447394,4.653666585683823,1.7738110637292266,Danley Jean Jacques,Metz,Ligue_1,M S,M,True,24.1,2000000.0,2000-05-20,2024-06-30,danley jean jacques,0.0,0.0989440461529422,0.0989440461529422,0.0,0.0148798417785352,1.135857461024499,0.3006681514476614,0.1554677033079227,0.0592587215054307,1.8691588785046727,2.4922118380062304,2.4922118380062304,0.6230529595015576,59.50155763239875,47.66355140186916,2.1806853582554515,1.557632398753894,53.58255451713396,17.38317757009346
630995,2023,29,988,0,1.2866828525438905,0,1.013054247945547,18,15,0,0,0,1.2866828525438905,4.859820757061243,2.7596865203231573,Rodrigo Sánchez,Real Betis,La_Liga,M S,M,True,24.1,3000000.0,2000-05-16,2024-06-30,rodrigo sanchez,0.0,0.1172079521548078,0.1172079521548078,0.0,0.0922822695496955,1.6396761133603237,1.3663967611336032,0.4426962228092225,0.251388448207575,50.467289719626166,71.96261682242991,61.37071651090342,48.28660436137071,67.601246105919,76.01246105919003,61.21495327102804,54.82866043613707,71.80685358255451,62.15732087227414
633668,2024,30,992,3,2.881918359547853,1,1.5135211404412985,21,10,2,0,3,2.881918359547853,3.6327195819467306,1.3713714592158794,Giovanni Fabbian,Bologna,Serie_A,M S,M,True,22.5,12000000.0,2003-01-14,2025-06-30,giovanni fabbian,0.2721774193548387,0.2614643672976883,0.2614643672976883,0.0907258064516129,0.1373154260481016,1.9052419354838708,0.907258064516129,0.3295814136846832,0.1244187815820858,65.39589442815249,46.9208211143695,29.91202346041056,5.571847507331378,92.37536656891496,85.33724340175954,56.158357771260995,17.741935483870968,88.85630498533725,52.521994134897355
633992,2023,25,1548,0,0.5182020096108317,1,1.7437881659716368,12,28,3,0,0,0.5182020096108317,5.8787168357521296,4.989643240347505,Enzo Le Fée,Rennes,Ligue_1,M S,M,True,24.4,18000000.0,2000-02-03,2024-06-30,enzo le fee,0.0,0.0301280238145832,0.0301280238145832,0.0581395348837209,0.1013830329053277,0.6976744186046512,1.6279069767441858,0.3417858625437284,0.2900955372295061,55.45171339563863,80.68535825545172,38.31775700934579,60.43613707165109,18.69158878504673,22.429906542056074,68.06853582554517,49.376947040498436,20.560747663551403,47.27414330218068
634131,2023,33,2370,2,2.920883681625128,1,2.4306202111765742,25,26,3,0,1,2.1776060722768307,11.14612780790776,7.546972875483334,Aimar Oroz,Osasuna,La_Liga,M S,M,True,22.6,15000000.0,2001-11-27,2024-06-30,aimar oroz,0.0759493670886076,0.1109196334794352,0.0826939014788669,0.0379746835443038,0.0923020333358192,0.9493670886075948,0.9873417721518988,0.4232706762496618,0.2865939066639241,50.77881619937694,51.4018691588785,56.074766355140184,58.87850467289719,52.336448598130836,36.7601246105919,51.090342679127716,57.47663551401869,44.548286604361365,51.36292834890965
634431,2023,29,1715,0,0.7851970875635743,1,0.4151092208921909,23,9,4,0,0,0.7851970875635743,3.719556420110166,2.728710589930415,Beñat Turrientes,Real Sociedad,La_Liga,M S,M,True,22.4,20000000.0,2002-01-31,2024-06-30,benat turrientes,0.0,0.0412056780645607,0.0412056780645607,0.0524781341107871,0.0217841573646047,1.206997084548105,0.4723032069970845,0.1951953806471807,0.1431976402878935,4.672897196261682,9.345794392523365,5.919003115264798,9.968847352024921,27.102803738317753,53.271028037383175,7.009345794392523,7.94392523364486,40.18691588785046,17.28971962616822
634431,2024,21,933,0,0.3414947632700205,0,0.3740350604057312,7,3,4,0,0,0.3414947632700205,3.690701810643077,3.262913217768073,Beñat Turrientes,Real Sociedad,La_Liga,M S,M,True,23.4,10000000.0,2002-01-31,2025-06-30,benat turrientes,0.0,0.0329416170356932,0.0329416170356932,0.0,0.0360805524507136,0.6752411575562701,0.2893890675241157,0.3560162518305219,0.3147504711673382,14.076246334310852,2.6392961876832843,38.12316715542522,60.70381231671554,17.595307917888565,21.994134897360702,8.357771260997069,49.41348973607038,19.794721407624635,26.158357771260995
636695,2024,23,1640,1,0.9119365168735384,3,1.634875988587737,14,9,2,1,1,0.9119365168735384,14.537989675998688,13.50816598907113,Marc Casadó,Barcelona,La_Liga,M S,M,True,21.8,30000000.0,2003-09-14,2025-06-30,marc casado,0.0548780487804878,0.0500452966576941,0.0500452966576941,0.1646341463414634,0.089718804251766,0.7682926829268293,0.4939024390243902,0.7978165066096841,0.7413017920831718,46.33431085043988,12.903225806451612,93.25513196480938,98.53372434017595,31.671554252199414,27.27272727272727,29.618768328445746,95.89442815249267,29.47214076246334,52.771260997067444
636703,2024,28,1224,6,4.756551628932357,5,4.712301393970847,41,29,4,1,6,4.756551628932357,15.650715451687574,7.853520656004548,Fermín López,Barcelona,La_Liga,M S,M,True,22.1,50000000.0,2003-05-11,2025-06-30,fermin lopez,0.4411764705882353,0.3497464433038498,0.3497464433038498,0.3676470588235294,0.3464927495566799,3.014705882352941,2.1323529411764706,1.1507879008593804,0.5774647541179815,98.82697947214076,92.96187683284457,98.82697947214076,95.30791788856305,96.7741935483871,97.65395894428153,95.89442815249267,97.0674486803519,97.21407624633432,96.70087976539588
638589,2022,26,1120,0,0.2677507055923342,0,0.4198981858789921,7,5,3,0,0,0.2677507055923342,2.4849816551432014,1.8904126640409231,Ángel Algobia,Getafe,La_Liga,M S,M,True,24.0,1500000.0,1999-06-23,2023-06-30,angel algobia,0.0,0.021515681699384,0.021515681699384,0.0,0.0337418185081332,0.5625,0.4017857142857142,0.1996860258597215,0.1519081605032884,11.635220125786164,6.289308176100629,9.119496855345911,15.723270440251572,14.465408805031446,17.452830188679243,8.962264150943398,12.421383647798741,15.959119496855344,12.272012578616351
641537,2022,26,1809,4,2.289933668449521,0,1.853117823600769,33,23,2,0,4,2.289933668449521,4.875221950933337,1.906174630858004,Tommaso Baldanzi,Empoli,Serie_A,M S,M,True,20.3,15000000.0,2003-03-23,2023-06-30,tommaso baldanzi,0.1990049751243781,0.1139270481815682,0.1139270481815682,0.0,0.0921949165970531,1.6417910447761197,1.144278606965174,0.2425483557678277,0.0948345587491544,49.37106918238994,58.490566037735846,19.18238993710692,3.459119496855346,69.49685534591194,80.81761006289308,53.93081761006289,11.320754716981133,75.1572327044025,45.385220125786155
642002,2024,30,1741,0,0.1400149362161755,0,0.5047942474484444,6,10,2,0,0,0.1400149362161755,4.396204272285104,3.9150002412498,Balthazar Pierret,Lecce,Serie_A,M S,M,True,25.1,,2000-05-15,2025-06-30,balthazar pierret,0.0,0.0072379921076713,0.0072379921076713,0.0,0.0260950501265709,0.3101665709362435,0.5169442848937392,0.2272592673783224,0.2023837000071694,6.744868035190615,14.369501466275661,9.970674486803519,27.859237536656888,1.1730205278592376,4.9853372434017595,10.557184750733139,18.914956011730204,3.0791788856304985,11.239002932551319
643574,2024,34,3051,0,0.9100602194666862,0,1.3164740214124322,20,19,3,0,0,0.9100602194666862,9.061351463198662,7.512129879556596,Kaishu Sano,Mainz 05,Bundesliga,M,M,True,24.5,20000000.0,2000-12-30,2025-06-30,kaishu sano,0.0,0.0268454342025571,0.0268454342025571,0.0,0.0388340419295702,0.5899705014749262,0.56047197640118,0.2672965033391935,0.2215967516093391,16.129032258064516,18.475073313782993,16.129032258064516,34.01759530791789,12.316715542521994,18.475073313782993,17.302052785923756,25.0733137829912,15.395894428152493,19.45014662756598
645774,2023,33,2730,10,3.6833908520638943,4,4.120627013035119,49,35,8,0,10,3.6833908520638943,10.54632380232215,4.091179316863418,Eren Sami Dinkci,FC Heidenheim,Bundesliga,M,M,True,22.5,12000000.0,2001-12-13,2024-06-30,eren sami dinkci,0.3296703296703296,0.121430467650458,0.121430467650458,0.1318681318681318,0.1358448465835753,1.6153846153846152,1.1538461538461535,0.3476810044721588,0.1348740434130797,66.66666666666666,59.813084112149525,39.875389408099686,7.78816199376947,69.1588785046729,75.0778816199377,63.23987538940809,23.83177570093458,72.1183800623053,52.11059190031152
645774,2024,23,1189,0,1.0719840787351131,3,2.447374604642391,14,23,1,0,0,1.0719840787351131,6.607374615967274,3.55103687569499,Eren Sami Dinkci,Freiburg,Bundesliga,M S,M,True,23.5,8000000.0,2001-12-13,2025-06-30,eren sami dinkci,0.0,0.0811426131927335,0.0811426131927335,0.2270815811606392,0.1852512316381961,1.0597140454163163,1.740958788898234,0.5001376917048399,0.2687916894975182,81.52492668621701,83.28445747800586,66.27565982404691,44.28152492668622,49.56011730205279,46.62756598240469,82.40469208211144,55.278592375366564,48.09384164222874,62.617302052785924
646658,2022,27,1581,1,3.1262632329016924,1,2.0823801709339023,22,28,3,0,1,3.1262632329016924,9.045833084732294,5.283895339816809,Aaron Ramsey,Nice,Ligue_1,M S,M,True,20.4,5000000.0,2003-01-21,2023-06-30,aaron ramsey,0.0569259962049335,0.1779656489317851,0.1779656489317851,0.0569259962049335,0.1185415657078122,1.252371916508539,1.5939278937381405,0.5149430598519333,0.3007910060616779,62.57861635220125,82.0754716981132,77.04402515723271,65.72327044025157,88.36477987421384,62.893081761006286,72.32704402515722,71.38364779874215,75.62893081761007,72.98742138364778
648195,2022,18,1559,0,0.6178922252729535,2,2.1305470690131187,20,20,3,0,0,0.6178922252729535,8.81558745726943,7.622973386198282,Enzo Fernández,Chelsea,EPL,M,M,True,22.4,80000000.0,2001-01-17,2023-06-30,enzo fernandez,0.0,0.0356704940824668,0.0356704940824668,0.1154586273252084,0.1229950200200004,1.1545862732520846,1.1545862732520846,0.5089178134408266,0.4400690216535249,65.40880503144653,59.11949685534591,75.47169811320755,88.0503144654088,22.32704402515723,54.71698113207547,62.26415094339622,81.76100628930817,38.52201257861635,61.96540880503144
648195,2023,28,2237,3,6.147583088837564,2,3.558830797672272,47,32,7,0,2,4.62524542491883,18.34273999929428,12.553447233512998,Enzo Fernández,Chelsea,EPL,M S,M,True,23.4,75000000.0,2001-01-17,2024-06-30,enzo fernandez,0.1206973625391149,0.2473323549375864,0.1860849746279368,0.0804649083594099,0.1431804970006725,1.8909253464461333,1.2874385337505587,0.7379734465518485,0.5050559906196557,69.78193146417445,67.28971962616822,87.85046728971963,87.53894080996885,85.35825545171339,84.11214953271028,68.53582554517133,87.69470404984423,84.73520249221184,80.10124610591899
648195,2024,36,2941,6,6.133216487243772,7,7.737509123980999,53,77,8,0,6,6.133216487243772,20.848417054861784,10.725481959059834,Enzo Fernández,Chelsea,EPL,M S,M,True,24.4,75000000.0,2001-01-17,2025-06-30,enzo fernandez,0.1836110166609997,0.1876876857708056,0.1876876857708056,0.2142128527711662,0.2367819861129853,1.6218973138388304,2.356341380482829,0.6379998418692828,0.3282194411136978,89.44281524926686,96.18768328445748,83.87096774193549,64.51612903225806,82.99120234604106,76.83284457478005,92.81524926686217,74.19354838709677,79.91202346041055,82.4266862170088
649033,2022,29,1393,0,0.7243451792746782,1,1.0743732042610643,18,15,4,2,0,0.7243451792746782,5.396853872574866,3.76588695961982,Dion Lopy,Reims,Ligue_1,M S,M,True,21.4,4000000.0,2002-02-02,2023-06-30,dion lopy,0.0,0.0467990424513431,0.0467990424513431,0.0646087580760947,0.0694139184375418,1.1629576453697057,0.9691313711414214,0.3486840262252246,0.243309279515997,35.22012578616352,46.855345911949684,45.28301886792453,50.943396226415096,31.446540880503143,55.0314465408805,41.0377358490566,48.113207547169814,43.23899371069182,44.17452830188679
649033,2023,30,1922,0,0.7930335476994514,0,1.030075021088123,23,13,4,0,0,0.7930335476994514,6.641953369602561,5.284824077039957,Dion Lopy,Almeria,La_Liga,M S,M,True,22.4,10000000.0,2002-02-02,2024-06-30,dion lopy,0.0,0.0371347655010148,0.0371347655010148,0.0,0.048234522319423,1.0770031217481788,0.6087408949011447,0.3110175875464258,0.2474683490809553,23.98753894080997,19.626168224299064,30.218068535825545,45.482866043613704,24.299065420560748,43.45794392523364,21.806853582554517,37.850467289719624,33.87850467289719,31.043613707165107
650350,2022,27,1206,0,0.9947666022926568,0,1.0877678226679564,18,11,7,0,0,0.9947666022926568,5.512498332187533,4.055705571547151,Léo Leroy,Montpellier,Ligue_1,M S,M,True,23.4,1200000.0,2000-02-14,2023-06-30,leo leroy,0.0,0.0742363136039296,0.0742363136039296,0.0,0.0811767031841758,1.343283582089552,0.8208955223880597,0.4113804725513085,0.3026645948915784,41.19496855345912,38.36477987421384,55.9748427672956,66.35220125786164,51.257861635220124,66.66666666666666,39.77987421383648,61.16352201257862,58.96226415094339,53.018867924528294
651269,2024,30,1900,5,1.971327550709248,1,2.4431175496429205,25,15,5,0,5,1.971327550709248,8.284323370084167,4.726066544651985,Armin Gigovic,Holstein Kiel,Bundesliga,M S,M,True,23.2,3000000.0,2002-04-06,2025-06-30,armin gigovic,0.2368421052631578,0.0933786734546485,0.0933786734546485,0.0473684210526315,0.1157266207725594,1.1842105263157894,0.7105263157894737,0.3924153175303026,0.2238663100098308,56.01173020527859,31.671554252199414,45.74780058651026,34.60410557184751,57.18475073313783,55.57184750733137,43.841642228739005,40.17595307917888,56.3782991202346,46.319648093841636
651735,2024,31,1860,0,0.8302409574389458,1,1.3867995142936709,11,7,6,0,0,0.8302409574389458,5.43604501336813,3.4258731435984373,Magnus Knudsen,Holstein Kiel,Bundesliga,M S,M,True,24.0,2500000.0,2001-06-15,2025-06-30,magnus knudsen,0.0,0.0401729495534973,0.0401729495534973,0.0483870967741935,0.0671032023045324,0.532258064516129,0.3387096774193548,0.263034436130716,0.1657680553354082,31.671554252199414,5.278592375366569,15.249266862170089,17.888563049853374,22.28739002932551,13.78299120234604,18.475073313782993,16.56891495601173,18.035190615835774,17.675953079178885
654982,2024,32,2242,2,1.4420042671263218,3,4.914181550964713,30,42,4,0,2,1.4420042671263218,7.097214490175247,3.5222754068672657,Bilal El Khannouss,Leicester,EPL,M S,M,True,21.1,28000000.0,2004-05-10,2025-06-30,bilal el khannouss,0.0802854594112399,0.0578859875296025,0.0578859875296025,0.1204281891168599,0.1972686617247208,1.2042818911685995,1.6859946476360392,0.2849015629419145,0.1413937496066253,84.1642228739003,80.64516129032258,19.06158357771261,9.67741935483871,35.77712609970675,56.89149560117303,82.40469208211144,14.369501466275661,46.33431085043989,47.771260997067444
657430,2022,32,1986,1,1.990099716000259,2,0.959862096235156,20,13,5,0,1,1.990099716000259,5.41805680282414,4.992006683722138,Samú Costa,Almeria,La_Liga,M S,M,True,22.6,5000000.0,2000-11-27,2023-06-30,samu costa,0.0453172205438066,0.0901857877341507,0.0901857877341507,0.0906344410876132,0.0434982823067291,0.9063444108761328,0.5891238670694865,0.2455312750524534,0.2262238678423929,18.553459119496853,18.553459119496853,19.81132075471698,43.710691823899374,58.80503144654088,35.22012578616352,18.553459119496853,31.761006289308177,47.0125786163522,31.71383647798742
657430,2023,34,2307,1,1.5485040042549372,1,0.4910073233768344,22,12,8,0,1,1.5485040042549372,4.817893960513175,4.284698486328125,Samú Costa,Mallorca,La_Liga,M S,M,True,23.6,10000000.0,2000-11-27,2024-06-30,samu costa,0.0390117035110533,0.0604097790996724,0.0604097790996724,0.0390117035110533,0.0191550321213329,0.8582574772431729,0.4681404421326398,0.1879542507352344,0.1671533869828917,3.7383177570093453,8.722741433021806,4.361370716510903,16.510903426791277,39.25233644859813,31.464174454828658,6.230529595015575,10.436137071651089,35.35825545171339,16.440809968847347
657430,2024,32,2667,0,2.070507390424609,2,1.747686741873622,30,14,7,1,0,2.070507390424609,6.658713826909661,4.448418968357146,Samú Costa,Mallorca,La_Liga,M S,M,True,24.6,15000000.0,2000-11-27,2025-06-30,samu costa,0.0,0.0698708905655098,0.0698708905655098,0.0674915635545556,0.0589770554063089,1.012373453318335,0.4724409448818897,0.224703503720236,0.1501153757600836,26.97947214076246,11.730205278592376,9.090909090909092,12.609970674486803,42.52199413489736,43.988269794721404,19.354838709677416,10.850439882697948,43.25513196480938,23.548387096774192
659516,2023,25,1456,1,1.0160550205036998,1,0.5501793222501874,17,7,9,0,1,1.0160550205036998,5.249609800055623,3.849331934005022,Warren Bondo,Monza,Serie_A,M S,M,True,20.8,6000000.0,2003-09-15,2024-06-30,warren bondo,0.0618131868131868,0.0628055987948715,0.0628055987948715,0.0618131868131868,0.0340083372270033,1.050824175824176,0.4326923076923077,0.3244951112671745,0.2379394739426181,13.084112149532709,7.476635514018691,33.95638629283489,41.1214953271028,40.49844236760124,41.74454828660436,10.2803738317757,37.53894080996885,41.12149532710281,29.073208722741434
659516,2024,24,1797,0,0.4223553575575351,0,0.3216595239937305,14,6,4,1,0,0.4223553575575351,6.933657519519329,6.372226420789957,Warren Bondo,"AC Milan,Monza",Serie_A,M S,M,True,21.8,10000000.0,2003-09-15,2025-06-30,warren bondo,0.0,0.0211530229160702,0.0211530229160702,0.0,0.0161098259095357,0.7011686143572621,0.3005008347245409,0.3472616453849413,0.3191432264168592,2.0527859237536656,3.519061583577713,35.483870967741936,61.87683284457478,9.3841642228739,23.46041055718475,2.7859237536656893,48.68035190615836,16.422287390029325,22.939882697947212
660867,2024,25,1168,2,2.7400452066212893,3,2.227620951831341,52,18,3,0,2,2.7400452066212893,6.231109814718366,2.7869491232559085,Julio Enciso,"Brighton,Ipswich",EPL,M S,M,True,21.4,22000000.0,2004-01-23,2025-06-30,julio enciso,0.1541095890410959,0.2111336203732157,0.2111336203732157,0.2311643835616438,0.1716488747130314,4.006849315068493,1.386986301369863,0.4801368864080932,0.2147477920317052,78.59237536656892,71.26099706744868,61.87683284457478,32.55131964809384,86.80351906158357,100.0,74.92668621700881,47.21407624633431,93.4017595307918,70.76979472140762
662242,2024,27,1027,1,1.5400639669969678,0,0.7300636917352676,18,10,2,0,1,1.5400639669969678,3.183530825190246,1.189217709004879,Rassoul Ndiaye,Le Havre,Ligue_1,M S,M,True,23.6,2000000.0,2001-12-11,2025-06-30,rassoul ndiaye,0.0876338851022395,0.1349617887339115,0.1349617887339115,0.0,0.0639783176788452,1.5774099318403116,0.8763388510223954,0.2789851745541598,0.104215768072482,29.61876832844575,45.16129032258064,17.888563049853374,3.225806451612903,70.96774193548387,75.0733137829912,37.3900293255132,10.557184750733139,73.02052785923755,38.68768328445748
667287,2024,34,1977,2,2.234291661530733,1,3.114554302766919,28,28,3,0,2,2.234291661530733,10.207828298211098,7.504959750920534,Yasin Ayari,Brighton,EPL,M S,M,True,21.7,22000000.0,2003-10-06,2025-06-30,yasin ayari,0.0910470409711684,0.1017128222244643,0.1017128222244643,0.0455235204855842,0.1417854766054743,1.2746585735963585,1.2746585735963585,0.4646962806469392,0.341652188964516,67.74193548387096,65.10263929618768,58.65102639296188,67.44868035190615,60.997067448680355,60.997067448680355,66.42228739002931,63.049853372434015,60.997067448680355,63.61436950146627
667517,2024,23,1195,0,0.7698334716260433,1,1.593195166438818,17,23,4,0,0,0.7698334716260433,6.49567412212491,5.053157513961196,Jordan James,Rennes,Ligue_1,M S,M,True,21.0,8000000.0,2004-07-02,2025-06-30,jordan james,0.0,0.0579790899132584,0.0579790899132584,0.0753138075313807,0.1199895941250992,1.280334728033473,1.7322175732217573,0.4892139506202861,0.3805725324322239,58.94428152492669,82.99120234604106,63.049853372434015,75.0733137829912,36.070381231671554,61.58357771260997,70.96774193548387,69.06158357771261,48.82697947214076,63.658357771260995
667965,2023,14,1053,0,0.1411428824067115,0,0.2876383680850267,6,8,3,1,0,0.1411428824067115,2.447756426408887,2.1989851035177708,Oussama Targhaline,Le Havre,Ligue_1,M S,M,True,22.1,2500000.0,2002-05-20,2024-06-30,oussama targhaline,0.0,0.0120634942227958,0.0120634942227958,0.0,0.0245844759047031,0.5128205128205129,0.6837606837606838,0.2092099509751185,0.1879474447451086,5.919003115264798,27.725856697819314,7.165109034267912,24.922118380062305,4.984423676012461,12.461059190031152,16.822429906542055,16.043613707165107,8.722741433021806,14.11993769470405
667965,2024,14,997,0,0.157673180103302,0,0.6418087482452393,5,7,0,0,0,0.157673180103302,1.9886683002114296,1.4030463602393866,Oussama Targhaline,Le Havre,Ligue_1,M S,M,True,23.1,4000000.0,2002-05-20,2025-06-30,oussama targhaline,0.0,0.0142332860674996,0.0142332860674996,0.0,0.0579365971334719,0.4513540621865596,0.6318956870611836,0.1795187031284139,0.1266541348260228,25.806451612903224,24.926686217008797,2.0527859237536656,7.038123167155426,6.158357771260997,9.970674486803519,25.366568914956012,4.545454545454546,8.064516129032258,12.888563049853373
667967,2023,32,1868,2,1.6456643836572766,1,1.6516199680045247,20,26,4,0,2,1.6456643836572766,5.330799985677004,2.4047774197533727,Yassine Kechta,Le Havre,Ligue_1,M S,M,True,22.3,5000000.0,2002-02-25,2024-06-30,yassine kechta,0.0963597430406852,0.0792878985702114,0.0792878985702114,0.0481798715203426,0.0795748378588903,0.9635974304068522,1.2526766595289078,0.2568372584105622,0.1158618671187385,42.05607476635514,65.10903426791276,17.75700934579439,5.29595015576324,50.467289719626166,38.006230529595015,53.58255451713395,11.526479750778815,44.23676012461059,36.059190031152646
668547,2023,29,1643,0,0.1750375656411051,0,0.3737841211259365,7,9,6,0,0,0.1750375656411051,5.221752477809787,4.926801485940814,Máximo Perrone,Las Palmas,La_Liga,M S,M,True,21.5,9000000.0,2003-01-07,2024-06-30,maximo perrone,0.0,0.0095881807107117,0.0095881807107117,0.0,0.0204750888017859,0.3834449178332318,0.4930006086427267,0.2860363499713212,0.2698795701367457,4.049844236760125,10.903426791277258,24.610591900311526,55.45171339563863,3.115264797507788,5.29595015576324,7.4766355140186915,40.03115264797508,4.205607476635514,17.889408099688474
668547,2024,26,1866,0,0.9457318838685752,3,1.9598194928839805,10,30,6,0,0,0.9457318838685752,9.632720220834017,7.242648001760244,Máximo Perrone,Como,Serie_A,M S,M,True,22.5,12000000.0,2003-01-07,2025-06-30,maximo perrone,0.0,0.045614078000092,0.045614078000092,0.1446945337620578,0.09452505592688,0.4823151125401929,1.4469453376205788,0.4646006537379751,0.3493238586057995,48.09384164222874,73.31378299120234,58.35777126099707,68.62170087976538,26.392961876832842,11.730205278592376,60.70381231671554,63.48973607038123,19.06158357771261,49.186217008797655
669000,2023,27,1264,1,0.6384662594646215,0,0.6892083361744881,20,10,4,0,1,0.6384662594646215,4.81003750488162,4.056220257654786,Habib Keita,Clermont Foot,Ligue_1,M S,M,True,22.4,1000000.0,2002-02-05,2024-06-30,habib keita,0.0712025316455696,0.0454604140441581,0.0454604140441581,0.0,0.0490733783668543,1.4240506329113924,0.7120253164556962,0.3424868476577103,0.2888131512570654,25.233644859813083,30.218068535825545,38.940809968847354,60.12461059190031,28.971962616822427,68.22429906542055,27.725856697819314,49.532710280373834,48.59813084112149,41.61993769470405
670096,2024,25,1218,1,1.1945595405995846,0,0.7345803249627352,18,7,3,0,1,1.1945595405995846,6.685452917590737,5.700867963954806,Tanner Tessmann,Lyon,Ligue_1,M S,M,True,23.8,6000000.0,2001-09-24,2025-06-30,tanner tessmann,0.0738916256157635,0.0882679463497229,0.0882679463497229,0.0,0.0542793343568523,1.3300492610837438,0.5172413793103449,0.4939989840584288,0.4212464012774487,23.46041055718475,14.66275659824047,65.39589442815249,81.23167155425219,53.95894428152492,65.10263929618768,19.06158357771261,73.31378299120234,59.5307917888563,50.19061583577712
670717,2024,27,1985,1,0.6471306988969445,0,0.4316724920645356,23,13,7,2,1,0.6471306988969445,4.46547017712146,3.756997517310083,Dário Essugo,Las Palmas,La_Liga,M S,M,True,20.3,20000000.0,2005-03-14,2025-06-30,dario essugo,0.0453400503778337,0.0293409384890302,0.0293409384890302,0.0,0.019572052536931,1.0428211586901763,0.5894206549118388,0.2024646427914012,0.1703424567042354,4.69208211143695,20.821114369501466,6.451612903225806,19.64809384164223,14.66275659824047,45.74780058651026,12.756598240469208,13.049853372434018,30.205278592375365,18.09384164222874
671594,2022,26,1161,2,2.9715771675109863,2,2.4399759490042925,26,16,0,0,1,2.211481979116797,6.490700768306851,2.093848032876849,Kamory Doumbia,Reims,Ligue_1,M S,M,True,20.4,2500000.0,2003-02-18,2023-06-30,kamory doumbia,0.1550387596899224,0.2303548191868981,0.1714327115594416,0.1550387596899224,0.1891454224034335,2.0155038759689923,1.2403100775193798,0.5031550983183606,0.1623138009982053,87.73584905660378,64.46540880503144,75.15723270440252,20.125786163522015,86.16352201257862,90.25157232704403,76.1006289308176,47.64150943396227,88.20754716981133,69.77201257861635
671594,2024,30,1317,3,3.75056536309421,2,2.2519246162846684,22,26,1,0,3,3.75056536309421,6.980424685403705,2.206164136528969,Kamory Doumbia,Brest,Ligue_1,M S,M,True,22.4,4000000.0,2003-02-18,2025-06-30,kamory doumbia,0.20501138952164,0.2563028721932262,0.2563028721932262,0.1366742596810934,0.1538900648941686,1.5034168564920274,1.776765375854214,0.4770221880685902,0.1507629250475377,72.72727272727273,85.33724340175954,61.29032258064516,13.196480938416421,91.78885630498533,70.67448680351906,79.03225806451613,37.24340175953079,81.23167155425219,65.06598240469208
671915,2023,36,2836,0,0.504088924266398,1,1.4889122173190117,20,25,10,0,0,0.504088924266398,10.443923195824029,9.522312646731734,Enzo Barrenechea,Frosinone,Serie_A,M S,M,True,23.1,7500000.0,2001-05-22,2024-06-30,enzo barrenechea,0.0,0.0159971802482284,0.0159971802482284,0.0317348377997179,0.0472503877146371,0.6346967559943583,0.7933709449929478,0.3314362086121871,0.3021890473222341,23.05295950155763,36.13707165109034,36.13707165109034,64.17445482866043,8.09968847352025,19.003115264797508,29.595015576323984,50.155763239875384,13.551401869158878,31.97819314641744
671915,2024,30,2245,1,1.2636710880324244,2,0.8316491199657321,16,15,6,0,1,1.2636710880324244,8.320930921472609,7.63057738635689,Enzo Barrenechea,Valencia,La_Liga,M S,M,True,24.1,10000000.0,2001-05-22,2025-06-30,enzo barrenechea,0.0400890868596882,0.0506594200102085,0.0506594200102085,0.0801781737193764,0.0333400538070894,0.6414253897550112,0.6013363028953229,0.3335785224643807,0.3059028796312338,12.316715542521994,22.28739002932551,31.085043988269796,57.478005865102645,32.25806451612903,19.35483870967742,17.302052785923753,44.28152492668622,25.806451612903224,29.296187683284458
678479,2023,26,1626,0,0.3411594768986106,3,0.6191406790167093,12,16,5,0,0,0.3411594768986106,3.4724491965025663,2.839762404561043,Denis Huseinbasic,FC Cologne,Bundesliga,M S,M,True,23.0,4000000.0,2001-07-03,2024-06-30,denis huseinbasic,0.0,0.0188833658799968,0.0188833658799968,0.1660516605166051,0.0342697792813676,0.6642066420664207,0.8856088560885609,0.1922019850462675,0.1571824209166629,13.395638629283487,42.99065420560748,5.607476635514018,14.953271028037381,10.903426791277258,19.937694704049843,28.193146417445483,10.2803738317757,15.42056074766355,18.091900311526476
683840,2024,37,2941,4,2.5104309488087893,5,7.80679078027606,24,70,3,0,4,2.5104309488087893,31.42633649148047,23.62103444710374,Pedri,Barcelona,La_Liga,M S,M,True,22.6,140000000.0,2002-11-25,2025-06-30,pedri,0.1224073444406664,0.0768237964613366,0.0768237964613366,0.153009180550833,0.2389021320043677,0.7344440666439987,2.142128527711663,0.9617035988552336,0.7228470249028687,90.02932551319648,93.25513196480938,97.94721407624634,97.94721407624634,47.214076246334315,25.219941348973606,91.64222873900293,97.94721407624634,36.21700879765396,77.22140762463341
687626,2023,35,2897,1,0.2973291608504951,3,2.49897606484592,13,22,11,0,1,0.2973291608504951,25.048321802169085,23.26216376759112,Moisés Caicedo,Chelsea,EPL,M S,M,True,22.7,75000000.0,2001-11-02,2024-06-30,moises caicedo,0.0310666206420434,0.0092370122459594,0.0092370122459594,0.0931998619261304,0.0776347414001148,0.4038660683465654,0.6834656541249569,0.7781667111478141,0.7226768170808425,39.56386292834891,27.41433021806853,90.65420560747664,97.81931464174455,2.803738317757009,7.78816199376947,33.48909657320872,94.2367601246106,5.29595015576324,46.29283489096573
688707,2022,33,2897,1,1.0311676152050495,1,1.4902279879897833,13,17,6,1,1,1.0311676152050495,14.287533424794674,13.359783820807934,Salis Abdul Samed,Lens,Ligue_1,M,M,True,23.3,18000000.0,2000-03-26,2023-06-30,salis abdul samed,0.0310666206420434,0.0320348931199359,0.0320348931199359,0.0310666206420434,0.0462963475730343,0.4038660683465654,0.5281325509147394,0.4438653808186126,0.4150433358207505,19.49685534591195,15.09433962264151,62.893081761006286,84.27672955974843,21.069182389937108,10.062893081761008,17.29559748427673,73.58490566037736,15.566037735849058,36.477987421383645
688707,2023,27,1510,0,0.8402506019920111,0,0.6497425884008408,5,6,2,0,0,0.8402506019920111,8.304884536191821,6.872539086267352,Salis Abdul Samed,Lens,Ligue_1,M S,M,True,24.3,8000000.0,2000-03-26,2024-06-30,salis abdul samed,0.0,0.0500811617081331,0.0500811617081331,0.0,0.0387263794411097,0.2980132450331126,0.3576158940397351,0.4949931180511681,0.4096215349430872,15.264797507788161,4.672897196261682,70.40498442367601,80.06230529595015,33.64485981308411,3.4267912772585665,9.968847352024921,75.23364485981308,18.53582554517134,35.3816199376947
689505,2023,17,1347,1,1.400701679289341,2,0.4572103656828403,12,8,3,0,1,1.400701679289341,2.722668305039406,2.138847252354026,Johnny Cardoso,Real Betis,La_Liga,M S,M,True,22.8,25000000.0,2001-09-20,2024-06-30,johnny cardoso,0.0668151447661469,0.0935880854759025,0.0935880854759025,0.1336302895322939,0.0305485767716819,0.8017817371937639,0.5345211581291759,0.1819154769514079,0.1429073887987099,10.903426791277258,13.084112149532709,3.4267912772585665,9.657320872274143,57.63239875389408,29.283489096573206,11.993769470404985,6.5420560747663545,43.45794392523364,19.52492211838006
689505,2024,28,2147,3,2.672853760421276,1,0.7338516805320978,19,9,4,0,3,2.672853760421276,8.907193924766034,7.163135649170727,Johnny Cardoso,Real Betis,La_Liga,M S,M,True,23.8,25000000.0,2001-09-20,2025-06-30,johnny cardoso,0.1257568700512343,0.1120432410050837,0.1120432410050837,0.0419189566837447,0.0307622968085183,0.7964601769911505,0.3772706101537028,0.3733802763059818,0.3002711729973756,11.143695014662756,7.038123167155426,41.935483870967744,55.42521994134897,64.51612903225806,29.61876832844575,9.09090909090909,48.68035190615836,47.06744868035191,34.340175953079175
691482,2023,31,1213,1,1.0734277730807662,1,2.0790783083066344,23,24,6,0,1,1.0734277730807662,5.486825512722135,3.577957080677152,Jacopo Fazzini,Empoli,Serie_A,M S,M,True,21.3,6000000.0,2003-03-16,2024-06-30,jacopo fazzini,0.0741962077493817,0.0796442700554566,0.0796442700554566,0.0741962077493817,0.1542597260903521,1.706512778235779,1.7807089859851608,0.4071016456265392,0.2654708468762932,72.89719626168224,84.73520249221184,52.336448598130836,54.51713395638629,50.77881619937694,77.57009345794393,78.81619937694704,53.42679127725856,64.17445482866043,65.53738317757009
692209,2022,35,2229,1,1.8161845924332736,3,1.6023670099675655,17,15,8,0,1,1.8161845924332736,4.975102760829032,3.0367706203833222,Joan Gonzàlez,Lecce,Serie_A,M S,M,True,21.4,6000000.0,2002-02-01,2023-06-30,joan gonzalez,0.0403768506056527,0.0733318139609666,0.0733318139609666,0.1211305518169582,0.0646985333768869,0.686406460296097,0.6056527590847914,0.2008789809217644,0.1226152336628528,32.38993710691824,20.754716981132077,9.433962264150944,7.232704402515723,50.314465408805034,22.32704402515723,26.572327044025158,8.333333333333334,36.320754716981135,23.11320754716981
692209,2023,29,1283,1,1.736732117831707,1,1.3338501080870628,14,15,6,0,1,1.736732117831707,5.520030545070767,3.4242400862276554,Joan Gonzàlez,Lecce,Serie_A,M S,M,True,22.4,4500000.0,2002-02-01,2024-06-30,joan gonzalez,0.0701480904130943,0.1218284416249833,0.1218284416249833,0.0701480904130943,0.0935670379796068,0.9820732657833204,1.0522213561964149,0.3872196017586664,0.2402039031648394,52.024922118380054,55.45171339563863,49.22118380062305,42.05607476635514,69.47040498442367,39.25233644859813,53.73831775700934,45.638629283489095,54.3613707165109,51.090342679127716
692737,2024,15,937,1,1.1507091633975506,0,0.8132021389901638,11,10,3,0,1,1.1507091633975506,3.812397550791502,2.0459428429603577,Aljoscha Kemlein,Union Berlin,Bundesliga,M S,M,True,20.9,7000000.0,2004-08-02,2025-06-30,aljoscha kemlein,0.096051227321238,0.1105270274341297,0.1105270274341297,0.0,0.0781090635102611,1.056563500533618,0.96051227321238,0.3661854637900055,0.1965153210954452,39.002932551319645,49.853372434017594,41.05571847507331,26.392961876832842,63.63636363636363,46.33431085043988,44.428152492668616,33.724340175953074,54.98533724340176,43.84897360703812
707844,2024,30,1852,0,0.0985107105225324,2,1.207997653633356,5,16,4,1,0,0.0985107105225324,6.091869512572885,5.132593246176839,Mandela Keita,Parma Calcio 1913,Serie_A,M S,M,True,23.1,12000000.0,2002-05-10,2025-06-30,mandela keita,0.0,0.0047872375523908,0.0047872375523908,0.0971922246220302,0.0587039896474093,0.2429805615550755,0.7775377969762419,0.2960411750170408,0.2494240778379673,26.392961876832842,36.36363636363637,23.16715542521994,40.17595307917888,0.5865102639296188,2.0527859237536656,31.378299120234605,31.67155425219941,1.3196480938416422,22.463343108504397
709187,2022,36,2713,6,6.019259100779891,4,5.542633295059204,61,44,3,0,6,6.019259100779891,15.79513369873166,5.758142877370119,Nico Williams,Athletic Club,La_Liga,M S,M,True,21.0,30000000.0,2002-07-12,2023-06-30,nico williams,0.1990416513085146,0.199680545178839,0.199680545178839,0.1326944342056763,0.1838691472743562,2.023590121636565,1.45963877626244,0.5239815823390526,0.1910183777970183,87.10691823899371,77.04402515723271,77.67295597484278,30.81761006289308,90.56603773584906,90.88050314465409,82.0754716981132,54.24528301886793,90.72327044025158,74.92924528301887
709187,2023,31,2336,5,6.556464571505785,11,7.37903618440032,56,46,4,1,5,6.556464571505785,20.137821784242988,8.772917037829757,Nico Williams,Athletic Club,La_Liga,M S,M,True,22.0,60000000.0,2002-07-12,2024-06-30,nico williams,0.1926369863013698,0.2526035151693153,0.2526035151693153,0.4238013698630137,0.2842950584743274,2.1575342465753424,1.7722602739726026,0.7758578598381288,0.337997659847893,93.76947040498442,84.42367601246106,90.03115264797508,71.96261682242991,93.76947040498442,89.7196261682243,89.09657320872273,80.99688473520249,91.74454828660436,87.05607476635512
709187,2024,29,1994,5,4.596975972875953,5,4.1709328312426805,55,40,1,0,5,4.596975972875953,13.329007916152475,6.340902808122337,Nico Williams,Athletic Club,La_Liga,M S,M,True,23.0,70000000.0,2002-07-12,2025-06-30,nico williams,0.2256770310932798,0.2074863779131573,0.2074863779131573,0.2256770310932798,0.1882567476488672,2.482447342026078,1.8054162487462384,0.601610186787223,0.286199224037618,82.99120234604106,85.92375366568915,80.35190615835776,50.43988269794721,86.51026392961877,95.60117302052787,84.45747800586511,65.39589442815249,91.05571847507332,79.76539589442815
710677,2023,28,1857,4,1.440973857417703,0,0.120781245175749,23,5,5,0,4,1.440973857417703,4.938536483794451,4.333449829369783,Iker Muñoz,Osasuna,La_Liga,M S,M,True,21.8,5000000.0,2002-09-05,2024-06-30,iker munoz,0.1938610662358643,0.0698371821042505,0.0698371821042505,0.0,0.0058536952427665,1.1147011308562196,0.2423263327948303,0.2393474870982771,0.2100218011003126,0.3115264797507788,1.2461059190031152,14.641744548286603,32.71028037383177,45.794392523364486,45.794392523364486,0.778816199376947,23.676012461059187,45.794392523364486,22.297507788161994
711976,2023,25,1351,1,1.498029014095664,0,1.1004069512709975,28,21,2,0,1,1.498029014095664,8.886315995827317,7.490754822269082,Andy Diouf,Lens,Ligue_1,M S,M,True,21.1,9000000.0,2003-05-17,2024-06-30,andy diouf,0.0666173205033308,0.0997946789552995,0.0997946789552995,0.0,0.0733061625569132,1.865284974093264,1.3989637305699485,0.5919825607879042,0.4990140148069706,36.44859813084112,73.5202492211838,79.75077881619937,86.91588785046729,60.43613707165109,82.86604361370716,54.98442367601246,83.33333333333333,71.65109034267913,69.90654205607477
715628,2024,17,934,0,0.127200037240982,0,0.7659732662141323,4,17,3,0,0,0.127200037240982,6.718720376491547,6.550715155899525,Damián Rodríguez,Celta Vigo,La_Liga,M S,M,True,22.3,,2003-03-17,2025-06-30,damian rodriguez,0.0,0.0122569629033066,0.0122569629033066,0.0,0.0738089871084281,0.3854389721627409,1.6381156316916488,0.6474141690409414,0.6312252291552004,35.77712609970675,79.17888563049853,85.04398826979472,96.48093841642229,4.9853372434017595,6.744868035190615,57.47800586510264,90.76246334310851,5.865102639296188,53.643695014662754
717411,2024,31,1416,0,0.7878594100475311,0,1.025589969009161,9,9,6,0,0,0.7878594100475311,5.0115865878760815,4.212970476597548,Yehor Yarmolyuk,Brentford,EPL,M S,M,True,21.3,15000000.0,2004-03-01,2025-06-30,yehor yarmolyuk,0.0,0.0500758099606481,0.0500758099606481,0.0,0.065185803114989,0.5720338983050848,0.5720338983050848,0.3185330458395815,0.2677735472413696,30.205278592375368,19.35483870967742,26.97947214076246,43.6950146627566,31.964809384164223,17.008797653958943,24.780058651026394,35.33724340175953,24.48680351906158,28.387096774193544
735570,2023,34,2690,2,1.8554088305681944,1,1.327573673799634,26,19,11,0,2,1.8554088305681944,6.302764528430998,4.639164644293487,João Gomes,Wolverhampton Wanderers,EPL,M S,M,True,23.4,35000000.0,2001-02-12,2024-06-30,joao gomes,0.0669144981412639,0.06207687537217,0.06207687537217,0.0334572490706319,0.0444169630639282,0.8698884758364313,0.6356877323420075,0.2108731626612601,0.1552136869837969,20.24922118380062,22.118380062305295,7.78816199376947,14.330218068535824,39.875389408099686,32.087227414330215,21.18380062305296,11.059190031152648,35.981308411214954,22.07943925233645
735570,2024,36,3034,3,2.872034505009651,1,1.199560061097145,35,22,9,1,3,2.872034505009651,13.400589838624,10.574760969728231,João Gomes,Wolverhampton Wanderers,EPL,M S,M,True,24.4,40000000.0,2001-02-12,2025-06-30,joao gomes,0.088991430454845,0.0851954863054939,0.0851954863054939,0.029663810151615,0.0355835219178454,1.0382333553065262,0.6526038233355307,0.3975125528926038,0.3136877018047267,13.48973607038123,27.27272727272727,46.9208211143695,60.117302052785924,51.90615835777126,45.45454545454545,20.38123167155425,53.51906158357771,48.68035190615836,40.469208211143695
741238,2024,31,2620,3,3.523799495771528,2,3.373567247763276,45,31,5,0,3,3.523799495771528,10.518985860049725,4.673843790777028,Omari Hutchinson,Ipswich,EPL,M S,M,True,21.7,22000000.0,2003-10-30,2025-06-30,omari hutchinson,0.1030534351145038,0.1210465475646708,0.1210465475646708,0.0687022900763358,0.1158858978239293,1.545801526717557,1.0648854961832062,0.3613392089330058,0.1605518859427223,56.30498533724341,56.598240469208214,39.589442815249264,16.715542521994134,67.44868035190615,73.02052785923753,56.45161290322581,28.152492668621697,70.23460410557183,50.68181818181817
743496,2024,22,1466,0,0.9946297388523816,0,2.3297908948734403,16,25,1,0,0,0.9946297388523816,6.475489607080817,3.929859349504113,Kévin Danois,Auxerre,Ligue_1,M S,M,True,21.0,8000000.0,2004-06-28,2025-06-30,kevin danois,0.0,0.061061852999123,0.061061852999123,0.0,0.1430294546648087,0.9822646657571624,1.534788540245566,0.397540289657076,0.2412601237758323,68.03519061583577,75.366568914956,47.214076246334315,37.82991202346041,38.12316715542522,41.64222873900293,71.70087976539588,42.52199413489736,39.882697947214076,51.94281524926686
743600,2024,32,2861,10,6.474336503073573,3,3.321616545319557,45,27,8,0,10,6.474336503073573,16.746761897578835,11.464045824483035,Andrey Santos,Strasbourg,Ligue_1,M,M,True,21.2,35000000.0,2004-05-03,2025-06-30,andrey santos,0.3145753233135267,0.2036666498694937,0.2036666498694937,0.094372596994058,0.1044898598667459,1.4155889549108702,0.8493533729465222,0.5268118038385513,0.3606305921717837,53.0791788856305,43.401759530791786,71.26099706744868,71.8475073313783,85.92375366568915,68.62170087976538,48.24046920821114,71.5542521994135,77.27272727272727,65.10997067448679
744149,2023,16,1333,0,0.3555116150528192,3,2.5562784411013126,10,20,2,0,0,0.3555116150528192,6.304625790566206,4.828129124827683,Adam Wharton,Crystal Palace,EPL,M S,M,True,20.4,30000000.0,2004-02-06,2024-06-30,adam wharton,0.0,0.0240030347747589,0.0240030347747589,0.2025506376594148,0.1725919427600286,0.6751687921980495,1.350337584396099,0.4256686580277258,0.3259802109786133,78.50467289719626,70.7165109034268,58.25545171339564,68.84735202492212,14.018691588785046,20.24922118380062,74.61059190031153,63.55140186915888,17.133956386292834,53.49688473520249
744149,2024,20,1337,0,0.3357602218165993,2,3.3524712435901165,13,26,2,0,0,0.3357602218165993,6.537219719961286,5.249624631367624,Adam Wharton,Crystal Palace,EPL,M S,M,True,21.4,45000000.0,2004-02-06,2025-06-30,adam wharton,0.0,0.0226016604065025,0.0226016604065025,0.1346297681376215,0.2256712131062906,0.87509349289454,1.75018698578908,0.4400521875815376,0.3533778734652851,88.56304985337243,83.87096774193549,53.95894428152492,69.79472140762464,10.263929618768328,36.070381231671554,86.21700879765396,61.87683284457478,23.167155425219942,58.78299120234604
745181,2024,21,1008,0,0.3228309992700815,1,0.7810156438499689,8,7,5,1,0,0.3228309992700815,3.901182141155005,3.066309651359916,Soungoutou Magassa,Monaco,Ligue_1,M S,M,True,21.7,12000000.0,2003-10-08,2025-06-30,soungoutou magassa,0.0,0.0288241963634001,0.0288241963634001,0.0892857142857142,0.0697335396294615,0.7142857142857142,0.625,0.3483198340316968,0.2737776474428496,33.137829912023456,24.34017595307918,35.77712609970675,46.04105571847507,14.076246334310852,24.34017595307918,28.739002932551315,40.90909090909091,19.208211143695017,30.139296187683282
745200,2024,32,2419,5,8.28227810189128,10,8.49950610846281,61,47,2,0,4,7.522182982414961,25.27197031117976,11.500962702557445,Maghnes Akliouche,Monaco,Ligue_1,M S,M,True,23.3,45000000.0,2002-02-25,2025-06-30,maghnes akliouche,0.1860272840016535,0.308145940128241,0.2798662539964227,0.3720545680033071,0.3162280073425601,2.2695328648201736,1.7486564696155436,0.940255199671839,0.4278985709922158,97.65395894428153,83.57771260997067,97.0674486803519,82.69794721407625,93.841642228739,92.96187683284457,90.61583577712611,89.88269794721407,93.4017595307918,91.19501466275659
775605,2023,24,1571,0,1.0035561434924605,1,1.7167253606021404,16,16,4,0,0,1.0035561434924605,8.838192000985146,6.901825416833162,Pablo Barrios Rivas,Atletico Madrid,La_Liga,M S,M,True,21.0,25000000.0,2003-06-15,2024-06-30,pablo barrios rivas,0.0,0.0574920769664681,0.0574920769664681,0.057288351368555,0.0983483656614848,0.9166136218968808,0.9166136218968808,0.5063254488151898,0.3953941995639621,54.20560747663551,45.482866043613704,71.96261682242991,77.88161993769471,38.31775700934579,34.57943925233645,49.8442367601246,74.9221183800623,36.44859813084112,54.602803738317746
775605,2024,31,2347,1,1.3707369193434715,4,2.9307284597307444,29,26,4,1,1,1.3707369193434715,17.51480458304286,14.883386809378862,Pablo Barrios Rivas,Atletico Madrid,La_Liga,M S,M,True,22.0,55000000.0,2003-06-15,2025-06-30,pablo barrios rivas,0.0383468257349808,0.0525634097745685,0.0525634097745685,0.1533873029399233,0.1123841335218436,1.112057946314444,0.9970174691095016,0.6716371591281881,0.5707306403255635,55.718475073313776,53.0791788856305,87.3900293255132,94.13489736070382,33.137829912023456,49.56011730205279,54.39882697947213,90.76246334310851,41.34897360703812,63.211143695014655
783094,2024,25,1794,1,0.6214983556419611,0,1.004872465506196,16,16,6,0,1,0.6214983556419611,7.28993059322238,6.03708615526557,Benjamin Bouchouari,Saint-Etienne,Ligue_1,M S,M,True,23.6,5000000.0,2001-11-13,2025-06-30,benjamin bouchouari,0.0501672240802675,0.031178847273008,0.031178847273008,0.0,0.0504116621491402,0.802675585284281,0.802675585284281,0.3657155815997849,0.3028638539430888,20.527859237536656,39.002932551319645,40.76246334310851,56.598240469208214,16.129032258064516,30.205278592375368,29.765395894428153,48.680351906158364,23.167155425219942,34.40615835777126
783396,2022,24,1048,1,1.3855714201927185,1,1.3144555017352104,19,11,1,0,1,1.3855714201927185,7.646084934473038,5.94118722807616,Ramón Terrats,"Girona,Villarreal",La_Liga,M S,M,True,22.7,4000000.0,2000-10-18,2023-06-30,ramon terrats,0.0858778625954198,0.118989912039451,0.118989912039451,0.0858778625954198,0.11288262896581,1.631679389312977,0.9446564885496184,0.6566294313955853,0.5102164604263878,60.062893081761004,44.65408805031446,91.19496855345912,92.76729559748428,70.75471698113208,80.50314465408806,52.35849056603773,91.98113207547169,75.62893081761007,73.2075471698113
785353,2022,25,1041,0,1.5375257385894656,1,1.021996152587235,20,11,1,0,0,1.5375257385894656,3.4814243456348777,1.3788773901760578,Pablo Ibáñez,Osasuna,La_Liga,M S,M,True,24.8,1500000.0,1998-09-20,2023-06-30,pablo ibanez,0.0,0.1329272972843918,0.1329272972843918,0.0864553314121037,0.0883570160738243,1.729106628242075,0.9510086455331412,0.3009876955880298,0.1192113017443277,46.855345911949684,44.9685534591195,34.59119496855346,6.918238993710692,74.21383647798741,82.38993710691824,45.911949685534594,20.754716981132077,78.30188679245282,46.82389937106918
785353,2023,33,1126,1,2.0689656753093004,2,1.3134953267872334,27,12,3,0,1,2.0689656753093004,4.280975911766291,1.9462436437606807,Pablo Ibáñez,Osasuna,La_Liga,M S,M,True,25.8,2500000.0,1998-09-20,2024-06-30,pablo ibanez,0.0799289520426287,0.1653702582396421,0.1653702582396421,0.1598579040852575,0.1049863049829937,2.158081705150977,0.9591474245115452,0.3421739183472168,0.1555612148654185,57.3208722741433,47.97507788161994,38.62928348909657,14.641744548286603,80.06230529595015,90.03115264797508,52.64797507788162,26.635514018691588,85.04672897196261,53.2632398753894
785353,2024,28,1286,1,1.4140569819137454,1,1.2139921113848686,20,6,4,0,1,1.4140569819137454,4.217783071100712,1.8093481920659544,Pablo Ibáñez,Osasuna,La_Liga,M S,M,True,26.8,2000000.0,1998-09-20,2025-06-30,pablo ibanez,0.0699844479004665,0.0989619971790335,0.0989619971790335,0.0699844479004665,0.0849605676707917,1.3996889580093312,0.4199066874027994,0.2951792195949176,0.1266262342814431,43.988269794721404,9.3841642228739,22.28739002932551,6.744868035190615,59.530791788856305,68.03519061583577,26.68621700879765,14.516129032258064,63.78299120234604,33.555718475073306
787618,2023,31,1137,2,2.1189415901899338,3,1.994642379693687,23,24,2,0,2,2.1189415901899338,4.993029025383294,2.265473666600883,Valentín Carboni,Monza,Serie_A,M S,M,True,19.3,15000000.0,2005-03-05,2024-06-30,valentin carboni,0.158311345646438,0.1677262472445858,0.1677262472445858,0.2374670184696569,0.1578872596063604,1.820580474934037,1.899736147757256,0.395226571930076,0.1793250923430778,73.83177570093457,86.29283489096574,51.09034267912772,21.18380062305296,81.61993769470405,80.37383177570094,80.06230529595015,36.13707165109034,80.99688473520249,64.96884735202491
789252,2024,21,1333,1,1.1589803658425808,1,1.495081041008234,11,11,0,0,1,1.1589803658425808,3.533677311614156,1.5043751318007708,Bence Dárdai,Wolfsburg,Bundesliga,M S,M,True,19.4,12000000.0,2006-01-24,2025-06-30,bence dardai,0.0675168792198049,0.0782507373787188,0.0782507373787188,0.0675168792198049,0.1009432060695731,0.7426856714178545,0.7426856714178545,0.238582864250018,0.1015707140750708,51.02639296187683,34.01759530791789,11.730205278592376,2.6392961876832843,47.50733137829912,26.099706744868033,42.521994134897355,7.18475073313783,36.80351906158358,28.43841642228739
792380,2023,19,1226,2,1.344846123829484,2,1.5133820995688438,8,11,6,0,2,1.344846123829484,7.815445501357317,6.840334955602884,Aleksandar Pavlovic,Bayern Munich,Bundesliga,M S,M,True,20.2,30000000.0,2004-05-03,2024-06-30,aleksandar pavlovic,0.1468189233278956,0.0987244299711693,0.0987244299711693,0.1468189233278956,0.1110965652212038,0.5872756933115824,0.8075040783034257,0.5737276469185633,0.502145306691892,60.747663551401864,37.07165109034268,79.43925233644859,87.22741433021807,59.19003115264797,15.887850467289718,48.90965732087227,83.33333333333333,37.53894080996884,57.54672897196261
792380,2024,21,1468,1,0.6988183669745922,0,0.249738996848464,9,7,2,0,1,0.6988183669745922,13.761382356286047,13.515540704131126,Aleksandar Pavlovic,Bayern Munich,Bundesliga,M S,M,True,21.2,55000000.0,2004-05-03,2025-06-30,aleksandar pavlovic,0.0613079019073569,0.0428430878935376,0.0428430878935376,0.0,0.0153109739212273,0.5517711171662125,0.4291553133514986,0.8436814796088176,0.8286094437137612,1.7595307917888565,9.970674486803519,94.13489736070382,99.70674486803519,24.633431085043988,15.249266862170089,5.865102639296188,96.9208211143695,19.941348973607038,41.957478005865106
798929,2024,30,1431,3,1.846869610249996,1,2.1717008724808693,29,21,5,0,3,1.846869610249996,5.020252310670912,2.374197735451162,Gvidas Gineitis,Torino,Serie_A,M S,M,True,21.2,6000000.0,2004-04-15,2025-06-30,gvidas gineitis,0.1886792452830188,0.1161553213993708,0.1161553213993708,0.0628930817610062,0.136584960533388,1.8238993710691824,1.3207547169811322,0.3157391390359064,0.1493206122925259,64.80938416422288,67.30205278592375,26.392961876832842,12.316715542521994,66.86217008797654,82.40469208211144,66.05571847507332,19.354838709677416,74.63343108504398,52.28372434017595
800175,2022,33,1815,1,2.778680534102022,3,2.830851621925831,42,17,6,0,1,2.778680534102022,7.999365082941949,3.289448898285628,Luiz Henrique,Real Betis,La_Liga,M S,M,True,22.5,15000000.0,2001-01-02,2023-06-30,luiz henrique,0.0495867768595041,0.1377858116083647,0.1377858116083647,0.1487603305785124,0.1403728076988015,2.0826446280991733,0.8429752066115702,0.3966627313855512,0.1631131685100311,72.0125786163522,39.937106918238996,53.459119496855344,21.38364779874214,75.78616352201259,92.76729559748428,55.9748427672956,37.42138364779874,84.27672955974843,57.97169811320755
800176,2024,33,2538,0,0.2956870160996914,0,0.8052516058087349,10,18,7,0,0,0.2956870160996914,9.497647654265164,8.866849983111024,André,Wolverhampton Wanderers,EPL,M S,M,True,24.0,28000000.0,2001-07-16,2025-06-30,andre,0.0,0.0104853551808401,0.0104853551808401,0.0,0.0285550214825792,0.3546099290780141,0.6382978723404256,0.3367960161086937,0.3144273043656391,8.797653958944283,25.219941348973606,32.55131964809384,60.410557184750736,3.519061583577713,5.571847507331378,17.008797653958943,46.48093841642229,4.545454545454545,23.585043988269796
807688,2024,29,1529,1,0.8150536147877574,1,0.5170952901244164,9,5,4,0,1,0.8150536147877574,3.8693475667387247,3.167851301841438,Yassin Belkhdim,Angers,Ligue_1,M S,M,True,23.4,1000000.0,2002-02-14,2025-06-30,yassin belkhdim,0.0588620013080444,0.0479756869397633,0.0479756869397633,0.0588620013080444,0.030437263643687,0.5297580117724002,0.2943100065402224,0.2277575415346535,0.186466067472681,10.557184750733137,3.225806451612903,10.263929618768328,23.75366568914956,29.91202346041056,13.48973607038123,6.89149560117302,17.008797653958943,21.700879765395896,14.875366568914956
810895,2024,33,1759,6,6.456658259965479,3,4.817799216136336,62,32,0,0,4,4.9364679688587785,16.728613977320492,8.442925727926195,Ben Seghir,Monaco,Ligue_1,M S,M,True,20.4,28000000.0,2005-02-16,2025-06-30,ben seghir,0.3069926094371802,0.330357727911821,0.2525765305271689,0.1534963047185901,0.2465047921843492,3.172256964184196,1.6372939169982943,0.8559268095274839,0.4319859667500611,90.6158357771261,78.88563049853371,94.42815249266863,83.28445747800586,91.20234604105572,98.53372434017595,84.75073313782991,88.85630498533725,94.86803519061584,89.22287390029325
811779,2023,36,2601,7,9.865097627043724,4,5.915270071476698,100,46,4,0,7,9.865097627043724,18.36983707919717,5.970016654580832,Alejandro Garnacho,Manchester United,EPL,M S,M,True,20.0,45000000.0,2004-07-01,2024-06-30,alejandro garnacho,0.2422145328719723,0.3413528590672569,0.3413528590672569,0.1384083044982699,0.2046806253106123,3.460207612456747,1.5916955017301038,0.6356345010102826,0.2065749707467416,85.04672897196261,78.81619937694704,82.86604361370716,31.15264797507788,97.81931464174455,99.68847352024922,81.93146417445482,57.00934579439252,98.75389408099689,78.25545171339563
813137,2024,28,1198,2,3.067274132743478,1,0.9415066838264464,27,10,7,0,2,3.067274132743478,5.933968747034669,3.9242928493767977,Niccolò Pisilli,Roma,Serie_A,M S,M,True,20.8,13000000.0,2004-09-23,2025-06-30,niccolo pisilli,0.1502504173622704,0.2304296093046018,0.2304296093046018,0.0751252086811352,0.0707308860971453,2.028380634390651,0.7512520868113522,0.445790640428314,0.2948133192353186,34.01759530791789,34.60410557184751,54.54545454545454,53.3724340175953,89.73607038123167,87.68328445747801,34.3108504398827,53.95894428152492,88.70967741935485,57.507331378299114
820374,2023,24,1980,3,0.7737709768116474,1,0.8450042605400085,11,15,3,0,3,0.7737709768116474,5.0805817022919655,3.867461297661066,Kobbie Mainoo,Manchester United,EPL,M,M,True,19.2,50000000.0,2005-04-19,2024-06-30,kobbie mainoo,0.1363636363636363,0.035171408036893,0.035171408036893,0.0454545454545454,0.0384092845700003,0.5,0.6818181818181819,0.230935531922362,0.1757936953482303,14.953271028037381,27.102803738317753,13.084112149532709,19.003115264797508,22.429906542056074,11.838006230529595,21.02803738317757,16.043613707165107,17.133956386292834,18.115264797507784
822959,2024,31,2593,5,2.185795512981713,2,4.426293452270329,51,49,5,0,5,2.185795512981713,11.751291548833253,8.606690591201186,Tom Bischof,Hoffenheim,Bundesliga,M S,M,True,20.0,30000000.0,2005-06-28,2025-06-30,tom bischof,0.1735441573467026,0.075866408086523,0.075866408086523,0.069417662938681,0.1536314734686963,1.7701504049363672,1.700732741997686,0.407873597915539,0.2987281732387608,72.14076246334311,81.23167155425219,49.56011730205279,55.13196480938416,46.9208211143695,80.64516129032258,76.68621700879766,52.34604105571847,63.78299120234604,64.29618768328444
834744,2024,26,1023,0,1.0565010253340006,1,1.204389225691557,10,7,3,0,0,1.0565010253340006,3.3538273815065622,1.111596254631877,Antoniu Roca,Espanyol,La_Liga,M S,M,True,22.8,1800000.0,2002-09-05,2025-06-30,antoniu roca,0.0,0.0929473042815836,0.0929473042815836,0.0879765395894428,0.1059579963951516,0.8797653958944281,0.6158357771260997,0.2950581274052694,0.0977943919030976,54.252199413489734,23.46041055718475,21.994134897360702,2.0527859237536656,56.30498533724341,36.65689149560117,38.856304985337246,12.023460410557185,46.48093841642229,31.752199413489738
855256,2023,23,997,1,0.6420764941722155,1,2.070768877863884,15,22,3,0,1,0.6420764941722155,4.81823368743062,2.62489465624094,Alex Scott,Bournemouth,EPL,M S,M,True,20.9,20000000.0,2003-08-21,2024-06-30,alex scott,0.0902708124373119,0.0579607667758268,0.0579607667758268,0.0902708124373119,0.1869299889746735,1.354062186559679,1.9859578736208627,0.4349458694771874,0.2369513731812283,81.93146417445483,88.47352024922118,59.813084112149525,40.809968847352025,38.62928348909657,63.2398753894081,85.202492211838,50.311526479750775,50.93457943925233,62.71028037383177
855308,2023,21,915,1,1.007412069477141,2,1.9343109894543888,9,12,0,0,1,1.007412069477141,4.284385736100376,1.917312804609537,Arthur Atta,Metz,Ligue_1,M S,M,True,21.5,1000000.0,2003-01-14,2024-06-30,arthur atta,0.0983606557377049,0.0990897117518499,0.0990897117518499,0.1967213114754098,0.1902600973233825,0.8852459016393444,1.180327868852459,0.4214149904361025,0.1885881447156921,83.17757009345794,61.059190031152646,55.45171339563863,25.85669781931464,59.813084112149525,32.71028037383177,72.11838006230529,40.654205607476634,46.261682242990645,53.34890965732087
855308,2024,27,1223,0,1.5434948615729809,1,1.7459386195987463,26,18,5,0,0,1.5434948615729809,4.884303130209446,2.524522189050913,Arthur Atta,Udinese,Serie_A,M S,M,True,22.5,8000000.0,2003-01-14,2025-06-30,arthur atta,0.0,0.1135850674910615,0.1135850674910615,0.0735895339329517,0.1284828092918128,1.9133278822567457,1.3246116107931316,0.3594335909393705,0.1857784112956517,61.87683284457478,67.74193548387096,38.70967741935484,23.16715542521994,65.10263929618768,85.63049853372434,64.80938416422288,30.93841642228739,75.366568914956,56.1217008797654
866246,2024,27,1187,0,0.6092278761789203,1,0.7203583419322968,11,11,3,0,0,0.6092278761789203,5.082979638129473,4.340266279876232,Lucas Bergvall,Tottenham,EPL,M S,M,True,19.4,38000000.0,2006-02-02,2025-06-30,lucas bergvall,0.0,0.0461925095670621,0.0461925095670621,0.075821398483572,0.0546185768946139,0.8340353833192923,0.8340353833192923,0.3853986246264975,0.3290850591313066,24.34017595307918,41.64222873900293,44.57478005865102,65.10263929618768,27.859237536656888,32.25806451612903,32.99120234604106,54.838709677419345,30.05865102639296,39.758064516129025
874066,2023,12,954,0,0.0217242818325757,0,1.0297467429190874,1,12,2,0,0,0.0217242818325757,2.881228821817785,2.644879447761923,Oliver Arblaster,Sheffield United,EPL,M S,M,True,20.5,450000.0,2004-01-08,2024-06-30,oliver arblaster,0.0,0.0020494605502429,0.0020494605502429,0.0,0.0971459191433101,0.0943396226415094,1.1320754716981132,0.2718140397941306,0.2495169290341437,53.89408099688473,58.87850467289719,21.806853582554517,46.728971962616825,0.6230529595015576,0.9345794392523363,56.386292834890966,34.267912772585674,0.7788161993769469,31.962616822429904
876298,2023,26,1978,1,2.1295204116031528,1,0.582101290114224,35,14,4,0,1,2.1295204116031528,4.893152610398829,4.056498377583921,Matteo Prati,Cagliari,Serie_A,M S,M,True,20.5,10000000.0,2003-12-28,2024-06-30,matteo prati,0.0455005055611729,0.0968942553307804,0.0968942553307804,0.0455005055611729,0.0264859029880081,1.5925176946410518,0.6370070778564206,0.2226409175611196,0.184572726988146,8.09968847352025,22.429906542056074,10.2803738317757,23.67601246105919,58.56697819314641,74.14330218068535,15.264797507788161,16.978193146417446,66.35514018691589,31.19158878504673
892221,2024,24,1268,0,0.2050209920853376,0,1.4551474852487445,4,18,5,0,0,0.2050209920853376,6.345577529631555,6.105225531384349,Hugo Sotelo,Celta Vigo,La_Liga,M S,M,True,21.5,4000000.0,2003-12-19,2025-06-30,hugo sotelo,0.0,0.0145519631606312,0.0145519631606312,0.0,0.1032833388583493,0.2839116719242902,1.277602523659306,0.4503958814407255,0.4333361970225484,52.49266862170088,65.39589442815249,56.598240469208214,84.1642228739003,6.451612903225806,3.225806451612903,58.94428152492668,70.38123167155426,4.838709677419354,46.71554252199414
893675,2023,28,1354,3,2.0540283527225256,1,1.2164121214300394,17,12,4,0,3,2.0540283527225256,4.412331238389015,3.3830718714743853,Amir Richardson,Reims,Ligue_1,M S,M,True,22.4,6000000.0,2002-01-24,2024-06-30,amir richardson,0.1994091580502215,0.1365306881425607,0.1365306881425607,0.0664697193500738,0.0808545723254826,1.1299852289512555,0.7976366322008863,0.2932864190952816,0.2248718378380315,43.30218068535825,36.44859813084112,26.479750778816197,36.7601246105919,74.14330218068535,46.728971962616825,39.875389408099686,31.61993769470405,60.43613707165109,43.15420560747663
893675,2024,27,1083,1,1.0827028583735228,1,0.6237350255250931,11,8,6,0,1,1.0827028583735228,3.1449933713302016,2.048963035456836,Amir Richardson,Fiorentina,Serie_A,M S,M,True,23.4,8500000.0,2002-01-24,2025-06-30,amir richardson,0.0831024930747922,0.0899753067900434,0.0899753067900434,0.0831024930747922,0.0518339356392044,0.9141274238227148,0.6648199445983379,0.2613567898612356,0.170273936464557,21.700879765395893,28.445747800586513,14.95601173020528,19.35483870967742,54.83870967741935,38.41642228739003,25.073313782991203,17.15542521994135,46.62756598240469,28.768328445747798
901019,2023,25,1569,1,2.5668053859844804,2,1.0836108047515154,22,16,1,0,1,2.5668053859844804,6.940165674313903,4.416760019958019,Neil El Aynaoui,Lens,Ligue_1,M S,M,True,23.0,8000000.0,2001-07-02,2024-06-30,neil el aynaoui,0.0573613766730401,0.147235490591844,0.147235490591844,0.1147227533460803,0.0621574075383278,1.2619502868068837,0.9177820267686424,0.3980974574176235,0.2533514351792363,32.71028037383177,45.794392523364486,51.71339563862928,48.90965732087228,77.25856697819314,56.38629283489096,39.25233644859813,50.31152647975078,66.82242990654206,51.39408099688473
901019,2024,24,1596,8,4.720273691229522,1,2.05692941043526,19,24,4,0,5,2.4399882974103093,7.76118179038167,5.66588681191206,Neil El Aynaoui,Lens,Ligue_1,M S,M,True,24.0,15000000.0,2001-07-02,2025-06-30,neil el aynaoui,0.4511278195488721,0.2661808472497851,0.1375933250419347,0.056390977443609,0.1159922599869507,1.0714285714285714,1.3533834586466165,0.4376606272771619,0.3195048954085748,57.18475073313783,69.79472140762464,53.0791788856305,62.17008797653959,72.14076246334311,47.80058651026393,63.489736070381234,57.624633431085044,59.97067448680352,60.38123167155425
904662,2024,24,1047,0,1.502646909095347,1,1.4524020813405514,19,16,2,0,0,1.502646909095347,5.196958344429731,3.317083846777677,Louis Mouton,Saint-Etienne,Ligue_1,M S,M,True,23.1,700000.0,2002-06-03,2025-06-30,louis mouton,0.0,0.1291673560826945,0.1291673560826945,0.0859598853868194,0.1248483164476118,1.6332378223495705,1.3753581661891117,0.4467299436472549,0.2851361472874794,60.70381231671554,70.38123167155426,54.83870967741935,49.853372434017594,69.79472140762464,77.12609970674487,65.5425219941349,52.34604105571847,73.46041055718476,63.29912023460411
907813,2024,23,1224,1,2.1962965931743383,2,1.1745108868926764,21,14,3,0,1,2.1962965931743383,4.396219722926617,1.808517053723336,Pablo Marín,Real Sociedad,La_Liga,M S,M,True,22.0,8000000.0,2003-07-03,2025-06-30,pablo marin,0.0735294117647058,0.1614923965569366,0.1614923965569366,0.1470588235294117,0.0863610946244615,1.5441176470588236,1.0294117647058822,0.3232514502151924,0.1329791951267158,44.57478005865102,55.718475073313776,28.152492668621704,7.624633431085044,77.71260997067448,72.72727272727273,50.1466275659824,17.888563049853374,75.2199413489736,46.3782991202346
911328,2023,23,1375,0,1.486546249128878,0,0.8267533173784614,14,13,2,1,0,1.486546249128878,5.888079074211419,3.674834813922644,Mohamed Kaba,Lecce,Serie_A,M S,M,True,22.7,3500000.0,2001-10-27,2024-06-30,mohamed kaba,0.0,0.0973012090338901,0.0973012090338901,0.0,0.0541147625920447,0.9163636363636364,0.850909090909091,0.3854015394029292,0.2405346423658458,28.66043613707165,40.809968847352025,48.598130841121495,42.36760124610592,58.87850467289719,34.26791277258567,34.73520249221184,45.48286604361371,46.57320872274143,42.048286604361365
916920,2024,30,1147,4,3.4805359933525324,2,2.3861435540020466,20,13,2,0,4,3.4805359933525324,7.405812088400125,2.0557235796004534,Shavy Babicka,Toulouse,Ligue_1,M S,M,True,25.1,2500000.0,2000-06-01,2025-06-30,shavy babicka,0.3138622493461203,0.2731022139509398,0.2731022139509398,0.1569311246730601,0.187230095780457,1.5693112467306014,1.020052310374891,0.5811012100749879,0.1613035066818141,82.11143695014663,54.54545454545454,77.12609970674487,17.008797653958943,93.25513196480938,73.90029325513197,68.32844574780059,47.0674486803519,83.57771260997067,65.46187683284458
918969,2023,31,2277,1,1.8555652080103755,4,3.5246365256607533,30,40,3,0,1,1.0954700885340571,4.857310733757913,3.607345405034721,Lamine Camara,Metz,Ligue_1,M S,M,True,20.5,10000000.0,2004-01-01,2024-06-30,lamine camara,0.0395256916996047,0.073342498340331,0.0432992129855358,0.1581027667984189,0.1393136966664329,1.1857707509881423,1.5810276679841897,0.1919885665516962,0.1425828223333881,68.22429906542055,77.88161993769471,5.29595015576324,9.345794392523365,27.41433021806853,51.09034267912772,73.05295950155764,7.320872274143302,39.25233644859813,39.90654205607477
918969,2024,29,2104,2,2.2444400172680616,7,4.86440384760499,25,45,8,1,2,2.2444400172680616,12.08375416137278,8.655269239097834,Lamine Camara,Monaco,Ligue_1,M S,M,True,21.5,22000000.0,2004-01-01,2025-06-30,lamine camara,0.085551330798479,0.096007415187322,0.096007415187322,0.2994296577946768,0.2080781113519244,1.0693916349809884,1.9249049429657796,0.5168906247735505,0.3702349009119796,86.80351906158357,88.26979472140762,68.32844574780059,73.31378299120234,58.35777126099707,47.50733137829912,87.5366568914956,70.82111436950146,52.9325513196481,71.3049853372434
922769,2023,17,1223,1,1.1169020980596542,3,1.546121459454298,13,12,1,0,1,1.1169020980596542,6.223425015807152,4.03523076325655,Lewis Miley,Newcastle United,EPL,M S,M,True,18.2,22000000.0,2006-05-01,2024-06-30,lewis miley,0.0735895339329517,0.0821923048449459,0.0821923048449459,0.2207686017988552,0.1137783576049769,0.9566639411283728,0.8830744071954211,0.4579789463799212,0.2969507511799586,61.37071651090342,42.679127725856695,63.862928348909655,62.30529595015576,52.024922118380054,37.69470404984423,52.02492211838006,63.08411214953271,44.85981308411215,53.74610591900311
924349,2024,24,922,0,1.5646562036126852,0,0.1171914394944906,17,3,0,0,0,1.5646562036126852,2.518975531682372,1.2910603070631623,Issa Doumbia,Venezia,Serie_A,M S,M,True,21.7,,2003-10-16,2025-06-30,issa doumbia,0.0,0.1527321673808478,0.1527321673808478,0.0,0.0114395114474014,1.6594360086767894,0.2928416485900217,0.245886982485264,0.126025409583172,0.5865102639296188,2.932551319648094,12.609970674486803,6.451612903225806,75.95307917888563,78.2991202346041,1.7595307917888563,9.530791788856305,77.12609970674487,27.089442815249267
926694,2024,28,1591,0,0.2179020345211029,2,0.9440235085785388,4,12,7,0,0,0.2179020345211029,6.024250455200672,5.125127360224724,Arthur Vermeeren,RasenBallsport Leipzig,Bundesliga,M S,M,True,20.4,22000000.0,2005-02-07,2025-06-30,arthur vermeeren,0.0,0.0123263250200498,0.0123263250200498,0.1131363922061596,0.0534017069591882,0.2262727844123193,0.6788183532369579,0.3407809811238595,0.289919209566452,22.87390029325513,29.91202346041056,33.137829912023456,51.61290322580645,5.278592375366569,1.1730205278592376,26.392961876832842,42.375366568914956,3.225806451612903,25.0366568914956
931160,2024,14,1146,1,0.3633874543011188,0,0.3757421318441629,15,6,4,0,1,0.3633874543011188,7.660221703350544,7.1488517336547375,Djaoui Cissé,Rennes,Ligue_1,M,M,True,21.4,8000000.0,2004-01-31,2025-06-30,djaoui cisse,0.0785340314136125,0.0285382817513967,0.0285382817513967,0.0,0.0295085443856672,1.1780104712041886,0.4712041884816754,0.6015880918861684,0.5614281466220997,9.67741935483871,11.143695014662756,80.05865102639295,93.54838709677419,13.48973607038123,54.252199413489734,10.410557184750733,86.80351906158357,33.87096774193548,44.18621700879764
931838,2023,29,1883,2,1.0792000703513622,1,1.7924396395683289,10,10,1,0,2,1.0792000703513622,6.495211164467037,4.084836439229548,Hugo Larsson,Eintracht Frankfurt,Bundesliga,M S,M,True,20.0,28000000.0,2004-06-27,2024-06-30,hugo larsson,0.0955921402018056,0.0515815222154129,0.0515815222154129,0.0477960701009028,0.0856715706644448,0.4779607010090281,0.4779607010090281,0.3104455681370331,0.1952391288001377,46.41744548286604,9.968847352024921,29.906542056074763,27.41433021806853,36.44859813084112,10.59190031152648,28.193146417445483,28.66043613707165,23.5202492211838,26.954828660436135
931838,2024,33,2419,3,3.057562686502933,1,1.6888380870223043,21,20,2,0,3,3.057562686502933,15.637109268456696,12.020821401849387,Hugo Larsson,Eintracht Frankfurt,Bundesliga,M S,M,True,21.0,40000000.0,2004-06-27,2025-06-30,hugo larsson,0.1116163704009921,0.1137580164469879,0.1137580164469879,0.0372054568003307,0.0628339924894615,0.781314592806945,0.7441091360066142,0.5817857933696166,0.4472401513709983,29.03225806451613,34.31085043988269,77.71260997067448,85.92375366568915,65.39589442815249,27.859237536656888,31.671554252199414,81.81818181818181,46.62756598240469,53.70967741935483
938729,2024,34,2244,2,1.041112948209047,1,1.5972765255719423,21,24,4,1,2,1.041112948209047,10.448270935565231,8.638248216360807,Mikel Jauregizar,Athletic Club,La_Liga,M S,M,True,21.6,30000000.0,2003-11-13,2025-06-30,mikel jauregizar,0.0802139037433155,0.0417558669067799,0.0417558669067799,0.0401069518716577,0.0640618927368426,0.8422459893048128,0.962566844919786,0.4190482995547553,0.3464538054690163,29.91202346041056,50.43988269794721,50.43988269794721,68.03519061583577,23.75366568914956,33.43108504398827,40.17595307917888,59.23753665689149,28.592375366568916,43.3724340175953
948273,2024,30,1740,0,1.6727460799738765,1,1.3807980883866549,27,12,6,3,0,1.6727460799738765,6.022261788137257,3.702557012438774,Mario Martín,Real Valladolid,La_Liga,M S,M,True,21.3,1500000.0,2004-03-05,2025-06-30,mario martin,0.0,0.086521348964166,0.086521348964166,0.0517241379310344,0.07142059077862,1.396551724137931,0.6206896551724138,0.3114962993864099,0.1915115696089021,34.31085043988269,23.75366568914956,25.806451612903224,25.219941348973606,52.49266862170088,67.44868035190615,29.032258064516128,25.513196480938415,59.97067448680352,37.08211143695014
973085,2023,27,1303,0,0.7727098371833563,0,0.446680839639157,21,8,7,0,0,0.7727098371833563,5.224796708673239,4.549104126170278,Carlos Baleba,Brighton,EPL,M S,M,True,20.5,22000000.0,2004-01-03,2024-06-30,carlos baleba,0.0,0.053372129966617,0.053372129966617,0.0,0.0308528592229655,1.4504988488104371,0.5525709900230238,0.3608838862475759,0.3142128713394665,11.214953271028037,14.330218068535824,42.36760124610592,66.97819314641744,36.7601246105919,70.09345794392523,12.77258566978193,54.67289719626168,53.426791277258566,39.63395638629283
977464,2023,33,2030,2,1.0155868381261826,3,1.9102045139297843,12,34,2,0,1,0.2542880047112703,9.552368685603142,8.295249164104462,Arthur,Fiorentina,Serie_A,M S,M,True,21.3,5000000.0,2003-03-17,2024-06-30,arthur,0.0886699507389162,0.0450260174538701,0.0112738524256228,0.1330049261083744,0.0846888700757047,0.5320197044334976,1.5073891625615763,0.4235040303961984,0.3677696673740894,44.85981308411215,76.01246105919003,56.69781931464174,74.76635514018692,4.672897196261682,13.084112149532709,60.43613707165109,65.73208722741433,8.878504672897195,46.82242990654205
977464,2024,15,943,0,0.2702039405703544,0,0.1782594732940197,6,5,2,0,0,0.2702039405703544,1.3802417162805796,1.2591113429516554,Arthur,Girona,La_Liga,M S,M,True,22.3,7000000.0,2003-03-17,2025-06-30,arthur,0.0,0.0257882870109564,0.0257882870109564,0.0,0.0170130992539361,0.5726405090137858,0.4772004241781548,0.1317303864954954,0.1201696933888112,2.6392961876832843,12.023460410557185,0.2932551319648094,5.278592375366569,11.730205278592376,17.302052785923756,7.331378299120234,2.785923753665689,14.516129032258066,7.895894428152493
982855,2024,28,1849,0,0.1940229153260588,2,1.198390127159655,6,16,4,2,0,0.1940229153260588,5.804689330048859,4.648497930727899,Reda Belahyane,"Lazio,Verona",Serie_A,M S,M,True,21.1,10000000.0,2004-06-01,2025-06-30,reda belahyane,0.0,0.0094440575334479,0.0094440575334479,0.0973499188750676,0.0583315908298371,0.2920497566252028,0.7787993510005409,0.2825430176876135,0.2262654482236403,26.099706744868033,36.65689149560117,18.181818181818183,35.19061583577713,2.6392961876832843,4.105571847507331,31.3782991202346,26.686217008797655,3.3724340175953076,21.33431085043988
1011200,2024,19,1249,1,1.369440147653222,2,1.6665557697415352,16,9,1,1,1,1.369440147653222,4.944672940298915,2.9164337776601315,Junior Mwanga,"Le Havre,Strasbourg",Ligue_1,M S,M,True,22.1,6000000.0,2003-05-11,2025-06-30,junior mwanga,0.0720576461168935,0.0986786335378622,0.0986786335378622,0.144115292233787,0.1200880858901026,1.1529223378702962,0.6485188150520417,0.3563014928958385,0.2101513530739886,59.2375366568915,25.806451612903224,38.41642228739003,29.61876832844575,59.2375366568915,52.19941348973607,42.52199413489736,34.01759530791789,55.71847507331378,43.50439882697947
1016015,2024,22,1224,0,0.6315305065363646,1,0.6004146225750446,11,12,4,0,0,0.6315305065363646,5.425000528804958,4.504856581799686,Ngal&#039;ayel Mukau,Lille,Ligue_1,M S,M,True,20.7,15000000.0,2004-11-03,2025-06-30,ngalayel mukau,0.0,0.0464360666570856,0.0464360666570856,0.0735294117647058,0.0441481340128709,0.8088235294117646,0.8823529411764706,0.3988970977062469,0.3312394545440945,17.888563049853374,45.45454545454545,47.80058651026393,65.6891495601173,28.152492668621704,30.498533724340177,31.671554252199414,56.74486803519062,29.32551319648094,39.74340175953079
1033005,2024,19,1003,1,1.4314221981912851,1,1.62605188973248,23,9,4,0,1,1.4314221981912851,4.223033240064979,1.6803572215139866,Coba da Costa,Getafe,La_Liga,M S,M,True,22.9,3000000.0,2002-07-26,2025-06-30,coba da costa,0.0897308075772681,0.1284426698277324,0.1284426698277324,0.0897308075772681,0.1459069492282385,2.0638085742771684,0.8075772681954139,0.378936183056678,0.1507798105047445,69.50146627565982,39.882697947214076,43.6950146627566,13.48973607038123,69.50146627565982,87.97653958944281,54.692082111436946,28.592375366568916,78.73900293255132,52.771260997067444
1068110,2024,27,1712,1,1.5669959178194404,1,1.0147319920361042,19,8,11,0,1,1.5669959178194404,4.483278463594616,2.8973995316773653,Rabby Nzingoula,Montpellier,Ligue_1,M S,M,True,19.6,2500000.0,2005-11-25,2025-06-30,rabby nzingoula,0.0525700934579439,0.0823771218479846,0.0823771218479846,0.0525700934579439,0.0533445556561036,0.9988317757009344,0.4205607476635514,0.2356863678291562,0.152316564165282,22.58064516129032,9.67741935483871,11.436950146627565,13.78299120234604,50.146627565982406,43.10850439882698,16.129032258064516,12.609970674486803,46.62756598240469,24.04692082111437
1097139,2024,24,1112,0,0.1453191004693508,1,0.9552446156740187,3,5,2,0,0,0.1453191004693508,4.033296465873718,3.430319271981716,Ayyoub Bouaddi,Lille,Ligue_1,M S,M,True,17.7,28000000.0,2007-10-02,2025-06-30,ayyoub bouaddi,0.0,0.0117614379876273,0.0117614379876273,0.0809352517985611,0.0773129634987964,0.2428057553956834,0.4046762589928057,0.3264358650437362,0.2776337540272972,37.82991202346041,8.797653958944283,29.03225806451613,46.62756598240469,4.69208211143695,1.7595307917888565,23.313782991202345,37.82991202346041,3.2258064516129035,22.368035190615835
1178474,2024,24,1317,0,0.6375932982191443,0,0.4133790861815214,14,8,3,1,0,0.6375932982191443,3.436397861689329,2.664161939173937,Amadou Koné,Reims,Ligue_1,M S,M,True,20.1,4000000.0,2005-05-14,2025-06-30,amadou kone,0.0,0.043571296005864,0.043571296005864,0.0,0.0282491402857531,0.9567198177676536,0.5466970387243736,0.2348335668580407,0.1820611803535719,8.504398826979472,17.008797653958943,11.143695014662756,22.28739002932551,25.219941348973606,41.348973607038126,12.756598240469208,16.715542521994134,33.28445747800586,20.300586510263926
1178488,2022,33,2638,0,0.5034467745572329,1,0.9359579710289836,15,12,7,0,0,0.5034467745572329,7.161216028034687,5.986805498600006,Idrissa Gueye,Everton,EPL,M S,M,True,16.8,,2006-09-16,2023-06-30,idrissa gueye,0.0,0.017175970322271,0.017175970322271,0.0341167551175132,0.0319318488978804,0.5117513267626991,0.4094010614101592,0.2443174535720704,0.2042503771319183,10.377358490566039,6.60377358490566,19.49685534591195,34.59119496855346,11.949685534591195,13.836477987421384,8.49056603773585,27.044025157232703,12.89308176100629,16.30503144654088
1178488,2023,25,1930,4,1.66155200637877,0,1.0346810910850763,26,15,8,0,4,1.66155200637877,7.90418847836554,5.927652306854725,Idrissa Gueye,Everton,EPL,M S,M,True,17.8,,2006-09-16,2024-06-30,idrissa gueye,0.1865284974093264,0.0774816997793208,0.0774816997793208,0.0,0.0482493773044854,1.212435233160622,0.6994818652849741,0.3685891000274086,0.2764190194906348,24.299065420560748,29.283489096573206,44.23676012461059,57.63239875389408,50.155763239875384,53.89408099688473,26.79127725856698,50.93457943925233,52.02492211838006,42.811526479750775
1178488,2024,37,3090,0,1.0407873457297685,3,2.416206769645214,27,19,8,0,0,1.0407873457297685,9.350484703667462,7.558115462772548,Idrissa Gueye,Everton,EPL,M S,M,True,18.8,4000000.0,2006-09-16,2025-06-30,idrissa gueye,0.0,0.0303141945358185,0.0303141945358185,0.087378640776699,0.0703749544556858,0.7864077669902912,0.5533980582524272,0.2723442146699261,0.2201392853234722,33.724340175953074,18.181818181818183,17.302052785923756,33.724340175953074,14.95601173020528,28.152492668621704,25.95307917888563,25.513196480938415,21.55425219941349,24.479472140762457
1190411,2024,21,1143,2,2.506282079964876,0,0.3554948009550571,23,9,0,0,2,2.506282079964876,4.386039768345654,2.0090522235259414,Jesús Rodriguez,Real Betis,La_Liga,M S,M,True,19.6,30000000.0,2005-11-21,2025-06-30,jesus rodriguez,0.1574803149606299,0.1973450456665256,0.1973450456665256,0.0,0.0279917166106344,1.811023622047244,0.7086614173228346,0.3453574620744609,0.1581930884666095,8.211143695014663,31.2316715542522,34.89736070381232,16.422287390029325,85.33724340175954,82.11143695014663,19.72140762463343,25.65982404692082,83.72434017595307,41.00073313782991
